name,type,majax,minax,posang,surfbr,hubble,messier,common
IC2,G,0.98,0.32,142,23.45,Sb,,
IC3,G,0.93,0.67,53,23.50,E,,
IC4,G,1.17,0.84,12,23.01,Sc,,
IC5,G,0.99,0.66,9,23.40,E,,
IC6,G,1.23,1.08,146,23.89,E,,
IC7,G,0.90,0.63,174,23.22,S0,,
IC8,G,0.82,0.34,129,23.40,E?,,
IC9,G,0.59,0.46,122,22.88,Sa,,
IC10,G,6.76,6.03,129,24.53,IB,,
IC12,G,0.96,0.32,20,22.93,Sbc,,
IC13,G,1.29,0.53,162,23.53,Sbc,,
IC15,G,0.44,0.38,91,22.85,SBb,,
IC16,G,0.58,0.32,62,23.00,S0-a,,
IC17,G,0.67,0.54,102,23.04,E?,,
IC18,G,1.08,0.41,29,23.62,Sb,,
IC19,G,0.79,0.67,30,23.52,E,,
IC20,G,0.91,0.77,18,23.41,S0,,
IC21,G,0.49,0.45,6,22.96,SBb,,
IC22,G,0.81,0.44,45,23.07,S0,,
IC23,G,0.85,0.77,20,23.52,E,,
IC25,G,0.86,0.44,34,23.68,S0-a,,
IC27,G,0.58,0.34,148,23.37,,,
IC28,G,0.30,0.22,85,,E,,
IC29,G,0.66,0.49,160,23.75,E,,
IC30,G,0.69,0.39,23,23.71,S0-a,,
IC31,G,1.16,0.23,90,23.86,Sab,,
IC32,G,0.62,0.39,1,23.62,S0-a,,
IC33,G,0.78,0.58,123,23.60,,,
IC34,G,2.81,1.05,156,24.32,SBa,,
IC35,G,0.90,0.74,18,23.36,Sc,,
IC36,G,0.31,0.30,60,,,,
IC37,G,0.67,0.38,158,23.37,SBbc,,
IC38,G,0.77,0.57,65,22.93,Sc,,
IC40,G,1.05,0.43,14,23.27,Sb,,
IC41,G,0.71,0.45,162,23.20,,,
IC42,G,0.76,0.53,56,23.25,SABc,,
IC43,G,1.26,1.15,87,23.13,SABc,,
IC46,G,0.80,0.61,82,22.83,E-S0,,
IC47,G,0.41,0.24,100,,,,
IC48,G,1.12,0.92,172,23.01,S0,,
IC49,G,1.28,1.04,77,23.39,SABc,,
IC50,G,1.02,0.87,169,23.71,E,,
IC51,G,1.70,1.11,55,23.63,S0,,
IC52,G,0.95,0.41,96,23.41,Sb,,
IC53,G,0.87,0.62,94,23.75,E-S0,,
IC55,G,0.55,0.28,175,22.14,Sa,,
IC56,G,0.82,0.74,116,23.23,SABc,,
IC57,G,1.03,0.96,10,24.30,S0,,
IC58,G,0.84,0.50,105,23.74,E-S0,,
IC59,RfN,10.00,5.00,,,,,
IC60,G,1.04,0.76,48,24.14,Sc,,
IC61,G,1.34,1.29,175,24.61,S0,,
IC62,G,0.76,0.46,25,22.85,Sbc,,
IC63,HII,10.00,3.00,,,,,
IC64,G,1.03,0.65,148,23.88,S0,,
IC65,G,2.56,0.73,154,23.45,Sbc,,
IC66,G,1.23,0.42,124,23.66,Sa,,
IC69,G,0.76,0.41,71,23.04,SABb,,
IC70,G,0.42,0.24,147,23.65,S0-a,,
IC73,G,0.62,0.48,149,23.23,,,
IC74,G,0.57,0.46,5,23.10,E-S0,,
IC75,G,0.66,0.51,31,22.80,Sb,,
IC76,G,0.81,0.36,116,23.52,S0-a,,
IC77,G,0.52,0.44,90,23.56,S0,,
IC78,G,1.75,0.75,126,24.55,Sa,,
IC79,G,1.24,0.91,158,24.12,E-S0,,
IC80,GPair,1.20,,,,,,
IC80,G,1.50,1.03,83,24.48,E,,
IC80,G,1.50,1.06,50,23.66,E,,
IC81,G,1.17,0.91,145,23.57,E?,,
IC82,G,0.91,0.83,93,23.32,S0,,
IC83,G,0.68,0.45,114,23.20,,,
IC84,G,0.67,0.43,12,23.13,S0-a,,
IC86,G,0.72,0.34,142,23.29,S0-a,,
IC87,G,0.69,0.63,66,23.21,Sbc,,
IC88,G,0.53,0.44,129,23.15,Sbc,,
IC90,G,1.25,1.12,146,24.14,E,,
IC91,G,0.71,0.26,64,24.30,,,
IC93,G,1.21,0.56,171,22.91,Sb,,
IC95,G,0.61,0.50,54,23.72,,,
IC96,G,0.78,0.30,44,22.48,Sbc,,
IC98,G,0.68,0.61,55,23.87,,,
IC99,G,0.58,0.52,54,23.10,Sc,,
IC100,G,1.04,0.77,88,23.36,E-S0,,
IC101,G,1.24,0.59,124,23.76,Sb,,
IC102,G,0.75,0.37,111,23.59,S0-a,,
IC103,G,0.95,0.67,128,23.94,E-S0,,
IC105,G,0.58,0.29,47,23.28,S0-a,,
IC107,G,1.62,1.31,6,24.13,E,,
IC108,G,1.30,0.36,4,23.66,Sc,,
IC109,G,0.76,0.57,70,23.06,S0,,
IC112,G,0.72,0.37,127,21.61,Sd,,
IC113,G,0.35,0.26,160,,,,
IC114,G,1.40,0.56,154,24.91,S0,,
IC115,G,0.76,0.76,80,23.46,E,,
IC116,G,0.87,0.56,125,22.72,Sbc,,
IC118,G,0.72,0.55,31,23.90,E,,
IC119,G,1.19,0.58,77,24.04,S0-a,,
IC120,G,0.92,0.33,138,23.73,S0,,
IC121,G,1.00,0.62,108,22.64,Sbc,,
IC122,G,0.65,0.32,14,23.64,S0-a,,
IC123,G,0.67,0.47,44,23.24,E,,
IC125,G,0.61,0.59,53,23.50,,,
IC126,G,0.89,0.81,30,24.03,,,
IC127,G,1.69,0.45,110,23.47,Sb,,
IC128,G,0.82,0.61,165,23.31,SBc,,
IC129,G,1.23,0.60,63,24.28,S0-a,,
IC130,G,0.75,0.64,27,23.52,S0,,
IC131,HII,0.30,,,,,,
IC132,HII,0.67,0.55,,,,,
IC133,HII,0.45,0.45,,,,,
IC135,HII,0.40,,,,,,
IC136,*Ass,,,,,,,
IC137,*Ass,,,,,,,
IC138,G,1.12,0.74,23,23.37,SABc,,
IC139,*Ass,,,,,,,
IC140,*Ass,,,,,,,
IC141,G,1.23,0.91,5,23.33,Sbc,,
IC142,HII,0.50,,,,,,
IC143,HII,0.30,,,,,,
IC144,G,0.74,0.67,46,24.01,E,,
IC145,G,0.69,0.50,6,23.17,Sb,,
IC147,G,0.76,0.42,58,22.97,Sc,,
IC148,G,1.82,0.57,45,23.07,I,,
IC149,G,1.27,0.41,82,22.82,Sbc,,
IC150,G,0.88,0.50,137,22.99,Sb,,
IC154,G,1.19,0.23,66,22.86,Sb,,
IC156,G,1.51,1.33,105,24.50,Sa,,
IC158,G,0.70,0.53,140,23.74,,,
IC159,G,1.35,0.75,28,23.12,SBb,,
IC160,G,1.28,0.86,85,24.16,E-S0,,
IC161,G,0.90,0.54,67,22.95,S0-a,,
IC162,G,1.32,1.28,85,23.77,S0,,
IC163,G,1.62,0.73,90,23.05,SBd,,
IC164,G,1.58,1.35,167,23.90,E,,
IC166,OCl,7.50,,,,,,
IC167,G,1.60,0.94,107,22.95,Sc,,
IC168,G,1.12,0.39,104,23.46,S0-a,,
IC169,G,0.74,0.51,76,23.77,E-S0,,
IC170,G,0.78,0.60,92,23.59,E,,
IC171,G,2.26,1.90,107,24.18,S0-a,,
IC172,G,0.48,0.37,95,22.24,SBbc,,
IC173,G,0.92,0.72,90,23.35,SBbc,,
IC174,G,1.49,0.99,97,24.10,S0,,
IC175,G,0.52,0.46,9,23.14,,,
IC176,G,1.78,0.38,94,23.57,Sc,,
IC177,G,0.51,0.47,11,22.79,Sbc,,
IC178,G,0.94,0.79,159,22.55,Sab,,
IC179,G,1.12,0.90,111,22.67,E,,
IC180,G,0.83,0.34,150,23.04,Sb,,
IC181,G,0.57,0.49,55,23.43,,,
IC182,G,1.06,0.70,36,23.26,Sb,,
IC183,G,1.19,0.37,98,23.88,S0,,
IC184,G,1.12,0.59,178,23.35,SBa,,
IC185,G,0.79,0.33,82,23.46,Sab,,
IC186,GTrpl,1.10,,,,,,
IC186,G,1.21,0.76,33,23.56,S0,,
IC186,G,0.69,0.47,0,23.74,,,
IC186,G,0.25,0.20,101,,,,
IC187,G,2.23,0.73,70,23.83,Sa,,
IC188,G,0.54,0.28,46,21.27,SABc,,
IC189,G,0.78,0.67,86,23.18,SBc,,
IC190,G,0.25,0.20,95,,E,,
IC192,G,0.95,0.67,148,23.51,S0,,
IC193,G,1.36,0.97,154,23.58,Sc,,
IC194,G,1.85,0.33,14,24.00,Sb,,
IC195,G,1.46,0.72,135,23.63,S0,,
IC196,G,2.47,0.67,9,24.13,Sab,,
IC197,G,1.01,0.53,54,22.69,Sbc,,
IC198,G,1.01,0.56,51,23.21,Sbc,,
IC199,G,1.28,0.56,24,24.07,Sab,,
IC200,G,1.38,1.06,92,23.24,Sb,,
IC201,G,0.54,0.50,60,23.89,,,
IC202,G,1.35,0.36,131,23.81,Sb,,
IC203,G,0.60,0.51,10,24.52,,,
IC204,G,0.55,0.36,155,23.02,Sab,,
IC205,G,0.92,0.82,40,23.21,Sa,,
IC206,G,1.22,0.39,130,23.42,S0,,
IC207,G,1.81,0.45,98,24.43,S0-a,,
IC208,G,1.32,1.13,168,23.93,Sbc,,
IC209,G,1.51,1.03,82,23.09,SBbc,,
IC210,G,2.35,0.65,66,23.44,SBbc,,
IC211,G,1.66,0.76,56,23.29,SABc,,
IC212,G,0.79,0.54,84,23.67,Sbc,,
IC213,G,1.43,1.01,148,24.46,SABb,,
IC214,G,0.58,0.45,65,22.07,Sbc,,
IC215,G,0.84,0.19,78,23.01,Sb,,
IC216,G,0.50,0.32,25,23.14,S0-a,,
IC217,G,2.00,0.45,35,23.76,Sc,,
IC218,G,0.91,0.30,75,23.30,Sbc,,
IC219,G,1.56,1.19,177,24.27,E,,
IC220,G,0.67,0.32,34,22.94,Sb,,
IC221,G,1.54,1.19,16,23.28,Sc,,
IC222,G,0.84,0.65,42,23.36,SABa,,
IC223,G,1.15,0.59,143,22.54,IB,,
IC224,G,0.86,0.59,130,23.16,Sab,,
IC225,G,1.01,0.90,158,23.45,E,,
IC226,G,0.81,0.72,55,23.92,E,,
IC227,G,2.01,1.77,80,25.78,E,,
IC230,G,0.64,0.42,87,23.42,S0-a,,
IC231,G,0.74,0.33,162,23.31,S0,,
IC232,G,1.10,0.67,154,23.42,E,,
IC233,G,0.33,0.26,100,21.68,Sbc,,
IC234,G,0.69,0.35,158,22.81,SBc,,
IC235,G,0.39,0.30,35,21.56,,,
IC236,G,0.74,0.37,23,23.88,S0-a,,
IC237,G,0.54,0.51,11,22.32,SBb,,
IC238,G,1.38,0.79,35,23.54,S0,,
IC239,G,4.25,4.01,75,23.72,SABc,,
IC241,G,0.90,0.59,152,23.12,E-S0,,
IC243,G,1.22,0.70,20,24.22,Sa,,
IC244,G,0.70,0.47,176,22.95,SABc,,
IC245,G,1.11,0.29,25,22.95,Sbc,,
IC246,G,0.69,0.61,48,23.40,S0,,
IC247,G,0.88,0.64,45,22.96,SBbc,,
IC248,G,0.99,0.74,147,22.92,Sa,,
IC250,G,0.91,0.73,178,23.42,SABb,,
IC251,G,0.84,0.74,96,23.41,E,,
IC252,G,1.01,0.62,26,23.86,S0-a,,
IC253,G,0.95,0.74,162,23.46,S0,,
IC254,G,0.26,0.25,55,,,,
IC255,G,0.59,0.40,45,23.19,SABb,,
IC256,G,0.46,0.29,30,,E,,
IC257,G,1.93,1.19,154,24.12,E,,
IC258,G,1.48,1.23,170,25.10,S0-a,,
IC259,G,0.69,0.53,130,23.30,S0,,
IC260,G,1.53,0.75,170,24.64,E,,
IC262,G,2.10,1.74,36,25.05,S0,,
IC263,G,0.65,0.44,168,22.65,S0-a,,
IC264,G,0.50,0.37,28,23.25,E,,
IC265,G,0.71,0.63,60,23.64,E,,
IC266,G,0.74,0.31,136,24.09,S0-a,,
IC267,G,1.86,0.69,170,23.27,Sb,,
IC268,G,0.97,0.55,68,23.63,SABa,,
IC269,G,1.19,0.35,126,24.20,S0-a,,
IC270,G,1.80,1.43,51,24.00,E-S0,,
IC271,G,1.06,0.61,131,23.56,S0-a,,
IC272,G,0.96,0.67,30,23.22,Sbc,,
IC273,G,1.49,0.46,32,23.62,Sa,,
IC275,GTrpl,1.00,,,,,,
IC275,G,0.32,0.23,16,,,,
IC275,G,1.38,1.20,25,24.01,E,,
IC275,G,0.30,0.30,0,,,,
IC276,G,1.67,0.61,62,23.91,S0,,
IC277,G,1.00,0.89,44,22.54,SBbc,,
IC278,G,2.17,2.17,125,25.25,E,,
IC279,G,0.54,0.45,166,22.75,Sbc,,
IC283,G,0.71,0.54,5,22.98,Sc,,
IC284,G,4.29,2.15,14,23.82,Sd,,
IC285,G,1.45,0.36,117,23.45,Sbc,,
IC287,G,0.81,0.59,9,23.37,Sc,,
IC288,G,1.01,0.28,41,22.98,Sab,,
IC289,PN,0.58,,,,,,
IC290,G,1.24,0.32,129,23.74,Sb,,
IC291,G,1.19,0.52,91,23.51,S0-a,,
IC292,G,1.19,0.65,73,22.78,Scd,,
IC293,G,1.05,0.76,108,24.14,S0-a,,
IC294,G,1.49,1.17,106,24.73,S0-a,,
IC298,GPair,0.80,,,,,,
IC298,G,0.54,0.34,35,23.52,,,
IC298,G,0.43,0.33,5,,Sbc,,
IC299,G,0.87,0.68,30,23.87,S0-a,,
IC300,G,0.65,0.60,115,23.98,E,,
IC301,G,1.26,1.11,177,24.09,E,,
IC302,G,1.84,1.20,22,23.34,Sbc,,
IC303,G,0.59,0.46,47,23.56,,,
IC304,G,1.06,0.65,29,23.26,Sb,,
IC305,G,0.79,0.64,74,23.77,E,,
IC306,G,0.71,0.58,79,23.13,SABc,,
IC307,G,1.60,0.60,67,23.89,Sa,,
IC308,G,1.16,0.93,4,24.44,S0,,
IC309,G,1.02,0.95,30,23.54,S0,,
IC310,G,1.50,1.42,25,23.49,S0,,
IC311,G,1.00,1.00,100,24.39,Sb,,
IC312,G,1.19,0.57,125,23.84,E,,
IC313,G,1.26,0.87,42,24.18,E,,
IC315,G,0.68,0.33,45,,S0,,
IC316,GPair,0.80,,,,,,
IC316,G,0.45,0.17,116,22.28,,,
IC316,G,1.06,0.79,64,23.64,S?,,
IC317,G,0.88,0.71,58,22.99,SABc,,
IC318,G,1.08,0.45,134,23.24,Sa,,
IC320,G,1.12,0.91,99,24.02,Sab,,
IC321,G,1.03,0.95,25,23.73,E,,
IC322,G,0.76,0.38,6,23.77,,,
IC325,G,0.83,0.74,80,23.80,Sab,,
IC326,G,1.13,0.84,101,24.21,E-S0,,
IC327,G,0.80,0.47,70,23.18,Sab,,
IC328,G,0.67,0.48,16,22.41,Sc,,
IC329,G,1.00,0.48,63,24.02,E,,
IC330,G,1.02,0.32,73,23.43,SBab,,
IC331,G,0.91,0.91,105,23.51,E,,
IC332,G,0.97,0.50,44,23.81,S0-a,,
IC334,G,2.34,1.85,58,23.06,S?,,
IC335,G,2.62,0.80,83,23.73,S0,,
IC336,Neb,,,,,,,
IC338,G,0.84,0.68,176,23.24,Sc,,
IC340,G,1.61,0.58,90,24.25,S0-a,,
IC341,Neb,134.90,,,,,,
IC342,G,19.77,18.79,0,24.85,SABc,,
IC343,G,1.51,0.66,113,23.67,S0-a,,
IC344,G,0.89,0.47,42,22.89,SBbc,,
IC345,G,0.88,0.73,37,23.18,S0,,
IC346,G,1.95,1.47,69,23.80,S0-a,,
IC347,G,1.37,1.02,138,23.43,S0,,
IC348,Cl+N,10.00,10.00,,,,,omi Per Cloud
IC349,RfN,25.70,,,,,,Barnard's Merope Nebula
IC350,G,1.09,0.79,165,23.45,Sab,,
IC351,PN,0.12,,,,,,
IC352,G,0.70,0.48,119,23.66,S0-a,,
IC353,Neb,181.97,30.20,,,,,
IC354,Neb,128.82,,,,,,
IC355,G,0.67,0.56,161,23.21,Sc,,
IC356,G,4.02,3.73,90,23.27,Sb,,
IC357,G,0.94,0.61,147,22.90,SBb,,
IC358,G,1.18,0.28,63,24.19,S0,,
IC359,G,1.30,1.30,105,24.84,E,,
IC359,RfN,15.00,10.00,,,,,
IC360,Neb,180.00,100.00,,,,,
IC361,OCl,7.20,,,,,,
IC362,G,1.77,1.03,5,24.24,E,,
IC363,G,0.33,0.31,25,,E,,
IC364,G,0.78,0.49,72,23.49,S0-a,,
IC365,G,0.88,0.56,34,23.30,S0-a,,
IC366,G,0.34,0.20,20,22.13,E,,
IC367,G,1.74,0.61,140,24.31,E-S0,,
IC368,G,0.99,0.83,164,23.59,S0,,
IC369,G,0.76,0.76,35,23.53,S0,,
IC370,G,0.99,0.89,123,23.57,Sc,,
IC372,G,0.97,0.45,30,23.93,S0-a,,
IC373,G,0.98,0.76,109,23.59,S0-a,,
IC374,G,0.23,0.19,80,21.33,S0-a,,
IC375,G,0.82,0.54,59,23.27,SBb,,
IC376,G,0.59,0.48,50,23.65,,,
IC377,G,1.00,0.83,99,23.70,E,,
IC378,G,0.79,0.48,69,23.71,E-S0,,
IC379,G,0.93,0.82,35,23.33,SABb,,
IC380,G,0.76,0.46,75,23.06,SABb,,
IC382,G,1.99,1.18,173,23.33,SABc,,
IC383,G,0.63,0.56,36,23.35,E-S0,,
IC384,G,0.49,0.48,94,,E,,
IC385,G,1.15,0.58,107,24.19,S0,,
IC387,G,1.60,1.11,84,23.32,SABc,,
IC388,GPair,1.00,,,,,,
IC388,G,0.54,0.44,54,23.53,,,
IC388,G,0.89,0.40,10,24.37,E,,
IC389,G,1.09,0.82,20,23.82,E-S0,,
IC390,G,1.14,0.40,35,24.34,S0-a,,
IC391,G,1.39,1.33,25,22.41,Sc,,
IC392,G,1.45,1.00,168,23.01,S0,,
IC393,G,0.81,0.77,7,23.30,E,,
IC396,G,2.38,1.45,86,23.22,Sbc,,
IC398,G,1.18,0.34,2,,SBbc,,
IC399,G,0.54,0.45,81,22.71,IAB,,
IC400,G,1.55,0.17,117,,,,
IC401,G,1.75,0.58,55,23.16,SBb,,
IC402,G,1.26,0.56,146,22.96,SABc,,
IC404,G,0.73,0.53,130,,S0-a,,
IC405,Neb,50.00,30.00,,,,,Flaming Star Nebula
IC407,G,1.93,0.36,164,,Sc,,
IC408,G,1.95,0.97,162,24.02,S0,,
IC409,GPair,0.95,0.72,19,23.63,E,,
IC410,Neb,40.00,30.00,,,,,
IC411,G,1.36,1.00,129,23.53,S0,,
IC412,G,1.17,0.65,0,23.35,Sab,,
IC413,G,1.08,0.80,140,23.58,S0,,
IC414,G,0.60,0.44,140,22.63,E,,
IC415,G,0.76,0.58,148,,,,
IC416,G,1.41,0.70,71,,SBc,,
IC417,HII,13.00,10.00,,,,,
IC418,PN,0.20,,,,,,
IC420,Neb,6.03,,,,,,
IC421,G,2.96,2.22,108,,Sbc,,
IC422,G,1.04,0.93,130,,E,,
IC423,Neb,6.00,3.50,90,,,,
IC424,Neb,2.50,1.70,,,,,
IC426,Neb,10.00,3.00,,,,,
IC427,Neb,,,,,,,
IC428,Neb,,,,,,,
IC429,Neb,,,,,,,
IC430,Neb,10.96,,,,,,
IC431,RfN,8.00,5.00,,,,,
IC432,RfN,10.00,10.00,,,,,
IC433,G,1.42,1.12,138,,E,,
IC434,HII,90.00,30.00,,,,,Flame Nebula/Orion B
IC435,RfN,3.98,3.02,,,,,
IC437,G,0.97,0.46,7,23.39,Sa,,
IC438,G,2.80,1.82,63,23.70,SABc,,
IC440,G,1.77,1.00,36,23.80,Sb,,
IC441,G,1.22,1.13,40,23.50,Sc,,
IC442,G,1.25,1.25,5,23.25,S0-a,,
IC443,SNR,50.00,40.00,,,,,Gem A
IC444,RfN,8.00,4.00,,,,,
IC445,G,0.87,0.70,20,22.81,S0,,
IC446,Cl+N,5.00,4.00,,,,,
IC447,HII,25.00,20.00,,,,,
IC448,HII,15.00,10.00,,,,,
IC449,G,1.77,1.34,83,23.80,E,,
IC450,G,1.38,0.80,130,24.32,S0-a,,
IC451,G,1.34,1.07,144,23.97,SABb,,
IC454,G,1.69,0.88,138,23.97,SBab,,
IC455,G,1.06,0.65,78,23.12,S0,,
IC456,G,2.33,1.60,4,23.60,S0,,
IC458,G,0.90,0.39,173,22.84,E-S0,,
IC459,G,0.59,0.49,1,23.38,,,
IC460,G,0.85,0.49,178,23.77,,,
IC461,G,0.63,0.48,36,23.38,,,
IC463,G,0.28,0.20,95,,,,
IC464,G,0.80,0.37,60,23.07,E,,
IC466,HII,1.00,,,,,,
IC467,G,1.99,0.94,73,22.80,SABc,,
IC469,G,2.35,0.91,88,23.47,SABa,,
IC471,G,0.66,0.66,23,22.20,E,,
IC472,G,1.61,1.15,166,23.83,Sb,,
IC474,G,1.27,0.40,113,23.88,S0-a,,
IC475,G,0.75,0.45,133,22.70,Sa,,
IC476,G,0.62,0.48,99,23.02,Sc,,
IC477,G,1.15,1.15,30,24.56,E,,
IC478,G,0.66,0.48,12,22.90,Sb,,
IC479,G,0.61,0.51,171,22.68,SABc,,
IC480,G,1.75,0.33,167,23.71,Sbc,,
IC481,G,0.93,0.26,4,22.81,Sb,,
IC482,G,0.63,0.52,151,22.68,SABb,,
IC484,G,0.89,0.40,43,23.30,Sb,,
IC485,G,1.17,0.24,154,23.80,SABa,,
IC486,G,0.87,0.66,138,22.95,SBa,,
IC490,G,0.59,0.47,95,23.08,Sbc,,
IC491,G,0.65,0.28,115,22.72,Sc,,
IC492,G,1.02,0.77,31,22.88,SBbc,,
IC493,G,0.81,0.61,18,22.86,Sb,,
IC494,G,1.32,0.64,48,23.57,S0,,
IC495,G,0.47,0.40,88,,E,,
IC496,G,0.63,0.39,30,23.06,E-S0,,
IC497,G,0.78,0.39,177,22.98,Sa,,
IC498,G,1.21,1.08,66,23.63,Sb,,
IC499,G,1.88,0.90,77,23.56,Sa,,
IC500,G,1.77,0.71,54,,S0-a,,
IC501,G,0.73,0.55,125,23.43,SBa,,
IC502,G,0.56,0.54,62,23.02,E,,
IC503,G,1.33,1.03,110,23.51,Sa,,
IC504,G,1.51,1.09,139,23.84,S0,,
IC505,G,1.38,0.99,144,23.63,Sab,,
IC506,G,1.19,0.86,171,23.92,E,,
IC508,G,0.79,0.70,97,22.91,SBc,,
IC509,G,1.02,0.92,57,22.53,SABc,,
IC510,GPair,0.80,,,,,,
IC510,G,0.33,0.18,132,,,,
IC510,G,0.91,0.52,137,23.29,SBbc,,
IC511,G,1.22,0.46,142,23.32,S0-a,,
IC512,G,1.72,1.34,174,22.93,SABc,,
IC513,G,1.49,1.00,39,24.11,S0,,
IC514,G,0.57,0.34,160,22.94,S0-a,,
IC515,G,1.04,0.58,34,24.28,S0-a,,
IC516,G,0.59,0.30,65,23.52,S0-a,,
IC517,G,0.61,0.34,29,22.82,Sab,,
IC519,G,0.50,0.48,28,23.29,E,,
IC520,G,2.10,1.63,175,22.87,SABa,,
IC521,G,0.93,0.67,80,23.25,S?,,
IC522,G,1.24,1.02,165,23.10,S0,,
IC523,G,0.86,0.56,95,23.25,Sab,,
IC524,G,0.94,0.63,21,23.65,S0,,
IC525,G,0.95,0.33,10,22.95,Sbc,,
IC526,G,0.77,0.45,41,22.71,Sb,,
IC527,G,1.37,1.13,71,23.95,SBc,,
IC528,G,1.39,0.62,162,23.96,Sab,,
IC529,G,3.21,1.53,142,23.25,Sc,,
IC530,G,1.93,0.31,87,23.36,Sab,,
IC531,G,0.79,0.42,60,22.73,Sab,,
IC533,G,0.95,0.27,155,24.35,,,
IC534,G,1.19,0.31,148,23.44,Sb,,
IC535,G,0.65,0.53,5,23.73,E,,
IC536,G,1.09,0.22,24,23.34,Sa,,
IC537,G,1.32,1.22,160,23.40,S0-a,,
IC539,G,0.97,0.73,130,22.80,Sc,,
IC540,G,1.07,0.27,171,22.81,Sab,,
IC542,G,1.21,0.39,95,23.74,S0-a,,
IC544,G,0.80,0.25,24,22.93,Sbc,,
IC545,G,0.56,0.42,44,22.36,Sab,,
IC546,G,1.27,0.70,103,23.84,S0-a,,
IC548,G,0.76,0.19,166,23.13,S0-a,,
IC549,G,0.60,0.37,180,22.36,I,,
IC550,G,1.07,0.70,34,23.62,S0,,
IC551,G,0.81,0.53,155,22.63,Sbc,,
IC552,G,1.12,0.63,2,23.36,S0,,
IC553,G,1.07,0.85,118,23.30,SBa,,
IC554,G,1.29,0.57,18,23.61,S0,,
IC557,G,1.11,0.64,38,23.31,SBab,,
IC558,G,0.93,0.72,165,23.60,E,,
IC559,G,1.09,0.92,87,23.60,I,,
IC560,G,1.41,0.54,20,23.80,S0-a,,
IC561,G,0.51,0.42,6,22.38,Sc,,
IC562,G,1.22,0.28,162,23.06,Sbc,,
IC563,G,0.97,0.40,111,23.04,Sab,,
IC564,G,1.64,0.45,68,22.94,SABc,,
IC565,GPair,1.00,,,,,,
IC565,G,0.68,0.16,178,,,,
IC565,G,1.24,0.27,51,23.27,Sc,,
IC566,G,0.60,0.53,84,23.00,S0-a,,
IC568,G,1.07,0.64,106,23.37,Sb,,
IC569,G,0.78,0.54,164,23.62,E,,
IC570,G,0.46,0.34,61,22.98,Sc,,
IC571,G,0.71,0.54,133,23.27,SBab,,
IC572,G,0.54,0.53,130,22.47,Sc,,
IC574,G,1.05,0.87,4,23.57,E-S0,,
IC575,G,1.52,1.17,50,23.68,Sa,,
IC576,G,0.59,0.51,168,23.13,S0-a,,
IC577,G,0.62,0.57,117,22.51,Sc,,
IC578,G,1.25,0.54,66,23.66,Sa,,
IC579,G,1.12,0.41,132,23.40,SBab,,
IC581,G,1.00,0.71,129,23.53,Sab,,
IC582,G,0.97,0.91,85,23.22,Sb,,
IC583,G,0.89,0.19,113,22.84,Sab,,
IC584,G,0.50,0.43,149,22.54,Sa,,
IC585,G,1.21,0.86,123,24.01,E-S0,,
IC586,G,0.76,0.70,55,23.42,E,,
IC587,G,1.25,0.56,106,22.96,SABb,,
IC588,G,0.90,0.53,164,23.43,Sa,,
IC589,G,0.69,0.51,20,23.42,E,,
IC590,GPair,0.90,,,,,,
IC590,G,1.06,0.78,105,23.47,E-S0,,
IC590,G,0.79,0.76,33,23.20,E-S0,,
IC591,G,0.93,0.60,164,22.65,SBc,,
IC592,G,0.92,0.75,26,22.63,Sbc,,
IC593,G,0.81,0.58,97,22.51,Sbc,,
IC594,G,1.11,0.56,131,23.23,Sbc,,
IC595,G,0.81,0.58,172,23.70,E,,
IC596,G,0.96,0.31,18,23.12,Sbc,,
IC597,G,0.50,0.23,170,23.11,S0-a,,
IC598,G,1.65,0.41,7,23.28,S0-a,,
IC599,G,1.17,0.29,36,23.04,Sc,,
IC600,G,1.92,1.03,13,23.36,SBd,,
IC601,G,0.47,0.22,37,22.38,Scd,,
IC602,G,0.97,0.50,173,22.55,Sc,,
IC603,G,1.31,0.79,174,23.93,SBa,,
IC605,G,0.77,0.54,9,22.57,Sc,,
IC607,G,1.27,0.96,87,23.66,Sbc,,
IC608,G,0.95,0.54,108,23.24,S0-a,,
IC609,G,1.35,0.39,19,22.92,Sbc,,
IC610,G,1.89,0.33,28,23.58,Sbc,,
IC612,G,0.42,0.25,174,22.60,S0,,
IC613,G,0.77,0.70,12,23.34,E,,
IC614,G,0.78,0.53,18,23.01,Sab,,
IC615,G,1.22,0.36,143,23.66,Sb,,
IC616,G,0.93,0.75,160,23.03,Sc,,
IC619,G,0.84,0.65,177,23.10,Sbc,,
IC620,G,0.73,0.60,88,23.18,Sbc,,
IC621,G,0.90,0.62,82,23.35,Sc,,
IC623,G,0.94,0.32,151,22.76,Sbc,,
IC624,G,2.42,0.55,39,24.13,Sa,,
IC625,G,2.25,0.53,105,23.15,Sc,,
IC626,G,1.21,0.95,137,24.08,E-S0,,
IC627,G,0.72,0.57,175,22.52,Sa,,
IC628,G,0.89,0.67,120,23.13,Sab,,
IC630,G,2.12,1.67,150,23.35,S0,,
IC631,G,0.67,0.59,147,23.91,E,,
IC632,G,0.98,0.57,30,23.18,SBa,,
IC633,G,0.65,0.27,103,22.38,Sab,,
IC634,G,1.00,0.38,116,22.98,Sc,,
IC635,G,1.09,0.33,7,23.14,Sbc,,
IC636,G,0.95,0.41,49,22.93,SBbc,,
IC637,G,0.75,0.50,17,23.41,S0-a,,
IC638,G,0.77,0.38,2,23.32,Sab,,
IC639,G,1.41,0.42,180,23.51,Sbc,,
IC642,G,1.45,1.36,19,23.41,E-S0,,
IC643,G,1.34,0.46,73,24.25,S0-a,,
IC645,G,0.48,0.42,59,,,,
IC646,G,0.84,0.43,147,23.45,Sa,,
IC647,G,0.68,0.39,62,23.62,S0-a,,
IC648,G,0.94,0.74,158,23.32,SBc,,
IC649,GPair,0.70,,,,,,
IC649,G,0.70,0.56,15,23.36,Sbc,,
IC649,G,0.32,0.21,0,,Sbc,,
IC650,G,0.93,0.67,10,23.20,Sc,,
IC651,G,0.72,0.71,20,21.10,SBd,,
IC653,G,2.07,0.71,57,24.06,Sa,,
IC654,G,1.20,0.44,133,24.12,S0-a,,
IC655,G,1.00,0.27,48,23.10,Sbc,,
IC657,G,1.14,0.43,169,23.85,SBa,,
IC658,G,1.08,0.85,43,23.66,E,,
IC659,G,1.24,0.86,60,24.75,E,,
IC660,G,0.79,0.52,31,23.86,E,,
IC661,G,0.77,0.55,31,23.54,E-S0,,
IC662,G,0.78,0.58,71,23.89,E,,
IC663,G,0.85,0.57,172,23.80,E-S0,,
IC664,G,1.87,1.30,53,24.67,E-S0,,
IC665,G,1.03,0.35,148,23.36,Sab,,
IC666,G,0.58,0.33,147,22.65,S0-a,,
IC667,G,0.68,0.58,32,23.69,E,,
IC668,G,0.66,0.39,95,23.00,Sa,,
IC669,G,1.08,0.67,169,23.27,S0,,
IC670,G,1.11,0.98,65,23.55,E-S0,,
IC671,G,1.21,0.95,21,23.58,Sb,,
IC672,G,0.75,0.33,155,,S0-a,,
IC673,G,1.29,0.59,168,23.47,SABb,,
IC674,G,1.37,0.41,121,23.24,Sab,,
IC676,G,1.85,1.31,0,23.57,S0-a,,
IC677,G,1.43,0.60,45,22.70,Sbc,,
IC678,G,0.78,0.50,141,23.72,E,,
IC679,G,0.53,0.37,125,,E,,
IC680,G,0.81,0.56,154,22.79,SBa,,
IC681,G,0.87,0.45,35,22.68,Sc,,
IC683,G,0.69,0.49,175,23.62,E,,
IC685,G,0.68,0.43,176,24.34,E,,
IC686,G,0.51,0.26,42,22.50,Sc,,
IC687,G,1.08,1.03,121,23.87,E,,
IC688,G,0.98,0.49,98,23.32,Sab,,
IC690,G,1.17,0.46,170,23.59,Sc,,
IC691,G,1.14,0.72,148,21.78,S0,,
IC692,G,0.85,0.56,118,22.75,E,,
IC693,G,0.98,0.48,90,22.97,Sab,,
IC694,G,0.21,0.18,51,,E,,
IC695,G,0.65,0.21,85,,Sc,,
IC696,G,0.92,0.85,16,23.08,Scd,,
IC697,G,0.67,0.47,131,23.33,S0,,
IC698,G,1.04,0.50,147,23.20,S0-a,,
IC699,G,1.21,0.34,12,22.85,SABb,,
IC700,GGroup,1.10,,,,,,
IC700,G,0.20,0.13,0,21.22,I,,
IC700,G,0.94,0.46,71,22.12,S?,,
IC700,G,0.30,0.28,25,23.29,I,,
IC700,G,0.25,0.11,54,23.68,I,,
IC701,G,0.74,0.55,77,22.90,Sd,,
IC702,G,0.75,0.42,130,23.64,S0-a,,
IC705,G,0.77,0.50,34,23.27,S0,,
IC706,G,1.52,0.27,111,24.16,S0-a,,
IC707,G,0.65,0.52,5,21.93,Sc,,
IC708,G,1.50,0.98,140,23.86,E,,
IC709,G,1.05,0.93,25,23.92,E,,
IC710,G,0.80,0.49,180,23.74,S0,,
IC711,G,0.87,0.81,27,23.70,E,,
IC712,G,3.02,0.89,91,25.42,E,,
IC715,GPair,1.00,,,,,,
IC715,G,0.87,0.40,157,23.56,,,
IC715,G,0.33,0.23,23,,,,
IC716,G,1.59,0.30,123,23.42,Sbc,,
IC718,G,1.15,0.57,180,23.06,IB,,
IC719,G,1.22,0.39,52,22.85,S0,,
IC720,GPair,1.30,,,,,,
IC720,G,1.05,0.93,8,23.73,SBab,,
IC720,G,0.75,0.52,172,22.99,S0-a,,
IC721,G,1.63,0.29,99,23.57,SBc,,
IC722,G,0.92,0.57,76,23.15,Sbc,,
IC723,G,0.80,0.62,149,22.70,I,,
IC724,G,2.39,0.73,59,23.79,Sa,,
IC725,G,0.74,0.66,125,23.20,E,,
IC726,G,0.87,0.77,103,24.48,E,,
IC727,G,1.65,0.28,161,23.71,Sb,,
IC728,G,1.20,0.58,63,23.12,Sb,,
IC729,G,0.57,0.25,4,,S0,,
IC731,G,0.70,0.36,83,23.67,SBc,,
IC732,GPair,1.10,,,,,,
IC732,G,0.65,0.27,155,23.10,I,,
IC732,G,0.74,0.39,128,23.42,S0-a,,
IC733,G,0.72,0.19,90,24.11,,,
IC734,GPair,1.10,,,,,,
IC734,G,0.95,0.47,15,24.49,E,,
IC734,G,0.83,0.71,12,23.98,,,
IC735,G,1.16,0.69,154,23.69,SBd,,
IC736,G,0.66,0.63,82,23.53,E,,
IC737,G,0.82,0.70,108,23.10,S0-a,,
IC738,G,0.80,0.47,99,22.66,I,,
IC739,G,1.09,0.76,151,23.63,Sab,,
IC741,G,1.03,0.52,136,23.73,S0-a,,
IC742,G,1.07,0.86,121,23.53,Sab,,
IC743,G,1.19,0.31,144,23.22,SBc,,
IC744,G,0.63,0.38,52,23.24,SBb,,
IC745,G,0.78,0.76,10,22.25,S0,,
IC746,G,1.01,0.46,169,22.77,SBbc,,
IC747,G,0.65,0.30,40,23.23,E,,
IC748,G,0.85,0.67,78,23.53,E,,
IC749,G,2.13,1.71,159,23.04,Sc,,
IC750,G,2.11,1.02,40,22.73,Sab,,
IC751,G,1.10,0.41,30,23.25,Sb,,
IC752,G,0.58,0.43,91,22.80,SBc,,
IC753,G,1.07,0.69,24,23.37,S0,,
IC754,G,0.96,0.74,29,23.11,E,,
IC756,G,1.70,0.70,99,23.75,SBc,,
IC758,G,1.75,0.80,28,23.59,Sc,,
IC760,G,1.82,0.53,149,23.46,S0,,
IC761,G,1.00,0.38,108,23.52,Sb,,
IC762,G,0.79,0.50,144,22.80,Sab,,
IC763,G,0.91,0.45,86,23.48,SBa,,
IC764,G,4.84,1.14,177,23.93,SABc,,
IC766,G,1.77,0.31,168,24.71,S0-a,,
IC767,G,0.93,0.68,75,23.12,E,,
IC768,G,1.29,0.57,112,23.11,Sc,,
IC769,G,2.20,1.51,37,23.54,Sbc,,
IC770,G,0.46,0.43,40,23.09,,,
IC771,G,0.72,0.58,92,22.59,SBc,,
IC772,G,0.78,0.36,96,23.46,S0-a,,
IC773,G,0.78,0.65,9,22.70,S0-a,,
IC774,G,0.80,0.47,142,23.81,S0,,
IC775,G,1.05,0.77,11,23.09,E-S0,,
IC776,G,1.12,0.62,93,22.81,SBd,,
IC777,G,0.84,0.40,144,22.54,SBb,,
IC779,G,0.97,0.93,50,23.59,S?,,
IC780,G,1.18,0.83,8,23.41,E-S0,,
IC781,G,1.30,1.24,30,23.50,E-S0,,
IC782,G,1.14,0.64,61,23.13,S0-a,,
IC783,G,1.23,1.13,100,23.26,S0-a,,
IC784,G,2.11,0.60,96,23.48,SABb,,
IC785,G,1.13,0.49,70,23.56,SBc,,
IC786,G,1.03,0.89,176,23.63,S0,,
IC787,G,1.06,0.44,180,23.42,Sa,,
IC789,G,1.01,0.58,140,23.54,S0,,
IC791,G,1.05,0.97,78,23.20,Sa,,
IC792,G,1.02,0.45,56,23.02,Sb,,
IC794,G,1.32,0.94,103,23.77,E,,
IC795,G,0.66,0.33,155,23.10,S0,,
IC796,G,1.46,0.46,145,23.15,S0-a,,
IC797,G,1.10,0.75,105,22.18,Sc,,
IC798,G,0.90,0.87,36,23.67,E,,
IC800,G,1.51,1.10,151,23.11,Sc,,
IC801,G,1.10,0.92,55,23.60,Sa,,
IC803,GGroup,1.20,,,,,,
IC803,G,1.00,0.32,75,24.37,Sab,,
IC803,G,0.89,0.14,125,22.41,Sbc,,
IC804,G,1.03,0.49,64,23.46,S0,,
IC806,G,0.94,0.61,107,23.64,SBab,,
IC807,G,1.13,0.70,67,23.59,E-S0,,
IC809,G,0.97,0.91,4,23.27,E,,
IC810,G,1.62,0.58,167,23.96,S0-a,,
IC812,G,0.90,0.56,118,,S0-a,,
IC813,G,0.94,0.74,21,22.83,Sb,,
IC814,G,0.85,0.35,170,24.11,E-S0,,
IC815,G,0.85,0.74,138,23.79,E,,
IC816,G,1.10,0.70,34,23.58,Sa,,
IC817,G,0.73,0.66,91,23.11,E,,
IC818,G,0.89,0.25,47,22.85,Sb,,
IC821,G,1.00,0.92,121,23.20,SABb,,
IC822,G,0.74,0.55,98,23.66,E,,
IC825,G,0.62,0.45,79,23.29,E-S0,,
IC826,G,0.69,0.48,62,22.56,SBab,,
IC827,G,0.89,0.42,103,22.74,Sd,,
IC828,G,0.69,0.27,145,,S0,,
IC829,G,0.38,0.38,105,21.06,S0,,
IC830,G,1.16,0.60,164,23.11,S0-a,,
IC831,G,0.86,0.41,96,23.54,E-S0,,
IC832,G,0.78,0.74,2,23.26,E,,
IC833,G,0.43,0.34,138,23.59,,,
IC834,G,0.91,0.54,96,23.64,E,,
IC835,G,0.76,0.70,144,23.01,SBab,,
IC836,G,1.23,0.24,74,22.84,Sab,,
IC837,G,0.92,0.33,12,23.54,Sab,,
IC838,G,0.67,0.60,4,23.37,Sb,,
IC839,G,0.48,0.28,84,22.67,S0,,
IC840,G,0.82,0.65,161,23.23,Sa,,
IC841,G,0.96,0.55,130,23.40,SBb,,
IC842,G,1.14,0.57,56,23.20,SBbc,,
IC844,G,1.77,0.54,100,23.59,S0,,
IC845,G,0.84,0.64,129,23.65,E-S0,,
IC846,G,0.73,0.62,154,23.35,E,,
IC848,G,0.73,0.54,165,23.23,Sbc,,
IC849,G,1.02,0.90,91,22.89,SABc,,
IC850,G,0.95,0.26,68,22.77,SBcd,,
IC851,G,1.13,0.41,152,22.50,Sc,,
IC852,G,1.17,0.98,24,23.86,E-S0,,
IC853,G,1.03,0.96,14,23.26,Sab,,
IC854,G,0.92,0.69,122,23.29,SABb,,
IC855,G,0.72,0.63,15,22.88,,,
IC856,G,0.73,0.21,64,22.99,SBab,,
IC857,G,0.99,0.74,100,23.03,Sb,,
IC858,G,1.56,1.09,100,24.40,S0,,
IC859,G,0.68,0.61,142,23.14,E,,
IC860,G,0.96,0.60,19,22.87,SBab,,
IC861,G,0.84,0.58,76,23.83,S0-a,,
IC862,G,0.54,0.54,80,22.82,E,,
IC863,G,1.14,0.79,45,23.16,S0-a,,
IC864,G,0.58,0.27,23,23.03,SBc,,
IC865,G,0.73,0.61,40,23.25,Sc,,
IC866,G,0.67,0.37,34,22.96,SBb,,
IC867,G,1.27,0.90,18,23.83,Sc,,
IC868,G,0.79,0.74,9,23.14,E,,
IC869,GPair,1.00,,,,,,
IC869,G,0.55,0.44,80,23.32,Sab,,
IC869,G,0.33,0.29,80,23.28,E,,
IC870,G,0.79,0.48,45,23.05,Sc,,
IC871,G,1.57,0.79,70,23.81,Sb,,
IC872,G,1.16,0.93,117,23.92,Sb,,
IC873,G,0.94,0.86,120,23.82,S0,,
IC874,G,1.29,1.05,56,22.81,S0,,
IC875,G,1.55,1.14,149,23.52,S0,,
IC876,G,0.90,0.76,174,23.15,SABb,,
IC879,G,0.84,0.34,136,21.96,SBab,,
IC881,G,1.53,0.35,12,23.62,SBa,,
IC882,G,0.81,0.70,66,23.29,E,,
IC883,G,0.79,0.47,152,22.59,Sm,,
IC885,G,1.01,0.89,170,23.34,E,,
IC886,G,0.66,0.54,58,23.82,,,
IC889,G,0.89,0.76,13,23.81,E,,
IC890,G,1.16,0.47,146,23.86,Sa,,
IC891,G,0.78,0.73,30,23.04,E,,
IC892,G,1.60,0.84,19,24.25,S0,,
IC893,G,1.01,0.20,52,22.75,SABa,,
IC894,G,1.14,0.50,79,23.78,S0-a,,
IC896,G,1.04,0.71,29,23.79,E,,
IC897,G,0.75,0.32,56,23.77,S0-a,,
IC898,G,0.61,0.43,163,23.18,S0,,
IC899,G,0.85,0.71,91,23.53,E,,
IC900,G,1.28,0.85,29,22.69,SABc,,
IC901,G,0.74,0.53,91,23.11,S?,,
IC902,G,2.18,0.55,162,23.98,Sb,,
IC903,G,1.64,0.62,178,23.55,Sab,,
IC904,G,1.05,0.54,129,23.66,S0-a,,
IC905,G,0.86,0.70,130,23.47,E,,
IC906,G,0.84,0.29,145,23.05,Sc,,
IC907,G,1.11,0.21,20,23.16,Sb,,
IC908,G,0.90,0.55,82,22.58,SABc,,
IC909,G,0.73,0.67,2,22.85,Sa,,
IC910,G,0.68,0.56,120,22.81,Sab,,
IC911,G,0.56,0.40,99,22.78,SBab,,
IC912,G,0.72,0.35,100,23.19,Sa,,
IC913,G,0.72,0.49,63,23.13,Sb,,
IC914,G,0.79,0.65,165,23.27,Sc,,
IC915,G,0.45,0.41,110,,E-S0,,
IC916,G,0.86,0.83,85,23.87,E,,
IC918,G,0.63,0.23,102,23.80,Sb,,
IC919,G,0.54,0.32,25,23.00,S0-a,,
IC920,G,0.87,0.77,10,23.02,E,,
IC921,G,0.29,0.20,104,23.46,E,,
IC922,G,0.78,0.47,120,24.12,E,,
IC923,G,0.56,0.50,101,24.00,E,,
IC924,G,0.78,0.47,77,23.10,Sab,,
IC925,G,0.54,0.17,106,23.55,Sbc,,
IC926,G,0.35,0.18,94,24.01,E,,
IC927,G,0.87,0.74,75,23.55,Sbc,,
IC928,G,0.34,0.25,11,23.92,E,,
IC929,G,0.46,0.37,81,23.56,E,,
IC930,G,0.40,0.33,99,24.00,E,,
IC931,G,0.25,0.19,61,23.11,Sb,,
IC932,G,0.47,0.23,64,24.32,,,
IC933,G,1.19,0.85,150,23.50,S0,,
IC934,G,0.36,0.28,174,23.70,Sbc,,
IC936,G,0.41,0.21,93,23.75,Sb,,
IC937,G,0.52,0.47,114,24.75,Sab,,
IC938,G,0.76,0.29,156,24.04,Sab,,
IC939,G,1.02,0.93,121,23.40,E,,
IC940,G,0.67,0.38,124,23.14,S0-a,,
IC941,G,0.90,0.49,112,23.37,Sa,,
IC942,G,1.00,0.66,96,23.96,E,,
IC943,G,0.86,0.82,1,23.08,SBa,,
IC944,G,1.53,0.74,107,23.68,Sa,,
IC945,G,1.00,0.59,118,23.45,Sb,,
IC946,G,0.90,0.70,104,22.80,Sa,,
IC947,G,1.67,1.09,65,23.84,E-S0,,
IC948,G,1.18,0.66,151,23.47,E,,
IC949,G,1.27,0.44,137,23.49,Sd,,
IC950,GPair,0.80,,,,,,
IC950,G,1.23,0.38,124,25.00,Sa,,
IC950,G,0.99,0.89,152,23.75,Sab,,
IC951,G,1.05,1.00,5,23.19,Scd,,
IC952,G,1.25,0.47,94,23.20,SBbc,,
IC954,G,0.96,0.53,80,22.74,Sab,,
IC956,GPair,0.80,,,,,,
IC956,G,0.47,0.41,129,23.12,Sab,,
IC956,G,0.59,0.49,29,23.66,E,,
IC959,G,1.50,0.88,2,23.67,Sa,,
IC960,GPair,1.80,,,,,,
IC960,G,0.64,0.34,110,23.17,Sb,,
IC960,G,0.89,0.34,24,23.64,S0,,
IC961,G,0.81,0.74,10,23.63,SBab,,
IC962,G,0.85,0.84,85,22.42,S0,,
IC963,G,0.64,0.53,5,22.80,SBc,,
IC964,G,0.64,0.56,134,23.13,Sbc,,
IC965,G,0.80,0.61,64,23.45,E-S0,,
IC966,G,0.92,0.77,155,23.22,S0,,
IC967,G,0.97,0.42,26,23.05,Sa,,
IC968,GPair,1.10,,,,,,
IC968,G,0.69,0.43,123,23.27,E-S0,,
IC968,G,0.68,0.34,7,23.77,E-S0,,
IC969,G,0.60,0.39,176,23.60,S0-a,,
IC970,G,1.26,0.35,54,23.47,S0-a,,
IC971,G,2.26,1.29,129,23.37,Sc,,
IC972,PN,0.70,,,,,,
IC975,G,0.75,0.57,174,23.70,E,,
IC976,G,1.52,0.62,174,23.61,S0-a,,
IC977,G,0.69,0.53,132,23.00,Sbc,,
IC978,G,0.97,0.51,25,23.29,Scd,,
IC979,G,1.09,0.66,172,22.99,SBab,,
IC980,G,0.83,0.73,64,23.66,E,,
IC981,G,0.86,0.43,73,23.41,,,
IC982,G,0.95,0.90,35,23.23,S0,,
IC983,G,2.32,2.01,125,23.19,SBbc,,
IC984,G,1.90,0.47,36,23.61,Sb,,
IC985,G,0.75,0.42,58,22.66,Sa,,
IC986,G,0.81,0.76,52,23.00,E-S0,,
IC987,G,0.61,0.38,79,22.77,SBb,,
IC988,G,0.61,0.40,41,22.21,S0-a,,
IC989,G,0.98,0.84,72,22.84,E,,
IC990,G,0.54,0.43,54,22.92,E,,
IC991,G,1.56,0.97,104,23.05,SBc,,
IC992,G,0.88,0.67,114,23.12,SABb,,
IC993,G,0.77,0.48,169,23.32,Sb,,
IC994,G,1.46,0.60,13,23.75,SABa,,
IC995,G,1.67,0.43,147,23.29,Sd,,
IC996,G,1.35,0.21,153,22.76,Sbc,,
IC997,GPair,1.50,,,,,,
IC997,G,1.41,0.83,10,23.38,Sc,,
IC997,G,1.00,0.50,163,24.45,,,
IC998,G,0.93,0.26,55,24.26,,,
IC999,G,0.85,0.69,144,22.99,S0,,
IC1000,G,1.01,0.50,20,23.22,S0,,
IC1001,G,0.81,0.32,94,22.76,Sbc,,
IC1002,G,0.59,0.23,90,22.50,Sc,,
IC1003,G,1.04,0.33,36,23.41,SABb,,
IC1004,G,0.95,0.58,180,24.52,E,,
IC1006,G,0.89,0.61,99,23.24,Sbc,,
IC1007,G,0.75,0.55,86,23.05,Sa,,
IC1008,GPair,0.80,,,,,,
IC1008,G,0.57,0.36,17,22.72,Sb,,
IC1008,G,0.86,0.56,18,23.25,Sbc,,
IC1009,G,0.87,0.48,69,23.46,S0-a,,
IC1010,G,1.52,1.28,169,23.92,Sb,,
IC1011,G,0.84,0.56,114,22.82,S?,,
IC1012,G,1.09,0.66,112,23.42,Sb,,
IC1013,G,0.95,0.44,136,24.61,Scd,,
IC1014,G,2.00,1.11,82,23.58,Sd,,
IC1015,GTrpl,1.00,,,,,,
IC1015,G,0.59,0.23,40,22.40,Sbc,,
IC1015,G,0.72,0.30,82,23.84,Sc,,
IC1015,G,0.74,0.40,66,23.68,Sc,,
IC1017,G,1.07,0.60,129,23.41,S0,,
IC1018,G,0.57,0.46,179,23.65,E,,
IC1019,G,0.60,0.44,134,22.52,S0,,
IC1020,G,1.06,0.23,175,23.64,S0,,
IC1021,G,0.62,0.26,133,22.39,SBa,,
IC1022,G,0.97,0.33,163,23.06,SBb,,
IC1023,OCl,5.10,,,,,,
IC1024,G,1.11,0.47,29,23.00,S0,,
IC1025,G,0.58,0.36,130,22.73,SBbc,,
IC1027,G,1.35,1.05,180,24.68,E,,
IC1028,G,1.04,0.56,15,23.09,Sbc,,
IC1029,G,2.78,0.45,151,22.01,SABb,,
IC1031,G,0.79,0.60,57,23.80,E,,
IC1032,G,0.65,0.56,93,23.38,Sab,,
IC1033,G,1.05,0.98,0,23.99,E,,
IC1034,G,0.59,0.47,5,23.04,Sab,,
IC1035,G,1.07,0.89,150,23.96,E,,
IC1036,G,0.58,0.30,43,22.87,Sb,,
IC1037,G,0.99,0.66,107,23.68,E,,
IC1038,G,0.63,0.49,171,23.33,E,,
IC1039,G,0.68,0.34,41,23.60,S0,,
IC1040,G,0.50,0.45,153,22.71,Sc,,
IC1041,G,0.87,0.63,52,23.09,SBa,,
IC1042,G,1.13,1.10,98,23.74,S0,,
IC1043,G,0.74,0.37,19,23.49,Sa,,
IC1044,G,1.51,0.84,1,24.26,S0-a,,
IC1046,G,0.78,0.45,86,22.59,Sc,,
IC1047,G,0.72,0.61,9,23.39,SBbc,,
IC1048,G,2.08,0.50,163,23.30,Sb,,
IC1049,G,0.92,0.80,66,23.22,Sa,,
IC1050,G,0.83,0.42,31,23.05,Sbc,,
IC1051,G,0.74,0.61,54,23.55,E,,
IC1052,G,1.02,0.28,31,23.01,Sc,,
IC1053,G,0.55,0.34,27,22.27,Sb,,
IC1054,G,1.03,0.75,10,23.59,S0,,
IC1055,G,2.26,0.76,5,22.95,Sb,,
IC1056,G,1.51,0.94,22,23.68,Sb,,
IC1058,G,1.49,0.39,115,23.72,Sab,,
IC1059,G,0.88,0.77,120,23.62,S0-a,,
IC1060,G,1.22,0.66,93,23.74,SBa,,
IC1061,G,0.49,0.39,146,23.32,E,,
IC1062,G,0.94,0.78,114,23.86,S0-a,,
IC1063,G,0.74,0.57,145,22.83,SBb,,
IC1065,G,0.88,0.70,95,22.96,S0,,
IC1066,G,1.21,0.66,69,22.96,SABb,,
IC1067,G,1.82,1.48,128,23.50,Sb,,
IC1068,G,0.92,0.69,138,23.41,E,,
IC1069,G,1.47,0.76,50,24.42,S0,,
IC1070,G,0.78,0.31,121,23.38,Sbc,,
IC1071,G,1.09,0.69,153,23.45,S0,,
IC1072,G,0.87,0.53,152,23.82,E,,
IC1073,G,0.52,0.41,159,22.85,S0,,
IC1074,G,0.92,0.33,116,22.82,Sbc,,
IC1075,G,1.19,0.52,155,23.34,SBb,,
IC1076,G,0.91,0.49,9,22.32,SBb,,
IC1077,G,1.31,1.08,61,22.63,SBbc,,
IC1078,G,0.99,0.81,19,23.43,Sa,,
IC1079,G,1.46,0.85,81,24.19,E,,
IC1080,G,1.22,0.92,33,24.00,E-S0,,
IC1081,G,1.66,0.58,153,24.22,S0-a,,
IC1082,G,0.86,0.70,43,23.70,E-S0,,
IC1083,G,0.72,0.57,94,22.97,Sbc,,
IC1084,G,0.87,0.60,156,23.48,E-S0,,
IC1085,G,0.94,0.84,24,23.60,E,,
IC1086,G,0.69,0.47,165,23.16,S0-a,,
IC1087,G,0.74,0.33,74,23.37,Sa,,
IC1089,G,0.97,0.64,140,23.96,E,,
IC1091,G,1.09,0.82,132,22.96,Sb,,
IC1092,G,1.01,1.00,72,23.74,S0-a,,
IC1093,G,1.00,0.74,90,23.50,SABb,,
IC1094,GTrpl,0.80,,,,,,
IC1094,G,0.55,0.51,155,23.43,E,,
IC1094,G,0.54,0.41,105,23.84,Sa,,
IC1094,G,0.52,0.32,141,24.16,Sab,,
IC1095,G,0.65,0.60,82,23.16,Sbc,,
IC1096,G,0.56,0.38,76,23.21,S0-a,,
IC1097,G,0.91,0.42,55,23.25,SBa,,
IC1099,G,1.12,0.81,4,23.42,Sc,,
IC1101,G,1.20,0.60,25,24.42,E-S0,,
IC1102,G,1.04,0.58,18,23.48,SABb,,
IC1103,G,0.91,0.50,178,24.34,E,,
IC1105,G,0.95,0.52,92,23.13,S?,,
IC1106,G,0.91,0.43,34,23.21,SBb,,
IC1107,G,0.70,0.57,142,23.66,Sab,,
IC1109,G,0.81,0.69,52,23.79,E,,
IC1110,G,1.26,0.50,76,23.65,Sa,,
IC1112,G,1.02,0.60,124,23.51,SBab,,
IC1113,G,0.87,0.77,17,23.61,Sbc,,
IC1116,G,1.07,0.68,3,23.58,E,,
IC1117,G,0.73,0.35,117,23.28,Sab,,
IC1118,G,1.23,1.23,73,24.19,E,,
IC1119,GPair,1.00,,,,,,
IC1119,G,0.52,0.33,179,23.84,,,
IC1119,G,0.62,0.43,17,22.71,Sab,,
IC1120,G,0.67,0.29,32,23.25,I,,
IC1121,G,1.05,0.82,54,24.39,E,,
IC1122,G,0.60,0.56,55,23.29,SBb,,
IC1124,G,1.10,0.42,77,22.82,Sb,,
IC1125,G,1.61,0.86,153,23.49,Scd,,
IC1129,G,1.01,0.86,3,22.35,Sc,,
IC1130,G,0.74,0.52,37,23.38,SBb,,
IC1131,G,0.85,0.65,153,23.20,E,,
IC1132,G,1.05,0.97,48,23.20,Sc,,
IC1133,G,1.27,0.39,131,23.09,SBc,,
IC1134,G,0.87,0.54,164,23.81,S0,,
IC1135,G,0.85,0.31,63,23.56,S0-a,,
IC1136,G,0.75,0.70,50,23.32,S0,,
IC1137,G,0.86,0.79,115,23.09,E?,,
IC1138,G,1.04,0.21,41,23.81,S0-a,,
IC1139,G,0.65,0.28,54,23.51,,,
IC1141,G,0.47,0.45,69,21.61,SABa,,
IC1142,G,1.03,0.77,160,23.52,SBc,,
IC1143,G,1.45,1.38,150,24.31,E,,
IC1144,G,0.74,0.52,107,22.79,E-S0,,
IC1145,G,1.45,0.43,168,23.66,Sbc,,
IC1146,G,1.29,0.94,90,23.93,S0,,
IC1147,G,0.45,0.45,125,22.53,,,
IC1149,G,1.07,0.85,164,22.86,Sbc,,
IC1151,G,2.23,0.88,32,23.18,SBc,,
IC1152,G,1.15,1.03,19,23.42,E,,
IC1153,G,1.20,1.00,0,22.86,S0,,
IC1154,G,1.77,1.12,142,24.75,E,,
IC1155,G,0.79,0.74,11,23.11,SABb,,
IC1156,G,1.10,1.01,10,23.55,E,,
IC1157,G,0.82,0.41,135,23.53,SABa,,
IC1158,G,1.89,0.94,134,23.38,SABc,,
IC1159,G,0.76,0.52,30,23.69,S0-a,,
IC1160,G,0.77,0.49,143,23.61,S0-a,,
IC1161,G,0.71,0.52,96,23.28,E,,
IC1162,G,0.72,0.56,161,23.11,SABb,,
IC1163,G,0.79,0.73,11,23.30,E,,
IC1165,GPair,0.90,,,,,,
IC1165,G,0.69,0.64,41,23.04,E-S0,,
IC1165,G,0.63,0.54,171,23.49,E,,
IC1166,GPair,0.60,,,,,,
IC1166,G,0.53,0.31,52,23.36,E,,
IC1166,G,0.41,0.28,152,23.47,SBb,,
IC1167,G,0.62,0.55,117,23.34,E,,
IC1168,G,1.32,0.56,169,24.81,E,,
IC1169,G,1.06,0.72,10,22.89,S0-a,,
IC1170,G,0.50,0.28,84,24.61,E-S0,,
IC1173,G,0.92,0.45,63,23.34,SABc,,
IC1174,G,1.03,0.75,51,23.03,S0-a,,
IC1177,G,0.54,0.41,164,23.51,S0-a,,
IC1178,G,1.34,0.66,145,24.34,E-S0,,
IC1181,G,1.01,0.73,58,24.56,S0-a,,
IC1182,G,0.84,0.68,80,23.63,S0-a,,
IC1185,G,0.74,0.54,8,22.76,Sab,,
IC1186,G,0.78,0.48,5,23.49,Sb,,
IC1187,G,0.35,0.22,100,,Sbc,,
IC1188,GPair,0.70,,,,,,
IC1188,G,0.55,0.41,8,23.05,S0-a,,
IC1188,G,0.28,0.18,47,23.14,Sab,,
IC1189,G,0.79,0.56,179,23.46,S0-a,,
IC1190,G,1.28,0.35,119,24.00,SABb,,
IC1191,GPair,0.70,,,,,,
IC1191,G,0.71,0.16,163,23.82,Sab,,
IC1191,G,0.40,0.21,153,23.87,E,,
IC1192,G,0.91,0.43,114,23.99,SBb,,
IC1193,G,0.78,0.65,2,23.69,S0-a,,
IC1194,G,0.64,0.49,20,23.08,S0,,
IC1195,G,0.61,0.43,13,23.02,SBbc,,
IC1196,G,1.04,0.51,5,23.20,Sa,,
IC1197,G,2.56,0.54,57,23.84,Sc,,
IC1198,G,0.79,0.41,111,22.72,SBab,,
IC1199,G,1.19,0.42,158,22.87,Sbc,,
IC1201,G,0.68,0.22,114,23.07,Sb,,
IC1203,*Ass,3.50,2.00,,,,,
IC1204,G,0.65,0.30,65,,Sa,,
IC1205,G,0.69,0.59,110,22.41,SBab,,
IC1206,G,1.12,0.64,2,23.49,Sab,,
IC1207,*Ass,2.00,0.50,,,,,
IC1208,G,1.25,0.32,95,24.16,S0-a,,
IC1209,G,1.36,0.88,3,24.16,E-S0,,
IC1210,G,1.38,0.42,169,23.70,Sab,,
IC1211,G,1.34,1.25,65,23.34,E,,
IC1212,G,0.77,0.66,5,23.61,E,,
IC1214,G,1.05,0.44,17,23.60,S0-a,,
IC1215,G,0.91,0.68,163,22.34,SBbc,,
IC1216,G,0.75,0.63,49,23.02,Sc,,
IC1218,G,0.92,0.92,60,23.07,Sb,,
IC1219,G,1.31,0.52,122,24.34,S0,,
IC1220,G,1.24,1.17,142,24.07,E,,
IC1221,G,1.00,0.92,35,23.32,Sc,,
IC1222,G,1.51,1.12,49,23.48,Sbc,,
IC1223,G,0.82,0.60,20,23.39,Sb,,
IC1224,G,1.28,0.84,87,24.46,E-S0,,
IC1225,G,1.37,0.45,71,23.91,Sb,,
IC1226,G,0.57,0.50,53,22.79,SBa,,
IC1228,G,1.32,0.71,122,23.34,Sb,,
IC1229,G,0.44,0.17,106,23.19,Sb,,
IC1230,GPair,0.92,0.59,159,24.13,E,,
IC1231,G,1.88,0.86,153,23.23,Sc,,
IC1235,G,0.76,0.53,13,23.03,Sc,,
IC1236,G,1.17,1.07,146,23.25,Sc,,
IC1237,G,1.97,0.58,22,23.86,Sbc,,
IC1241,G,1.16,0.93,59,23.25,SBc,,
IC1242,G,0.84,0.51,120,22.86,Sb,,
IC1244,G,1.13,1.13,130,23.66,E,,
IC1245,G,1.85,0.97,126,24.72,S0,,
IC1248,G,0.82,0.64,17,22.87,Sc,,
IC1249,G,0.24,0.22,147,,Sbc,,
IC1250,G,0.59,0.30,70,23.74,E,,
IC1251,G,1.21,0.64,67,23.10,Sc,,
IC1252,G,1.06,0.32,141,23.78,Sab,,
IC1254,G,0.91,0.54,38,23.25,Sb,,
IC1255,G,0.98,0.48,11,22.36,Sb,,
IC1256,G,1.28,0.75,93,23.25,Sb,,
IC1257,GCl,3.30,,,,,,
IC1258,G,0.91,0.72,65,22.93,Sa,,
IC1259,GPair,0.90,,,,,,
IC1259,G,0.91,0.59,152,23.73,E-S0,,
IC1259,G,1.11,1.06,35,23.10,E-S0,,
IC1260,G,0.42,0.34,138,22.65,S0-a,,
IC1261,GPair,1.10,,,,,,
IC1261,G,0.84,0.68,63,24.19,E,,
IC1261,G,0.69,0.61,0,,E-S0,,
IC1262,G,1.64,0.82,84,24.60,E,,
IC1263,G,1.63,0.68,178,23.82,Sb,,
IC1264,G,1.37,1.22,60,24.96,S0,,
IC1265,G,1.85,0.81,78,23.62,Sab,,
IC1266,PN,0.16,,,,,,
IC1267,G,1.38,0.95,55,23.33,SBb,,
IC1268,G,0.66,0.49,90,22.80,Sc,,
IC1269,G,1.32,0.85,135,22.43,Sbc,,
IC1271,Neb,,,,,,,
IC1274,HII,20.00,5.00,,,,,
IC1275,Neb,,,,,,,
IC1276,GCl,9.60,,,,,,
IC1277,G,0.98,0.67,21,23.44,Sc,,
IC1279,G,2.34,0.59,159,23.95,Sb,,
IC1281,GPair,1.30,,,,,,
IC1281,G,0.54,0.31,26,23.94,,,
IC1281,G,0.57,0.38,15,23.19,,,
IC1283,HII,15.00,15.00,,,,,
IC1284,Neb,16.98,15.14,,,,,
IC1286,G,1.42,0.44,86,23.59,Sab,,
IC1287,RfN,20.00,10.00,,,,,
IC1288,G,1.09,0.61,5,22.89,SBa,,
IC1289,G,0.66,0.33,145,23.37,,,
IC1290,*Ass,,,,,,,
IC1291,G,1.33,1.15,17,22.84,Sd,,
IC1295,PN,1.50,,,,,,
IC1296,G,0.99,0.53,69,23.63,SBbc,,
IC1297,PN,0.12,,,,,,
IC1299,OCl,2.00,1.00,,,,,
IC1301,G,1.44,0.69,19,23.67,S0-a,,
IC1302,G,0.95,0.51,50,22.20,SABc,,
IC1303,G,1.18,0.73,104,23.53,Sc,,
IC1304,*Ass,,,,,,,
IC1306,*Ass,,,,,,,
IC1307,*Ass,,,,,,,
IC1308,HII,,,,,,,
IC1309,G,0.87,0.64,58,23.25,SABb,,
IC1310,Cl+N,15.00,3.00,,,,,
IC1311,OCl,6.30,,,,,,
IC1313,G,1.61,1.02,26,23.81,Sab,,
IC1314,*Ass,,,,,,,
IC1317,G,0.76,0.57,98,22.80,E,,
IC1319,G,0.79,0.49,8,22.69,Sbc,,
IC1320,G,1.07,0.61,87,22.99,SBb,,
IC1321,G,1.10,0.71,96,23.84,SBbc,,
IC1322,G,1.10,0.56,114,24.03,S0-a,,
IC1324,G,1.25,1.12,55,23.54,S0-a,,
IC1327,G,0.93,0.90,15,23.51,S0-a,,
IC1328,G,0.89,0.36,50,,Sc,,
IC1330,G,1.25,0.41,109,,Sc,,
IC1331,G,1.75,0.49,85,24.35,S0-a,,
IC1332,G,1.16,0.69,64,23.98,Sab,,
IC1333,G,1.37,0.73,83,24.37,S0-a,,
IC1335,G,0.89,0.64,16,24.37,E,,
IC1336,G,0.86,0.49,44,23.58,S0-a,,
IC1337,G,0.84,0.61,16,22.81,SABb,,
IC1338,G,0.76,0.50,6,23.41,SBab,,
IC1339,G,1.51,0.94,49,23.45,Sb,,
IC1340,SNR,25.12,19.95,,,,,
IC1341,G,0.95,0.53,61,23.85,S0-a,,
IC1342,G,1.08,0.41,74,,Sab,,
IC1343,G,1.02,0.43,173,23.78,S0-a,,
IC1344,G,1.15,0.52,50,23.14,Sab,,
IC1345,G,0.48,0.41,158,22.93,,,
IC1346,G,1.23,0.62,98,23.61,Sb,,
IC1347,G,1.42,0.65,2,24.77,S0,,
IC1348,G,0.37,0.26,155,,,,
IC1349,G,0.72,0.43,51,23.64,S0-a,,
IC1350,G,0.91,0.56,160,23.28,S0-a,,
IC1351,G,0.74,0.23,25,23.93,,,
IC1352,G,0.50,0.30,30,23.62,,,
IC1353,G,0.45,0.35,134,23.36,,,
IC1355,G,0.40,0.34,50,,,,
IC1356,G,0.82,0.58,163,23.58,E,,
IC1357,G,1.28,0.48,38,24.45,SBa,,
IC1358,G,0.50,0.23,38,22.88,,,
IC1359,G,1.16,0.49,171,23.28,Sab,,
IC1360,G,0.80,0.40,20,,Sb,,
IC1361,G,0.78,0.55,48,23.45,Sb,,
IC1362,G,0.62,0.45,167,23.55,E-S0,,
IC1363,OCl,,,,,,,
IC1364,G,1.07,0.78,124,23.44,E,,
IC1365,GGroup,1.00,,,,,,
IC1365,G,1.66,0.85,57,24.88,E,,
IC1365,G,1.38,0.81,74,26.36,,,
IC1366,G,0.81,0.41,23,24.01,S0,,
IC1367,G,0.65,0.50,152,23.35,,,
IC1368,G,1.36,0.52,47,23.25,Sa,,
IC1369,OCl,5.10,,,,,,
IC1370,G,0.66,0.49,54,23.09,,,
IC1371,G,1.42,0.83,13,24.38,E-S0,,
IC1372,G,0.83,0.63,127,23.14,Sc,,
IC1373,G,0.89,0.61,38,23.96,E,,
IC1374,G,0.63,0.44,113,23.33,Sbc,,
IC1375,G,0.58,0.37,125,,E,,
IC1377,G,0.73,0.56,118,22.72,SBab,,
IC1379,G,0.59,0.47,132,23.33,,,
IC1380,G,0.68,0.58,145,23.60,,,
IC1381,G,0.90,0.59,69,23.68,Sab,,
IC1383,G,0.62,0.22,126,23.06,Sb,,
IC1384,G,0.77,0.63,63,23.49,,,
IC1385,G,0.59,0.53,141,22.99,SABb,,
IC1386,G,0.97,0.77,131,22.92,E-S0,,
IC1387,G,0.48,0.46,15,22.35,,,
IC1388,G,0.82,0.41,137,23.32,S0-a,,
IC1389,G,0.81,0.49,119,23.64,S0-a,,
IC1390,G,0.65,0.61,102,22.95,,,
IC1391,G,0.64,0.49,84,23.74,E,,
IC1392,G,1.53,1.22,73,22.61,E-S0,,
IC1393,G,0.74,0.48,175,23.60,S0,,
IC1394,G,1.23,1.15,37,24.12,E,,
IC1395,G,0.74,0.68,85,23.65,E,,
IC1396,Cl+N,14.00,4.00,,,,,
IC1397,G,0.85,0.52,172,23.55,S0-a,,
IC1398,G,0.76,0.43,70,23.04,Sc,,
IC1399,G,0.68,0.46,162,23.55,,,
IC1400,*Ass,,,,,,,
IC1401,G,1.68,0.56,180,23.44,SABb,,
IC1402,*Ass,,,,,,,
IC1403,G,0.49,0.35,153,23.61,,,
IC1404,G,0.97,0.81,47,23.41,E,,
IC1405,G,0.87,0.63,117,23.37,Sab,,
IC1406,G,0.62,0.47,65,23.44,E,,
IC1407,G,0.76,0.56,84,23.26,E-S0,,
IC1408,G,1.00,0.52,33,23.59,S0,,
IC1409,G,0.69,0.43,28,23.30,Sab,,
IC1410,G,0.83,0.54,132,23.96,E,,
IC1411,G,0.87,0.56,36,23.06,E,,
IC1412,G,1.27,0.71,102,23.77,S0-a,,
IC1413,G,0.93,0.26,74,23.29,Sc,,
IC1414,G,0.47,0.40,5,,E,,
IC1417,G,1.65,0.54,110,23.48,Sb,,
IC1418,G,0.86,0.86,160,23.66,Sbc,,
IC1419,G,0.54,0.30,164,23.55,S0-a,,
IC1420,GPair,1.30,,,,,,
IC1420,G,1.32,1.07,0,23.51,Scd,,
IC1420,G,0.86,0.60,90,23.63,Sd,,
IC1421,G,0.63,0.57,5,23.47,E,,
IC1422,G,0.46,0.30,142,23.03,,,
IC1423,G,0.92,0.44,40,22.80,Sb,,
IC1425,G,0.79,0.62,98,23.48,E,,
IC1427,G,1.14,0.83,103,24.32,E,,
IC1428,G,0.71,0.37,61,23.63,,,
IC1430,G,0.56,0.47,55,23.34,,,
IC1431,G,0.75,0.70,20,23.29,Sa,,
IC1432,G,0.44,0.28,30,,S0,,
IC1433,GTrpl,1.00,,,,,,
IC1433,G,0.83,0.41,99,23.92,S0-a,,
IC1433,G,0.18,0.15,90,,,,
IC1433,G,0.21,0.19,111,23.13,,,
IC1434,OCl,4.80,,,,,,
IC1435,G,1.07,0.65,9,22.42,Sb,,
IC1436,G,0.56,0.42,57,23.43,E-S0,,
IC1437,G,1.08,0.94,52,23.60,S0-a,,
IC1438,G,2.33,2.16,119,23.28,Sa,,
IC1439,G,1.25,0.65,28,23.70,SBa,,
IC1440,G,1.67,0.48,76,23.71,Sc,,
IC1441,G,1.07,0.58,38,23.90,SBb,,
IC1442,OCl,4.20,,,,,,
IC1443,G,1.55,1.21,42,23.32,E,,
IC1444,G,0.58,0.37,5,23.45,E,,
IC1445,G,1.41,1.15,87,23.07,E-S0,,
IC1446,G,0.78,0.49,29,23.73,E-S0,,
IC1447,G,1.48,0.77,95,22.82,Sb,,
IC1449,G,0.57,0.34,48,23.05,,,
IC1451,G,0.91,0.87,46,23.54,Sc,,
IC1453,G,0.84,0.71,158,23.26,SABb,,
IC1454,PN,0.47,,,,,,
IC1455,G,1.00,0.56,40,23.17,SBa,,
IC1456,G,0.95,0.21,125,24.46,,,
IC1459,G,4.61,3.23,43,23.12,E,,
IC1460,G,0.61,0.48,158,22.81,E,,
IC1461,G,0.60,0.55,12,22.57,Sc,,
IC1464,GPair,1.20,,,,,,
IC1464,G,0.26,0.15,81,21.52,,,
IC1464,G,0.68,0.45,135,22.89,,,
IC1466,G,0.60,0.50,124,22.30,Sm,,
IC1467,G,0.79,0.38,3,22.53,Sc,,
IC1468,G,1.06,0.49,171,24.04,S0-a,,
IC1469,G,0.45,0.36,105,,,,
IC1470,HII,1.80,1.80,90,,,,
IC1471,G,1.07,0.65,169,23.18,Sa,,
IC1472,G,1.01,0.60,60,23.93,S0-a,,
IC1473,G,1.74,0.85,176,24.04,S0,,
IC1474,G,1.04,0.48,149,22.92,Sc,,
IC1476,G,0.91,0.91,165,24.07,S0-a,,
IC1479,G,1.16,0.96,25,23.67,E-S0,,
IC1481,G,0.73,0.65,45,22.43,Sd,,
IC1482,G,0.81,0.63,135,23.56,E,,
IC1484,G,0.62,0.32,49,24.81,,,
IC1488,G,1.08,0.24,172,24.09,Sa,,
IC1489,G,0.54,0.52,25,22.51,,,
IC1490,G,1.45,0.84,83,23.02,SABb,,
IC1491,G,0.77,0.42,150,22.73,Sbc,,
IC1492,G,1.47,1.11,32,23.88,S0-a,,
IC1493,G,0.52,0.29,135,23.88,,,
IC1494,G,0.73,0.34,125,23.80,S0-a,,
IC1495,G,1.33,0.83,25,23.16,Sb,,
IC1496,G,1.65,1.22,65,24.03,S0-a,,
IC1498,G,2.24,0.57,3,23.78,SBa,,
IC1500,G,0.47,0.38,20,,S0-a,,
IC1501,G,1.48,0.67,133,23.49,SABb,,
IC1502,G,1.01,0.58,51,23.37,S0-a,,
IC1503,G,0.90,0.43,71,22.13,Sd,,
IC1504,G,1.64,0.49,92,23.39,Sb,,
IC1505,G,0.60,0.60,150,22.45,E,,
IC1506,G,0.91,0.56,135,24.04,S0,,
IC1507,G,1.29,0.47,130,23.99,S0-a,,
IC1508,G,0.76,0.37,169,21.49,Scd,,
IC1509,G,1.29,0.22,11,23.11,Sc,,
IC1510,GGroup,1.00,,,,,,
IC1510,G,0.51,0.35,139,24.25,,,
IC1510,G,0.68,0.49,16,23.23,,,
IC1513,G,1.10,0.40,106,23.45,Sab,,
IC1515,G,1.31,1.08,4,23.58,Sb,,
IC1516,G,1.19,1.00,3,23.11,Sbc,,
IC1517,G,1.01,0.75,172,23.36,S0,,
IC1518,G,0.50,0.37,88,23.21,S0,,
IC1519,G,0.63,0.50,140,23.68,E-S0,,
IC1520,G,0.55,0.55,20,22.12,Sc,,
IC1521,G,0.92,0.55,108,23.56,S0,,
IC1522,G,0.76,0.29,13,23.26,Sb,,
IC1523,G,0.36,0.26,15,,,,
IC1525,G,1.79,1.24,26,23.02,Sb,,
IC1526,G,0.74,0.51,136,22.85,Sc,,
IC1527,G,0.91,0.65,132,23.80,Sa,,
IC1528,G,2.15,0.85,73,23.32,SBb,,
IC1529,G,1.15,0.94,22,23.54,S0,,
IC1531,G,1.89,1.31,124,23.60,E-S0,,
IC1532,G,1.83,0.54,73,23.90,SBbc,,
IC1534,G,1.02,0.44,70,23.85,S0,,
IC1535,G,0.99,0.29,170,23.02,Sb,,
IC1536,G,0.81,0.53,172,23.85,E,,
IC1540,G,0.97,0.41,28,22.98,SBb,,
IC1541,G,0.72,0.28,36,23.55,S0,,
IC1542,G,0.53,0.43,70,22.77,,,
IC1543,G,0.80,0.68,36,22.52,Sbc,,
IC1544,G,1.10,0.77,143,23.45,SABc,,
IC1545,G,0.45,0.36,14,23.49,,,
IC1548,G,0.68,0.42,78,23.63,E,,
IC1549,G,1.45,1.45,150,24.52,S0-a,,
IC1550,G,0.91,0.91,150,23.59,S0,,
IC1551,G,2.42,0.68,3,24.53,SBc,,
IC1552,G,0.94,0.27,126,22.99,Sc,,
IC1553,G,1.36,0.34,15,22.66,Scd,,
IC1554,G,1.38,0.80,27,23.20,S0-a,,
IC1555,G,1.31,0.74,129,23.13,Scd,,
IC1556,G,0.84,0.34,40,23.05,Sb,,
IC1557,G,0.69,0.24,116,23.45,S0-a,,
IC1558,G,2.80,1.52,143,23.30,SABm,,
IC1561,G,1.41,0.51,103,23.81,SBb,,
IC1562,G,1.50,1.41,49,23.18,SBc,,
IC1564,G,1.01,0.50,84,23.07,SABb,,
IC1565,G,1.80,1.76,20,24.65,E,,
IC1566,G,0.91,0.74,125,24.11,E,,
IC1568,G,1.15,0.87,76,24.52,S0,,
IC1569,G,0.72,0.60,12,23.73,S0,,
IC1570,G,0.58,0.27,4,23.88,S0-a,,
IC1571,G,1.05,0.84,14,23.30,Sb,,
IC1573,G,1.29,0.17,68,24.29,Sc,,
IC1574,G,1.83,0.70,176,23.67,IB,,
IC1575,G,0.87,0.77,140,22.79,Sa,,
IC1576,G,0.76,0.46,143,23.24,Sc,,
IC1578,G,0.84,0.37,18,23.05,Sb,,
IC1579,G,1.02,0.53,6,22.99,SBc,,
IC1581,G,1.00,0.20,48,23.66,Sc,,
IC1582,G,1.21,0.30,47,23.84,Sbc,,
IC1583,G,0.60,0.46,28,23.05,S0-a,,
IC1584,G,1.38,1.20,95,24.35,SABb,,
IC1585,G,0.75,0.55,110,23.42,S0,,
IC1586,G,0.28,0.23,20,,,,
IC1587,G,1.16,0.44,30,24.50,S0,,
IC1588,G,0.69,0.35,153,24.11,S0-a,,
IC1590,Cl+N,6.30,,,,,,
IC1592,G,0.86,0.68,167,23.60,Sbc,,
IC1594,G,1.25,0.39,129,23.55,SABb,,
IC1595,G,1.45,0.26,12,23.77,Sb,,
IC1596,G,1.88,0.75,118,24.53,Sab,,
IC1597,G,1.61,0.42,152,23.79,SBb,,
IC1598,G,1.01,0.51,3,23.41,Sa,,
IC1599,G,1.19,0.28,107,23.45,Sbc,,
IC1600,G,0.80,0.47,92,23.31,Sbc,,
IC1601,G,0.92,0.44,116,22.45,Sbc,,
IC1602,G,1.08,0.80,149,24.35,E,,
IC1603,G,1.41,0.55,112,23.35,Sc,,
IC1605,G,1.68,1.35,143,23.41,SBbc,,
IC1607,G,0.94,0.76,138,22.89,Sc,,
IC1608,G,2.05,0.68,171,23.90,S0-a,,
IC1609,G,1.13,0.99,44,22.73,S0,,
IC1610,G,1.59,1.41,110,23.60,S0-a,,
IC1611,OCl,1.50,1.50,,,,,
IC1612,OCl,1.20,0.80,20,,,,
IC1613,G,18.32,17.14,50,25.00,I,,
IC1614,G,0.62,0.51,60,24.61,,,
IC1615,G,1.33,0.60,148,23.05,SBbc,,
IC1616,G,1.63,1.50,5,23.12,Sbc,,
IC1617,G,1.35,0.49,124,23.73,S0-a,,
IC1618,G,0.86,0.46,156,23.98,S0,,
IC1619,G,0.75,0.60,93,23.47,S0,,
IC1620,G,0.96,0.68,87,23.09,Sbc,,
IC1621,G,1.38,0.43,3,23.16,Sbc,,
IC1622,G,0.70,0.56,160,22.46,Sab,,
IC1623,GPair,1.20,,,,,,
IC1623,G,1.05,0.87,63,22.95,S?,,
IC1623,G,0.80,0.60,12,22.44,I,,
IC1624,OCl,0.90,0.90,,,,,
IC1625,G,1.80,1.41,9,23.03,E-S0,,
IC1626,OCl,1.00,1.00,,,,,
IC1627,G,1.62,0.64,139,23.01,SBbc,,
IC1628,G,1.65,1.53,112,23.49,E,,
IC1629,G,0.78,0.63,56,24.06,,,
IC1630,G,1.65,0.28,64,23.82,Sb,,
IC1631,G,0.81,0.52,85,22.34,Sab,,
IC1632,G,0.23,0.22,5,,E,,
IC1633,G,2.90,2.16,97,23.73,E,,
IC1634,G,0.83,0.72,153,24.14,E,,
IC1635,G,1.15,0.65,148,24.58,E,,
IC1636,G,0.55,0.44,103,22.41,S0,,
IC1637,G,1.69,1.30,90,23.18,SBc,,
IC1638,G,0.75,0.68,105,23.23,E,,
IC1639,G,0.76,0.70,100,22.64,E,,
IC1640,G,0.18,0.18,20,20.56,Sb,,
IC1641,OCl,0.75,0.65,40,,,,
IC1643,G,0.90,0.67,79,23.54,SBa,,
IC1644,HII,0.80,0.65,40,,,,
IC1645,G,0.86,0.77,11,23.95,E,,
IC1646,G,0.65,0.61,17,23.48,SABc,,
IC1647,G,0.90,0.40,40,23.19,Sc,,
IC1648,G,0.40,0.40,155,21.91,S0,,
IC1649,G,1.90,0.31,136,23.55,Sbc,,
IC1650,G,1.32,0.65,62,23.22,SBb,,
IC1652,G,1.32,0.17,170,23.21,S0-a,,
IC1654,G,0.99,0.46,50,23.02,Sa,,
IC1655,OCl,1.70,1.50,50,,,,
IC1657,G,2.32,0.52,170,22.68,SBbc,,
IC1659,G,0.83,0.74,18,23.11,E,,
IC1660,OCl,1.10,1.10,,,,,
IC1662,OCl,1.20,1.20,,,,,
IC1666,G,0.93,0.86,73,22.94,Sc,,
IC1667,G,0.96,0.68,45,23.65,Sc,,
IC1668,G,0.34,0.24,50,21.89,Sc,,
IC1669,G,0.77,0.26,5,24.02,,,
IC1670,GPair,3.00,,,,,,
IC1670,G,1.60,0.56,114,23.56,Sbc,,
IC1670,G,1.99,0.44,102,24.67,S0,,
IC1672,G,1.42,1.00,138,23.19,Sab,,
IC1673,G,0.54,0.54,70,22.33,E,,
IC1674,G,0.52,0.29,23,21.95,Sbc,,
IC1675,G,0.72,0.23,58,21.65,Sab,,
IC1676,G,0.59,0.44,179,23.36,E,,
IC1677,G,0.65,0.30,129,22.34,Sc,,
IC1678,G,0.34,0.24,145,,,,
IC1679,G,0.60,0.51,46,23.13,S0-a,,
IC1680,G,0.70,0.53,103,23.01,S0-a,,
IC1681,G,1.00,0.49,101,23.04,Sd,,
IC1682,G,0.86,0.40,119,22.50,Sab,,
IC1683,G,1.32,0.57,173,22.90,Sb,,
IC1684,G,0.68,0.45,124,23.64,S0,,
IC1685,G,0.40,0.30,165,,,,
IC1687,G,0.68,0.48,0,22.88,S0-a,,
IC1688,G,0.38,0.31,64,23.18,E,,
IC1689,G,0.62,0.41,171,22.70,S0,,
IC1690,G,0.49,0.26,130,,S0,,
IC1691,G,0.46,0.39,122,23.25,S0-a,,
IC1692,G,0.50,0.36,144,22.93,S0,,
IC1693,G,0.65,0.27,162,23.73,S0-a,,
IC1694,G,1.12,0.71,4,23.89,E,,
IC1695,G,1.84,1.08,86,25.25,E,,
IC1696,G,0.83,0.75,16,23.10,E,,
IC1697,G,0.81,0.46,104,23.27,S0-a,,
IC1698,G,1.87,0.76,117,24.86,S0,,
IC1701,G,0.79,0.60,92,23.66,E,,
IC1702,G,1.13,0.68,172,23.05,Sc,,
IC1704,G,1.08,0.76,162,23.02,Sc,,
IC1705,G,0.63,0.48,107,23.86,E,,
IC1706,G,0.50,0.48,85,22.94,SBcd,,
IC1708,OCl,1.20,1.20,,,,,
IC1711,G,2.49,0.48,42,24.32,Sb,,
IC1714,G,0.62,0.50,94,24.26,,,
IC1715,G,0.65,0.50,95,22.28,I,,
IC1718,G,0.68,0.38,120,22.87,,,
IC1719,G,1.49,1.08,173,23.56,S0,,
IC1720,G,1.21,0.91,155,22.73,Sbc,,
IC1721,G,1.05,0.46,100,22.77,Sbc,,
IC1722,G,1.52,0.39,51,23.37,SABb,,
IC1723,G,2.45,0.50,28,23.67,Sb,,
IC1724,G,1.29,0.50,126,23.42,S0-a,,
IC1725,G,0.52,0.45,60,22.79,Sc,,
IC1726,G,0.30,0.30,35,,,,
IC1727,G,6.52,2.44,150,24.02,SBm,,
IC1728,G,1.29,0.80,6,23.00,Sbc,,
IC1729,G,2.22,1.25,142,24.03,E,,
IC1730,G,0.75,0.48,64,23.54,S?,,
IC1731,G,1.45,0.80,134,23.33,SABc,,
IC1732,G,1.32,0.38,61,23.86,S0-a,,
IC1733,G,1.54,1.43,70,23.97,E,,
IC1734,G,1.63,1.52,21,23.20,Sc,,
IC1735,G,0.85,0.69,157,23.66,S0,,
IC1736,G,1.04,0.28,35,23.04,Sbc,,
IC1738,G,0.93,0.69,76,22.99,Sb,,
IC1739,G,0.88,0.55,86,22.88,Sb,,
IC1741,G,1.05,0.58,168,24.24,S0-a,,
IC1742,G,0.68,0.46,48,22.97,Sc,,
IC1745,G,0.75,0.31,138,24.09,S0-a,,
IC1746,G,1.58,0.47,95,24.66,S0,,
IC1747,PN,0.22,,,,,,
IC1748,G,0.69,0.49,122,22.66,Sbc,,
IC1749,G,1.06,0.69,150,23.54,S0,,
IC1750,G,1.02,0.18,64,23.78,S0-a,,
IC1752,G,0.62,0.28,123,24.05,,,
IC1753,G,0.84,0.57,140,23.28,E-S0,,
IC1754,G,0.92,0.92,80,23.92,,,
IC1755,G,1.46,0.37,155,23.72,SABa,,
IC1756,G,1.31,0.24,154,23.49,Sc,,
IC1757,G,0.40,0.24,55,23.65,E,,
IC1758,G,0.56,0.20,50,,S0,,
IC1759,G,1.47,1.26,11,23.35,Sbc,,
IC1760,G,0.62,0.41,172,23.91,Scd,,
IC1761,G,0.63,0.28,47,23.16,S0-a,,
IC1762,G,1.69,0.55,43,23.23,SBbc,,
IC1763,G,1.09,0.92,45,23.37,Sbc,,
IC1764,G,1.20,0.87,10,23.45,Sb,,
IC1767,G,1.69,0.56,75,24.03,Sa,,
IC1768,G,1.45,1.20,47,23.84,S0,,
IC1769,G,0.93,0.26,76,23.23,Sb,,
IC1770,G,1.41,1.36,50,24.83,S0,,
IC1771,G,0.75,0.75,175,23.48,E-S0,,
IC1772,G,0.68,0.68,0,,,,
IC1774,G,1.41,0.66,127,24.05,SABc,,
IC1775,G,0.75,0.67,167,23.69,SABa,,
IC1776,G,1.26,1.00,172,23.55,Scd,,
IC1777,G,0.91,0.91,130,24.08,E,,
IC1779,G,0.37,0.28,105,,,,
IC1780,G,0.64,0.37,9,23.30,S0-a,,
IC1781,G,0.68,0.52,126,23.53,Sbc,,
IC1783,G,1.98,0.80,4,22.75,Sb,,
IC1784,G,1.40,0.74,94,23.00,Sbc,,
IC1785,G,0.81,0.44,146,23.78,S0,,
IC1786,G,0.66,0.43,154,23.50,,,
IC1788,G,2.53,1.07,28,23.16,SBbc,,
IC1789,G,1.95,0.42,30,24.20,Sa,,
IC1790,G,0.82,0.28,63,23.12,Sc,,
IC1791,G,1.09,1.08,95,23.49,S0,,
IC1792,G,1.39,0.96,26,23.96,Sb,,
IC1793,G,1.28,0.63,36,23.59,Sab,,
IC1794,G,0.93,0.71,90,23.59,S0-a,,
IC1795,HII,12.00,12.00,,,,,
IC1796,G,1.07,0.70,86,23.10,E-S0,,
IC1797,G,0.97,0.37,142,23.29,SBb,,
IC1798,G,0.31,0.21,100,,,,
IC1799,G,0.79,0.37,40,22.80,Sc,,
IC1801,G,1.18,0.54,30,23.27,Sb,,
IC1802,G,0.98,0.79,105,23.38,E,,
IC1803,G,0.46,0.46,35,22.90,E,,
IC1804,G,0.97,0.86,136,24.37,E,,
IC1805,Cl+N,60.00,60.00,,,,,
IC1806,G,0.63,0.47,156,23.56,E,,
IC1807,G,0.56,0.49,24,23.20,E,,
IC1809,G,0.85,0.51,50,22.99,SBab,,
IC1810,G,1.37,0.97,150,23.29,Sab,,
IC1811,G,1.15,0.68,7,23.12,SBab,,
IC1812,G,2.08,1.60,35,23.67,E,,
IC1813,G,1.13,0.75,100,23.27,S0-a,,
IC1815,G,1.35,1.20,123,23.74,S0,,
IC1816,G,1.26,1.22,125,23.01,SBab,,
IC1817,GPair,0.90,,,,,,
IC1817,G,0.49,0.25,12,23.03,Sd,,
IC1817,G,0.67,0.43,161,22.96,Sc,,
IC1818,G,0.83,0.71,78,23.69,E,,
IC1819,G,2.01,0.62,25,25.33,E,,
IC1820,G,0.53,0.28,65,,,,
IC1821,GPair,1.00,,,,,,
IC1821,G,0.70,0.30,45,,,,
IC1821,G,0.26,0.20,0,,,,
IC1823,G,1.38,0.83,78,24.05,Sc,,
IC1825,G,1.15,0.79,22,23.56,Sc,,
IC1826,G,2.06,1.81,107,23.46,S0-a,,
IC1827,G,1.09,0.23,154,22.98,Sa,,
IC1829,G,0.94,0.73,26,24.46,E,,
IC1831,Neb,120.23,,,,,,
IC1832,G,0.74,0.69,140,23.26,S0,,
IC1833,G,1.43,0.74,64,23.62,S0,,
IC1834,G,0.69,0.61,16,23.15,Sb,,
IC1835,GGroup,0.72,0.58,28,23.82,E,,
IC1836,G,0.63,0.50,42,23.64,,,
IC1838,G,0.64,0.23,175,22.08,Sc,,
IC1839,G,0.97,0.40,96,23.27,Sbc,,
IC1841,G,0.64,0.48,50,22.96,SBb,,
IC1842,G,1.07,0.30,20,23.96,Sa,,
IC1843,G,1.04,0.63,74,22.89,SBab,,
IC1844,G,0.94,0.37,97,22.96,Sbc,,
IC1847,G,0.56,0.47,131,23.39,,,
IC1848,Cl+N,40.00,10.00,,,,,
IC1849,G,0.83,0.46,90,23.75,E-S0,,
IC1853,G,1.39,0.39,94,23.54,SBb,,
IC1854,G,0.52,0.43,154,22.71,S0,,
IC1855,G,0.45,0.31,40,23.23,S0-a,,
IC1856,G,1.14,0.51,56,23.03,Sab,,
IC1857,G,0.79,0.43,149,22.97,Sab,,
IC1858,G,1.88,0.86,174,24.22,S0-a,,
IC1859,G,1.30,0.85,15,23.24,SBbc,,
IC1860,G,2.64,1.80,4,24.58,E,,
IC1861,G,1.28,0.80,150,23.78,S0,,
IC1862,G,2.67,0.59,4,24.32,Sbc,,
IC1863,G,0.60,0.60,180,23.36,S0,,
IC1864,G,1.30,0.76,63,23.11,E,,
IC1865,G,1.30,1.01,91,24.04,Sbc,,
IC1866,G,1.01,0.81,84,23.81,E-S0,,
IC1867,G,1.52,1.17,17,24.66,,,
IC1868,G,0.40,0.36,35,,,,
IC1869,G,0.70,0.27,124,23.45,S0,,
IC1870,G,1.55,0.90,133,23.05,Sm,,
IC1871,HII,4.00,4.00,,,,,
IC1873,G,1.17,0.46,26,24.17,S0-a,,
IC1874,G,0.94,0.66,85,23.24,S0-a,,
IC1875,G,1.57,0.87,19,23.12,E-S0,,
IC1876,G,1.16,1.12,7,23.49,S0,,
IC1877,G,0.90,0.20,153,23.77,Sb,,
IC1878,G,0.58,0.39,180,22.93,,,
IC1879,G,1.21,0.23,137,23.77,Sc,,
IC1880,G,1.85,1.09,34,24.68,E-S0,,
IC1882,G,1.14,0.39,22,23.28,Sb,,
IC1885,G,1.45,0.46,137,23.44,Sc,,
IC1886,G,1.11,0.88,1,23.78,S0,,
IC1890,G,1.02,1.02,150,24.43,S0,,
IC1891,G,0.44,0.34,44,23.55,,,
IC1892,G,1.78,0.98,12,23.29,SBd,,
IC1893,G,0.39,0.25,54,23.78,S0-a,,
IC1894,G,0.78,0.52,3,23.91,S0,,
IC1895,G,1.40,1.05,164,23.61,S0-a,,
IC1896,G,0.81,0.31,18,23.51,Sab,,
IC1897,G,0.99,0.57,31,23.35,S0-a,,
IC1898,G,3.66,0.65,73,23.70,SBc,,
IC1899,G,1.32,0.39,161,23.50,S0-a,,
IC1900,G,0.83,0.65,92,23.29,S0,,
IC1901,G,0.91,0.27,164,23.69,S0-a,,
IC1902,G,0.69,0.43,67,23.57,S0-a,,
IC1903,GPair,1.90,,,,,,
IC1903,G,0.48,0.15,60,24.34,S0-a,,
IC1903,G,0.65,0.23,0,24.30,E-S0,,
IC1904,G,1.37,0.61,102,23.35,SBab,,
IC1906,G,1.21,0.51,64,22.95,SBbc,,
IC1908,G,1.23,0.68,68,23.57,SBb,,
IC1909,G,1.25,0.68,60,23.27,SBb,,
IC1912,G,1.05,0.21,6,23.38,Sc,,
IC1913,G,1.96,0.41,149,23.53,SBb,,
IC1914,G,1.95,1.45,112,23.39,SABc,,
IC1915,G,0.61,0.52,29,23.61,SBc,,
IC1916,G,0.86,0.55,81,23.36,SBc,,
IC1917,G,0.83,0.47,12,24.36,S0-a,,
IC1918,G,0.60,0.20,150,,Sb,,
IC1919,G,1.73,1.08,84,23.69,E-S0,,
IC1920,G,0.56,0.41,148,23.44,S0-a,,
IC1922,G,0.41,0.28,31,23.31,Sbc,,
IC1923,G,0.30,0.19,91,23.69,,,
IC1924,G,0.74,0.30,76,23.99,Sbc,,
IC1926,G,0.55,0.21,81,23.23,Sbc,,
IC1928,G,1.77,0.46,30,23.36,Sab,,
IC1929,G,0.94,0.59,139,23.19,SBab,,
IC1930,G,0.76,0.62,14,24.07,E,,
IC1931,G,0.80,0.76,78,23.77,,,
IC1932,G,0.94,0.41,15,23.98,S0,,
IC1933,G,2.27,1.21,54,22.90,Sc,,
IC1934,G,0.99,0.51,135,24.30,S0,,
IC1935,G,1.00,0.71,67,23.08,Sc,,
IC1936,G,0.64,0.30,146,23.19,Sc,,
IC1937,G,0.89,0.54,58,22.90,Sc,,
IC1938,G,0.82,0.61,82,23.61,Sb,,
IC1940,G,0.96,0.87,37,23.29,Sab,,
IC1942,GPair,0.70,,,,,,
IC1942,G,0.39,0.12,179,23.37,E,,
IC1942,G,0.89,0.69,10,23.92,E,,
IC1944,G,0.50,0.36,15,22.72,Sc,,
IC1945,G,0.81,0.26,127,24.45,S0-a,,
IC1946,G,0.91,0.45,64,23.68,S0-a,,
IC1947,G,0.58,0.49,131,22.89,Sc,,
IC1948,G,0.83,0.64,162,23.75,Sb,,
IC1949,G,1.18,0.87,16,22.57,SBc,,
IC1950,G,1.56,0.42,153,23.70,Sc,,
IC1951,G,0.54,0.16,56,23.54,Sbc,,
IC1952,G,2.58,0.55,140,23.18,SBbc,,
IC1953,G,2.26,1.19,125,22.36,Sc,,
IC1954,G,2.99,1.71,60,22.84,Sb,,
IC1955,G,0.68,0.55,176,23.48,Sbc,,
IC1956,G,1.32,0.47,33,24.06,Sbc,,
IC1957,G,1.02,0.18,33,23.83,Sc,,
IC1958,G,0.46,0.27,79,22.64,Sc,,
IC1959,G,3.05,0.72,148,23.08,SBm,,
IC1960,G,1.13,0.27,111,23.39,Sab,,
IC1961,G,0.63,0.42,19,22.88,Sc,,
IC1962,G,2.25,0.50,1,23.92,SBd,,
IC1964,G,0.55,0.34,92,23.59,Sbc,,
IC1965,G,0.96,0.63,117,23.91,SABc,,
IC1966,G,0.58,0.25,114,22.46,Scd,,
IC1967,G,0.83,0.44,64,23.07,Sbc,,
IC1968,G,0.46,0.35,97,22.96,Sc,,
IC1969,G,1.32,0.35,39,24.14,Sab,,
IC1970,G,2.99,0.76,75,23.14,Sb,,
IC1971,G,0.78,0.38,173,23.59,Sab,,
IC1972,G,0.69,0.20,152,23.39,Sc,,
IC1973,G,0.50,0.19,10,23.93,,,
IC1974,G,0.78,0.36,159,23.44,Sc,,
IC1975,G,0.42,0.38,65,22.40,,,
IC1976,G,0.80,0.59,128,23.72,Scd,,
IC1977,G,0.85,0.62,180,22.88,Sb,,
IC1978,G,1.21,0.20,8,23.87,Sab,,
IC1980,G,1.27,0.41,21,23.40,Sb,,
IC1982,G,0.49,0.39,61,22.80,Sab,,
IC1984,G,0.75,0.25,139,23.53,Sc,,
IC1986,G,1.27,0.23,102,22.67,Sm,,
IC1987,GGroup,1.40,,,,,,
IC1987,G,0.56,0.32,147,24.00,,,
IC1987,G,0.78,0.28,11,24.28,E,,
IC1987,G,0.79,0.79,0,25.27,,,
IC1987,G,0.20,0.19,28,,,,
IC1989,G,1.37,0.76,132,23.97,E-S0,,
IC1990,Neb,,,,,,,
IC1991,G,0.84,0.28,40,23.56,Sc,,
IC1993,G,2.81,2.48,57,23.41,SABb,,
IC1994,G,0.73,0.22,4,24.05,,,
IC1995,Neb,2.00,2.00,90,,,,
IC1996,G,0.92,0.21,102,23.64,Sc,,
IC1997,G,1.01,0.70,76,22.60,Sa,,
IC1998,G,0.77,0.61,12,24.00,E,,
IC1999,G,0.79,0.68,148,23.89,Sbc,,
IC2000,G,4.88,0.85,82,23.65,SBc,,
IC2003,PN,0.14,,,,,,
IC2004,G,0.91,0.68,46,23.45,S0-a,,
IC2005,G,0.34,0.23,47,23.07,E,,
IC2006,G,2.36,1.98,35,22.97,E,,
IC2007,G,1.29,0.60,48,22.44,Sbc,,
IC2009,G,1.50,0.99,66,24.09,IAB,,
IC2010,G,1.19,0.48,71,23.07,SABa,,
IC2012,GPair,0.70,,,,,,
IC2012,G,0.51,0.42,18,23.60,S0-a,,
IC2014,G,0.63,0.47,18,23.17,SBc,,
IC2015,G,0.59,0.44,102,22.96,Sc,,
IC2016,G,0.51,0.25,2,23.16,S0,,
IC2017,G,1.11,0.74,21,23.88,S0,,
IC2018,G,0.79,0.55,137,23.57,SABb,,
IC2019,G,0.84,0.47,64,23.61,S0,,
IC2020,G,0.67,0.53,58,23.21,Sc,,
IC2021,G,0.65,0.49,123,23.21,Sbc,,
IC2022,G,1.10,0.24,1,23.85,Sc,,
IC2023,G,0.59,0.44,43,23.14,Sc,,
IC2024,G,1.10,0.26,30,23.23,SBc,,
IC2025,G,1.16,0.25,124,24.12,Sb,,
IC2027,G,0.94,0.78,100,24.27,E,,
IC2028,G,0.86,0.52,54,23.06,Sc,,
IC2029,G,1.03,0.40,180,23.65,SBc,,
IC2031,G,0.56,0.48,103,22.99,Sab,,
IC2032,G,1.12,0.41,75,23.02,IAB,,
IC2033,G,1.19,0.47,127,23.66,SABa,,
IC2034,G,1.35,0.20,119,23.79,Sc,,
IC2035,G,1.41,1.17,84,21.91,E-S0,,
IC2036,G,1.12,0.73,84,23.03,SBc,,
IC2037,G,1.74,0.30,90,23.57,Sb,,
IC2038,G,1.85,0.49,155,24.32,Scd,,
IC2039,G,1.09,0.93,124,23.92,E-S0,,
IC2040,G,1.35,0.66,68,23.00,S0-a,,
IC2041,G,1.07,0.74,136,23.55,S0,,
IC2043,G,1.43,0.27,12,23.87,Sb,,
IC2044,G,0.62,0.38,54,23.71,SABc,,
IC2045,G,0.91,0.68,126,24.04,E,,
IC2046,G,0.82,0.56,104,23.11,SBbc,,
IC2049,G,1.06,0.80,10,23.23,SABc,,
IC2050,G,1.17,0.82,36,23.32,SBb,,
IC2051,G,2.86,1.72,68,22.87,SBbc,,
IC2052,G,1.06,0.39,165,23.41,Sc,,
IC2053,G,0.53,0.48,73,22.65,S0-a,,
IC2054,G,0.46,0.42,115,23.36,Sab,,
IC2056,G,1.85,1.61,14,22.39,Sbc,,
IC2057,G,0.63,0.52,65,22.80,SABa,,
IC2058,G,3.40,0.48,18,23.46,Scd,,
IC2059,G,1.34,0.55,170,23.30,S0,,
IC2060,G,1.25,0.82,158,24.05,E-S0,,
IC2063,G,0.87,0.48,174,22.90,Sab,,
IC2064,G,0.53,0.47,47,23.38,,,
IC2065,G,1.19,0.39,36,23.25,Sa,,
IC2066,G,0.86,0.64,133,23.38,SBbc,,
IC2067,Neb,,,,,,,
IC2068,G,1.29,0.91,171,23.43,S0-a,,
IC2070,G,1.44,0.67,88,23.39,SABc,,
IC2071,GGroup,1.20,,,,,,
IC2073,G,1.43,0.58,50,23.23,SBc,,
IC2079,G,1.40,0.39,125,23.59,Sab,,
IC2080,G,0.78,0.47,15,23.67,Sa,,
IC2081,G,1.00,0.77,75,22.95,E-S0,,
IC2082,GPair,1.40,,,,,,
IC2082,G,1.23,0.58,125,,E,,
IC2082,G,1.02,0.55,123,23.63,E-S0,,
IC2083,G,0.95,0.51,102,23.38,S0-a,,
IC2085,G,2.45,0.54,112,24.51,S0-a,,
IC2086,G,0.64,0.57,141,23.61,E,,
IC2087,Neb,4.00,4.00,,,,,
IC2088,Neb,,,,,,,
IC2089,G,0.99,0.88,36,23.77,Sm,,
IC2094,G,1.04,0.27,71,24.65,,,
IC2095,G,1.46,0.20,55,24.05,Sc,,
IC2097,G,1.16,0.29,116,23.15,IB,,
IC2098,G,2.45,0.33,96,23.74,Sc,,
IC2101,G,1.76,0.38,152,23.17,SBc,,
IC2102,G,1.28,1.14,65,23.70,SBc,,
IC2103,G,2.02,0.34,88,23.68,Sc,,
IC2104,G,2.11,1.14,100,23.67,Sbc,,
IC2105,Cl+N,0.65,0.60,170,,,,
IC2106,G,1.79,1.04,156,23.32,SBb,,
IC2111,Cl+N,0.65,0.55,130,,,,
IC2112,G,0.32,0.21,26,22.76,,,
IC2116,HII,0.60,0.60,,,,,
IC2117,Cl+N,1.00,0.90,110,,,,
IC2119,G,1.20,0.63,54,23.34,SBb,,
IC2122,G,1.75,1.51,66,23.85,E-S0,,
IC2125,G,1.02,0.75,126,23.29,S0,,
IC2128,Cl+N,4.80,3.60,40,,,,
IC2129,G,1.82,0.88,103,23.20,SBd,,
IC2132,G,1.88,0.62,175,23.81,SABa,,
IC2134,GCl,1.40,1.40,,,,,
IC2135,G,3.24,0.66,110,23.24,Sc,,
IC2137,G,1.29,0.81,83,22.96,SABa,,
IC2139,*Ass,,,,,,,
IC2140,GCl,2.30,2.30,,,,,
IC2141,*Ass,,,,,,,
IC2142,G,0.86,0.48,27,23.44,Sbc,,
IC2143,G,1.90,0.92,99,23.00,SBb,,
IC2144,HII,1.00,1.00,0,,,,
IC2145,Neb,0.19,,,,,,
IC2146,GCl,3.30,3.30,,,,,
IC2147,G,1.56,1.29,86,23.10,Scd,,
IC2148,GCl,1.30,1.30,,,,,
IC2149,PN,0.14,,,,,,
IC2150,G,2.90,0.80,83,23.50,SBc,,
IC2151,G,1.24,0.64,93,22.95,Sbc,,
IC2152,G,1.65,1.15,50,23.13,SBa,,
IC2153,GPair,1.00,,,,,,
IC2153,G,1.15,0.89,68,23.29,S0-a,,
IC2153,G,1.08,0.84,69,23.01,I,,
IC2155,G,0.37,0.23,3,,,,
IC2156,OCl,,,,,,,
IC2157,OCl,2.70,,,,,,
IC2158,G,1.36,1.08,115,22.31,SBab,,
IC2159,Neb,,,,,,,
IC2160,G,1.80,0.89,108,23.29,SBc,,
IC2161,GCl,1.60,1.60,,,,,
IC2162,HII,4.00,4.00,,,,,
IC2163,G,3.37,0.95,103,22.11,Sc,,
IC2164,G,1.15,0.97,122,23.42,Sab,,
IC2165,PN,0.15,,,,,,
IC2166,G,2.20,1.08,116,23.27,SABc,,
IC2171,G,1.63,0.34,91,23.58,IB,,
IC2174,G,0.78,0.78,125,22.60,SBa,,
IC2176,G,0.93,0.76,180,23.74,E,,
IC2177,RfN,20.00,20.00,,,,,
IC2178,G,0.59,0.35,140,23.54,,,
IC2179,G,0.85,0.79,95,22.04,E,,
IC2180,G,0.90,0.79,10,23.38,Sab,,
IC2181,G,1.02,0.56,140,23.27,Sab,,
IC2182,G,1.51,0.78,103,24.47,S0-a,,
IC2184,GGroup,1.10,,,,,,
IC2184,G,0.86,0.40,145,22.12,Sbc,,
IC2184,G,0.73,0.30,15,,Sab,,
IC2185,G,0.60,0.36,125,22.10,Sbc,,
IC2186,G,0.33,0.22,30,,,,
IC2187,G,0.20,0.20,175,,E,,
IC2188,G,1.10,0.72,112,23.92,S0,,
IC2190,G,0.93,0.61,19,22.94,Sbc,,
IC2191,G,0.81,0.53,20,23.57,E,,
IC2192,G,0.52,0.41,134,23.48,,,
IC2193,G,1.47,0.96,87,23.88,Sb,,
IC2194,G,1.51,0.38,50,24.48,S0-a,,
IC2196,G,1.67,0.86,153,23.90,E,,
IC2197,G,0.50,0.33,138,24.31,,,
IC2198,G,0.65,0.62,60,23.23,E,,
IC2199,G,1.03,0.58,26,21.90,SBbc,,
IC2200,G,1.33,0.78,59,22.96,SABb,,
IC2201,G,1.16,0.29,66,23.41,Sa,,
IC2202,G,2.16,0.67,164,23.12,SBbc,,
IC2203,G,0.90,0.70,154,22.99,SBc,,
IC2204,G,0.89,0.82,138,23.75,Sab,,
IC2205,G,0.71,0.35,52,23.08,E,,
IC2207,G,1.71,0.28,124,23.54,SBc,,
IC2208,G,0.43,0.33,12,22.53,S0,,
IC2209,G,0.84,0.75,145,22.64,SBb,,
IC2211,G,0.82,0.45,139,22.68,SBa,,
IC2212,G,0.73,0.64,103,23.49,S0-a,,
IC2213,G,0.73,0.61,71,23.39,S0-a,,
IC2214,G,0.92,0.81,40,23.00,SBab,,
IC2217,G,0.59,0.42,87,22.04,Sc,,
IC2218,G,0.85,0.30,19,24.02,E,,
IC2219,G,1.16,0.55,176,22.89,Sc,,
IC2220,RfN,5.00,,,,,,Toby Jug Nebula
IC2221,G,0.64,0.45,23,24.14,E,,
IC2222,G,0.79,0.41,121,23.23,SBbc,,
IC2223,G,0.46,0.30,71,23.32,S0,,
IC2225,G,1.07,0.75,87,23.49,SBa,,
IC2226,G,1.05,0.78,142,22.92,SABa,,
IC2227,G,1.11,0.58,30,23.54,SBa,,
IC2230,G,0.57,0.46,159,23.26,S0,,
IC2231,G,1.67,1.67,120,24.91,E,,
IC2233,G,2.88,0.40,172,21.84,SBc,,
IC2234,G,0.54,0.51,124,23.52,E,,
IC2239,G,0.84,0.71,140,23.44,S0-a,,
IC2247,G,1.82,0.27,149,22.74,Sbc,,
IC2248,G,0.79,0.46,52,23.03,Sa,,
IC2249,G,0.31,0.25,122,22.84,Sbc,,
IC2250,G,0.41,0.31,122,23.33,Sd,,
IC2253,G,0.95,0.58,168,23.32,S0,,
IC2254,G,0.70,0.43,119,23.33,S0,,
IC2256,G,0.79,0.40,8,22.79,SABc,,
IC2267,G,1.85,0.24,152,23.72,Sc,,
IC2268,G,0.38,0.37,90,22.32,E,,
IC2269,G,0.98,0.21,30,23.37,Sb,,
IC2271,G,0.40,0.31,150,22.61,E,,
IC2282,G,0.88,0.77,45,22.82,Sbc,,
IC2288,G,0.53,0.31,68,22.87,SABc,,
IC2290,G,0.58,0.42,149,22.84,S?,,
IC2293,G,0.89,0.67,125,23.38,SBab,,
IC2307,G,0.85,0.36,162,23.79,S0-a,,
IC2308,GTrpl,0.63,0.32,93,22.85,Sab,,
IC2308,G,0.28,0.11,87,,Sbc,,
IC2309,G,0.76,0.25,6,23.23,Sc,,
IC2311,G,2.14,1.99,47,23.02,E,,
IC2312,GPair,0.70,,,,,,
IC2312,G,0.44,0.27,175,23.17,Sbc,,
IC2312,G,0.25,0.17,55,24.00,,,
IC2327,G,1.21,0.39,169,22.55,SABa,,
IC2329,G,2.00,0.36,116,23.66,SABd,,
IC2335,G,0.45,0.29,164,23.76,,,
IC2337,G,0.48,0.26,46,23.24,S0-a,,
IC2338,G,0.55,0.40,32,22.60,SBc,,
IC2339,G,0.89,0.45,61,22.68,Sc,,
IC2340,G,1.07,0.73,160,23.39,E-S0,,
IC2341,G,1.18,0.57,3,23.78,E-S0,,
IC2348,G,0.66,0.32,91,23.17,Sab,,
IC2361,G,1.56,0.50,78,23.80,SBab,,
IC2363,G,0.83,0.70,5,23.12,Sbc,,
IC2365,G,1.21,0.85,44,23.70,S0,,
IC2367,G,2.45,1.30,60,22.97,Sb,,
IC2373,G,0.59,0.48,160,22.74,Sc,,
IC2374,G,0.53,0.48,161,23.38,SBb,,
IC2375,G,2.18,0.35,84,,SBb,,
IC2376,G,0.89,0.60,64,24.25,E,,
IC2377,G,1.05,0.62,21,23.24,Sa,,
IC2378,G,1.31,0.92,23,23.70,E-S0,,
IC2379,G,0.96,0.49,35,,S0-a,,
IC2380,G,0.80,0.72,162,23.54,S0,,
IC2382,G,0.89,0.58,165,23.17,S0,,
IC2383,G,0.61,0.45,93,23.18,E-S0,,
IC2384,G,0.88,0.65,73,23.82,S0-a,,
IC2385,G,0.79,0.52,27,22.98,Sbc,,
IC2387,G,1.16,0.53,18,23.16,Sc,,
IC2388,G,0.57,0.33,150,23.41,S0-a,,
IC2389,G,1.30,0.30,125,22.31,SBb,,
IC2391,OCl,29.10,,,,,,omi Vel Cluster
IC2392,G,0.61,0.46,5,22.41,Sc,,
IC2393,G,1.18,0.80,27,23.57,E,,
IC2394,G,0.68,0.59,98,23.03,Sb,,
IC2395,OCl,6.00,,,,,,
IC2398,G,0.64,0.33,6,23.14,S0-a,,
IC2399,G,0.53,0.50,3,23.19,SBc,,
IC2400,G,0.90,0.38,112,23.01,Sc,,
IC2401,G,1.12,0.74,101,23.88,S0,,
IC2402,G,0.82,0.75,120,23.68,S0-a,,
IC2403,G,0.70,0.38,120,23.24,S0-a,,
IC2404,G,0.76,0.55,109,23.47,S0-a,,
IC2405,G,0.76,0.57,7,22.93,Sbc,,
IC2406,G,1.64,0.77,173,23.82,S0-a,,
IC2407,G,1.25,0.23,86,23.16,Sbc,,
IC2409,G,0.92,0.73,148,22.81,Sa,,
IC2414,G,0.58,0.39,46,23.23,E,,
IC2418,G,0.39,0.33,111,23.14,Sc,,
IC2420,G,0.84,0.72,141,23.38,E,,
IC2421,G,1.41,0.95,53,23.11,Sc,,
IC2422,G,0.66,0.62,130,23.63,E,,
IC2423,G,0.84,0.64,114,22.80,Sb,,
IC2426,G,0.61,0.44,119,22.89,S0,,
IC2427,G,0.74,0.61,98,23.78,E,,
IC2428,G,1.61,0.41,76,23.29,Sc,,
IC2429,G,0.59,0.41,146,22.84,Sab,,
IC2430,G,0.96,0.50,40,22.87,S0-a,,
IC2431,GGroup,1.00,,,,,,
IC2431,G,0.04,0.02,134,,Scd,,
IC2431,G,0.60,0.48,32,22.06,I,,Browning
IC2431,G,0.45,0.33,5,,Sd,,
IC2431,G,0.28,0.23,98,23.38,,,
IC2432,G,0.82,0.30,131,23.38,Sab,,
IC2433,G,0.82,0.40,109,22.98,Sc,,
IC2434,G,1.30,0.63,19,23.24,SBbc,,
IC2435,G,0.88,0.39,116,23.59,E,,
IC2437,G,1.79,1.23,119,23.92,E-S0,,
IC2439,G,1.40,0.42,31,23.64,Sa,,
IC2441,GPair,0.90,,,,,,
IC2441,G,0.63,0.24,155,23.21,E,,
IC2441,G,0.66,0.47,162,23.38,Sb,,
IC2442,G,0.83,0.78,155,23.62,Sb,,
IC2443,G,0.66,0.57,12,22.91,S0,,
IC2444,G,0.82,0.71,48,23.59,S0-a,,
IC2445,G,0.76,0.41,18,23.13,SBbc,,
IC2446,G,1.49,0.61,147,23.88,Sa,,
IC2448,PN,0.15,,,,,,
IC2450,G,1.35,0.72,156,23.31,S0-a,,
IC2451,G,0.93,0.71,105,24.16,Sb,,
IC2452,G,0.68,0.31,132,23.16,Sab,,
IC2453,G,0.72,0.41,62,23.04,Sab,,
IC2454,G,0.97,0.68,100,23.05,Sa,,
IC2456,G,0.63,0.45,54,23.43,E-S0,,
IC2457,G,0.55,0.40,75,23.45,SBab,,
IC2459,G,0.66,0.38,118,23.91,E,,
IC2461,G,2.41,0.51,143,24.22,Sb,,
IC2462,G,0.69,0.25,62,23.24,Sbc,,
IC2463,G,0.54,0.44,103,23.05,Sab,,
IC2464,G,0.80,0.54,147,23.24,Sab,,
IC2465,G,0.97,0.56,89,23.60,S0-a,,
IC2466,G,0.83,0.49,92,23.77,E-S0,,
IC2467,G,0.95,0.92,45,23.50,E,,
IC2468,G,0.51,0.47,60,23.26,S0,,
IC2469,G,5.79,1.17,37,23.73,SBab,,
IC2470,G,1.01,0.94,105,23.85,S0-a,,
IC2471,G,1.08,0.52,151,23.44,S0,,
IC2472,G,0.62,0.51,4,23.00,SBbc,,
IC2473,G,1.08,0.74,92,23.33,Sbc,,
IC2474,G,0.59,0.22,96,22.66,Sbc,,
IC2475,G,1.01,0.34,111,23.52,Sbc,,
IC2476,G,1.30,1.04,40,23.59,E-S0,,
IC2477,G,0.60,0.43,172,23.11,S0-a,,
IC2478,G,0.57,0.42,140,23.29,E,,
IC2479,G,0.58,0.33,152,22.81,SBb,,
IC2481,G,0.83,0.47,161,22.46,SBbc,,
IC2482,G,2.84,1.84,145,25.03,E,,
IC2483,G,0.66,0.45,103,23.27,Sb,,
IC2486,G,0.92,0.62,135,23.26,Sbc,,
IC2487,G,1.84,0.46,164,23.31,Sb,,
IC2488,OCl,7.20,,,,,,
IC2490,G,0.97,0.65,177,23.09,SABb,,
IC2491,G,0.87,0.61,74,23.31,S0,,
IC2492,G,0.76,0.31,48,23.39,Sab,,
IC2493,G,0.97,0.72,1,23.51,E,,
IC2495,G,0.73,0.30,11,22.49,Sab,,
IC2496,G,0.73,0.43,33,23.09,Sbc,,
IC2497,G,0.72,0.38,115,23.51,SBa,,
IC2498,G,0.83,0.31,25,23.12,Sb,,
IC2499,G,0.63,0.26,125,23.80,Sa,,
IC2500,G,1.35,0.43,164,23.69,SBab,,
IC2501,PN,0.03,,,,,,
IC2502,G,0.55,0.52,75,23.00,Sa,,
IC2503,G,0.42,0.28,100,23.02,Sbc,,
IC2505,G,0.75,0.55,18,23.73,Sab,,
IC2506,G,0.55,0.41,79,22.98,Sab,,
IC2507,G,1.74,0.86,48,22.65,IB,,
IC2508,G,0.69,0.44,19,23.85,E,,
IC2510,G,1.59,0.86,148,,Sb,,
IC2511,G,4.22,0.81,43,24.13,SABa,,
IC2513,G,3.39,0.68,63,23.80,Sab,,
IC2515,G,1.13,0.40,174,23.27,Sb,,
IC2516,G,0.97,0.87,13,23.54,E-S0,,
IC2517,G,0.68,0.56,98,23.36,S0,,
IC2518,G,0.70,0.53,110,23.81,E,,
IC2519,G,0.35,0.25,90,,E,,
IC2520,G,0.88,0.74,57,22.75,S0-a,,
IC2521,G,0.61,0.57,15,23.28,SBbc,,
IC2522,G,2.30,1.74,180,23.38,Sc,,
IC2523,G,1.43,0.86,30,22.74,SBbc,,
IC2524,G,0.74,0.44,64,22.86,S0-a,,
IC2525,G,0.65,0.61,55,23.76,E,,
IC2526,G,2.07,0.70,56,23.91,S0,,
IC2527,G,0.57,0.48,123,23.02,SBc,,
IC2530,G,0.97,0.94,20,23.65,E,,
IC2531,G,6.55,0.60,74,23.91,Sc,,
IC2532,G,2.04,1.12,36,23.96,Sa,,
IC2533,G,2.04,1.45,180,23.23,E-S0,,
IC2534,G,1.84,1.25,98,23.45,S0-a,,
IC2535,G,0.85,0.74,75,23.06,Sb,,
IC2536,G,1.88,0.40,45,23.44,SBc,,
IC2537,G,2.61,1.82,17,23.33,Sc,,
IC2538,G,1.49,0.75,180,23.92,SABc,,
IC2539,G,1.98,0.56,25,23.33,Sbc,,
IC2540,G,0.91,0.59,158,23.76,E-S0,,
IC2541,G,1.47,0.64,4,22.82,SBbc,,
IC2542,G,1.04,0.77,171,23.14,SBc,,
IC2543,GPair,0.80,,,,,,
IC2543,G,0.74,0.29,134,23.17,Sb,,
IC2543,G,0.20,0.14,6,22.73,,,
IC2544,G,0.52,0.40,65,22.56,SBcd,,
IC2546,G,0.83,0.60,95,23.93,,,
IC2547,G,0.82,0.36,121,23.49,Sb,,
IC2548,G,2.17,1.42,70,24.07,SBbc,,
IC2549,G,0.47,0.32,143,22.81,Sbc,,
IC2550,G,0.93,0.68,109,22.85,SABb,,
IC2551,G,0.76,0.56,36,22.67,Sa,,
IC2552,G,1.87,1.68,89,23.19,E-S0,,
IC2553,PN,0.15,,,,,,
IC2554,G,3.31,1.29,8,23.11,SBbc,,
IC2556,G,1.83,0.95,119,23.90,Scd,,
IC2557,G,0.60,0.41,95,23.12,S0-a,,
IC2558,G,1.01,0.61,17,22.63,Sm,,
IC2559,G,1.69,0.53,17,23.47,SBb,,
IC2560,G,3.55,1.67,46,23.55,SBb,,
IC2561,G,0.89,0.55,14,23.02,Sb,,
IC2562,G,0.66,0.44,166,22.62,Sa,,
IC2563,G,0.91,0.38,110,23.29,SBcd,,
IC2564,G,0.71,0.60,50,24.06,E,,
IC2565,G,0.67,0.42,70,23.07,S0-a,,
IC2566,G,0.98,0.64,6,23.54,S0-a,,
IC2567,G,0.79,0.59,57,23.59,S0-a,,
IC2568,G,1.10,0.55,93,23.65,SBa,,
IC2569,G,0.67,0.57,146,23.61,E,,
IC2570,G,0.82,0.44,172,23.79,SBbc,,
IC2572,G,0.90,0.43,26,23.64,Sa,,
IC2573,G,1.50,0.33,2,23.66,SBcd,,
IC2574,G,12.91,5.57,48,24.38,SABm,,Coddington's Nebula
IC2575,G,0.63,0.58,55,23.54,Sbc,,
IC2576,G,0.94,0.63,42,23.11,Sb,,
IC2577,G,0.70,0.41,103,23.09,Sb,,
IC2578,G,1.51,0.35,143,23.48,Sc,,
IC2580,G,2.05,1.75,128,23.54,Sc,,
IC2581,OCl,6.00,,,,,,
IC2582,G,1.29,1.25,150,22.89,Sbc,,
IC2583,G,0.59,0.49,124,22.78,E,,
IC2584,G,1.44,0.59,134,23.07,S0,,
IC2586,G,1.53,1.19,85,23.34,E,,
IC2587,G,1.98,1.47,36,23.56,E-S0,,
IC2588,G,1.65,1.31,154,23.27,Sa,,
IC2589,G,0.82,0.39,11,22.21,Sb,,
IC2590,G,0.97,0.97,10,23.43,S0,,
IC2591,G,1.00,0.62,134,22.98,SBc,,
IC2593,G,0.87,0.58,88,23.93,S0-a,,
IC2594,G,1.66,1.39,112,23.34,E-S0,,
IC2596,G,1.32,0.81,179,22.89,Sab,,
IC2597,G,2.62,1.73,8,23.86,E,,
IC2598,G,0.66,0.39,152,22.87,Sa,,
IC2599,HII,20.00,20.00,,,,,
IC2600,G,0.62,0.45,115,23.29,,,
IC2601,G,0.35,0.28,165,,E,,
IC2602,OCl,48.00,,,,,,tet Car Cluster
IC2604,G,1.18,1.03,40,23.74,SBm,,
IC2606,G,1.07,0.40,112,23.27,S0-a,,
IC2607,G,0.75,0.48,63,23.19,SBab,,
IC2608,G,0.79,0.31,121,22.99,SBc,,
IC2612,G,0.82,0.56,108,24.06,E-S0,,
IC2614,G,0.24,0.24,16,,SBab,,
IC2615,G,0.38,0.34,80,,S0-a,,
IC2616,G,0.66,0.48,69,23.39,E,,
IC2617,G,0.89,0.45,97,23.39,S0,,
IC2619,G,0.33,0.22,67,,E,,
IC2620,G,1.04,0.94,110,23.88,S0-a,,
IC2621,PN,0.08,,,,,,
IC2623,G,1.06,0.73,64,23.32,E-S0,,
IC2626,G,0.77,0.34,50,23.43,Sb,,
IC2627,G,2.40,1.70,43,23.04,SABc,,
IC2628,G,0.75,0.69,110,23.81,SBa,,
IC2629,G,0.70,0.34,28,23.84,Sa,,
IC2631,Neb,,,,,,,
IC2632,G,0.41,0.37,55,23.95,E,,
IC2633,G,0.62,0.36,17,23.79,Sc,,
IC2634,G,0.90,0.82,110,23.52,Sb,,
IC2636,G,0.67,0.37,73,24.51,E,,
IC2637,G,0.97,0.86,62,22.73,E-S0,,
IC2638,G,0.97,0.65,100,23.76,S0-a,,
IC2639,G,0.57,0.42,100,23.93,S0,,
IC2640,G,0.43,0.35,105,23.50,Sc,,
IC2644,G,0.61,0.36,76,24.28,E,,
IC2645,G,0.79,0.29,92,23.70,S0-a,,
IC2646,G,0.45,0.34,2,23.70,Sc,,
IC2648,G,0.58,0.46,16,23.53,Sb,,
IC2649,G,0.85,0.74,74,23.88,E,,
IC2650,G,0.48,0.43,21,23.74,Sbc,,
IC2651,G,0.52,0.39,84,23.48,Sb,,
IC2652,G,0.67,0.64,45,24.31,E,,
IC2654,G,0.41,0.35,93,23.77,E,,
IC2655,G,0.36,0.30,68,24.09,E,,
IC2656,G,0.64,0.30,128,24.10,Sbc,,
IC2657,G,0.29,0.17,131,,E,,
IC2660,G,0.40,0.31,158,23.45,Sb,,
IC2661,G,0.68,0.26,110,23.96,S0-a,,
IC2665,G,0.59,0.21,103,24.19,Sm,,
IC2666,G,1.07,0.72,167,23.05,S0-a,,
IC2667,G,0.63,0.51,173,24.56,E,,
IC2668,G,1.55,0.54,140,23.79,SBa,,
IC2670,G,0.46,0.29,166,23.46,Sab,,
IC2673,G,0.85,0.55,35,23.57,Sc,,
IC2674,G,1.12,0.65,23,24.09,Sc,,
IC2676,G,0.14,0.11,155,21.97,Sc,,
IC2677,G,0.23,0.19,10,23.69,,,
IC2678,G,0.67,0.26,121,24.27,S0-a,,
IC2679,G,0.87,0.56,23,24.17,S0-a,,
IC2680,G,0.79,0.28,132,23.82,S0-a,,
IC2683,G,0.42,0.28,87,23.98,E,,
IC2684,G,0.76,0.57,171,24.91,I,,
IC2689,G,0.66,0.24,31,23.96,Sm,,
IC2690,G,0.28,0.26,47,24.06,,,
IC2692,G,0.52,0.39,100,24.05,E,,
IC2694,G,0.76,0.36,86,23.17,SBbc,,
IC2695,G,0.51,0.39,58,23.60,Sbc,,
IC2698,G,0.70,0.48,43,23.68,Scd,,
IC2700,G,0.38,0.31,120,23.59,Sc,,
IC2701,G,0.44,0.22,78,23.55,Sc,,
IC2702,G,0.40,0.34,117,23.72,Sb,,
IC2703,G,0.93,0.82,19,24.23,S0,,
IC2704,G,0.65,0.40,70,23.25,Sab,,
IC2707,G,0.46,0.38,148,23.49,SBbc,,
IC2708,G,0.92,0.77,63,23.79,E,,
IC2709,G,0.54,0.38,153,24.56,I,,
IC2712,G,0.46,0.41,44,23.58,Sb,,
IC2713,G,0.59,0.57,40,24.01,E,,
IC2714,OCl,7.20,,,,,,
IC2715,G,0.74,0.37,100,28.48,I,,
IC2716,G,0.38,0.19,81,23.70,Sm,,
IC2718,G,0.59,0.26,99,23.12,Sbc,,
IC2719,G,0.22,0.21,83,23.48,E,,
IC2720,G,0.79,0.59,24,24.01,E,,
IC2722,GTrpl,0.70,,,,,,
IC2722,G,0.69,0.48,70,24.15,E,,
IC2722,G,0.11,0.07,80,,Sa,,
IC2723,G,0.47,0.25,104,24.58,E,,
IC2724,G,0.48,0.44,85,23.91,Sb,,
IC2725,G,0.48,0.42,116,24.34,E,,
IC2727,G,0.43,0.38,70,23.52,Sbc,,
IC2729,G,0.43,0.23,177,23.90,Sc,,
IC2732,G,0.40,0.34,114,23.76,Sbc,,
IC2734,G,0.84,0.30,12,24.00,SBc,,
IC2735,G,1.18,0.25,100,23.36,Sab,,
IC2738,G,0.85,0.75,144,23.50,E-S0,,
IC2739,G,0.37,0.31,65,23.46,Sbc,,
IC2740,G,0.37,0.30,57,23.78,Sb,,
IC2741,G,0.42,0.31,122,23.72,SBbc,,
IC2742,G,0.34,0.16,38,23.51,Sc,,
IC2744,G,1.12,0.74,38,24.23,E-S0,,
IC2745,G,0.62,0.21,70,,SBb,,
IC2746,G,0.53,0.34,166,24.18,E,,
IC2748,G,0.54,0.43,91,24.15,E,,
IC2749,G,0.60,0.34,84,23.25,SABc,,
IC2750,G,0.43,0.20,43,23.74,Sbc,,
IC2751,G,0.63,0.54,133,23.44,E,,
IC2752,G,0.63,0.19,100,24.58,E,,
IC2753,G,0.32,0.31,80,23.09,E,,
IC2754,G,0.52,0.24,82,23.73,Sc,,
IC2756,G,0.51,0.19,101,23.62,Sbc,,
IC2757,G,0.72,0.52,79,23.34,SBa,,
IC2758,G,0.65,0.23,34,22.88,Sa,,
IC2759,G,0.73,0.65,178,23.28,E,,
IC2760,G,0.45,0.33,108,24.45,E,,
IC2761,G,0.40,0.34,175,23.57,Sab,,
IC2762,G,0.92,0.31,145,23.62,Sd,,
IC2763,G,1.44,0.39,98,23.53,Sc,,
IC2764,G,2.20,1.18,179,23.49,S0-a,,
IC2765,G,0.31,0.21,90,23.63,E,,
IC2766,G,0.53,0.35,149,24.19,Sc,,
IC2767,G,0.87,0.30,90,24.52,S?,,
IC2768,G,0.40,0.30,46,23.91,SBb,,
IC2769,G,0.43,0.32,166,22.79,Sb,,
IC2770,G,0.39,0.38,169,23.30,Sb,,
IC2771,G,0.28,0.20,22,23.82,S?,,
IC2775,G,0.32,0.25,60,24.14,E,,
IC2776,G,0.87,0.44,160,23.37,Sc,,
IC2777,G,0.79,0.59,154,23.34,Sb,,
IC2779,G,0.30,0.26,179,23.48,Sd,,
IC2780,G,0.65,0.41,5,24.45,E,,
IC2781,G,0.36,0.34,146,23.67,I,,
IC2782,G,0.94,0.84,19,23.71,Sd,,
IC2783,G,0.70,0.27,162,23.84,Sa,,
IC2784,G,0.65,0.38,17,23.83,SBab,,
IC2785,G,0.87,0.72,2,24.14,E,,
IC2786,G,0.95,0.34,115,24.60,Sab,,
IC2787,G,0.80,0.74,34,23.84,Sc,,
IC2788,G,0.42,0.25,156,24.98,,,
IC2789,G,0.05,0.03,132,,,,
IC2790,G,0.46,0.32,15,23.65,Sc,,
IC2791,G,0.57,0.36,156,24.21,I,,
IC2792,G,0.49,0.29,82,24.22,E?,,
IC2793,GPair,0.50,,,,,,
IC2793,G,0.35,0.27,94,24.25,E,,
IC2793,G,0.36,0.20,83,24.21,,,
IC2795,G,0.36,0.33,37,23.79,Sc,,
IC2796,GPair,0.60,,,,,,
IC2796,G,0.51,0.26,5,24.23,Sb,,
IC2796,G,0.37,0.17,17,24.79,,,
IC2797,G,0.76,0.47,136,24.65,E,,
IC2798,G,0.77,0.26,173,24.16,Sc,,
IC2799,G,0.45,0.32,137,23.88,SBbc,,
IC2800,G,0.63,0.19,92,24.08,Sc,,
IC2801,G,0.50,0.32,84,23.43,Sb,,
IC2802,G,0.28,0.23,61,,,,
IC2803,G,0.43,0.21,65,23.75,Sb,,
IC2804,G,0.87,0.23,18,22.64,Sb,,
IC2807,G,0.32,0.18,30,23.31,Sbc,,
IC2810,G,1.03,0.41,33,23.58,SBab,,
IC2811,G,0.73,0.35,89,24.20,Sb,,
IC2812,G,0.52,0.23,24,23.62,Sc,,
IC2813,G,0.48,0.40,71,23.75,Sb,,
IC2814,G,0.40,0.29,58,23.58,E,,
IC2815,G,0.50,0.35,116,24.13,Sab,,
IC2816,G,0.74,0.27,180,23.92,Sbc,,
IC2818,G,0.46,0.34,94,24.43,E,,
IC2819,G,0.59,0.28,59,23.25,Sc,,
IC2820,G,0.54,0.25,24,23.28,Sc,,
IC2821,G,0.25,0.18,32,,E,,
IC2822,G,1.35,0.60,118,23.97,SBbc,,
IC2823,G,0.89,0.31,12,23.55,Sb,,
IC2826,G,0.73,0.70,56,23.46,Sbc,,
IC2828,G,1.01,0.44,52,23.10,I,,
IC2829,G,0.88,0.52,175,23.93,Sa,,
IC2830,G,0.50,0.44,58,22.87,Sbc,,
IC2834,G,0.45,0.37,17,24.42,E,,
IC2835,G,0.59,0.30,149,24.54,E,,
IC2837,G,0.43,0.37,39,23.52,E,,
IC2838,G,0.22,0.19,173,,Sbc,,
IC2839,G,0.54,0.24,0,24.64,E,,
IC2840,G,0.43,0.29,154,23.83,Sc,,
IC2842,G,0.45,0.24,63,23.66,Sbc,,
IC2843,G,0.73,0.68,15,23.88,Sc,,
IC2844,G,0.70,0.35,127,23.81,Sbc,,
IC2845,G,0.71,0.50,81,24.58,S0-a,,
IC2846,G,0.89,0.74,119,23.40,SBa,,
IC2847,G,0.17,0.12,15,,E,,
IC2848,G,0.47,0.39,9,24.30,Sc,,
IC2850,G,0.80,0.28,126,22.49,Sc,,
IC2851,G,0.44,0.23,46,23.72,Sc,,
IC2852,G,0.49,0.31,119,23.55,SABc,,
IC2853,G,0.91,0.44,172,22.57,Sab,,
IC2855,G,0.34,0.19,121,24.86,,,
IC2856,G,0.99,0.43,45,22.81,Sab,,
IC2857,G,1.79,0.32,160,23.97,Sc,,
IC2858,G,0.21,0.17,111,,E,,
IC2860,G,0.29,0.20,157,,E,,
IC2861,G,0.83,0.74,113,23.57,S0-a,,
IC2862,G,0.54,0.30,31,24.41,E,,
IC2864,G,0.61,0.39,157,24.25,Sa,,
IC2867,G,0.45,0.36,88,23.08,Sc,,
IC2870,G,1.05,0.95,0,26.74,I,,
IC2871,G,0.91,0.66,81,23.57,SABc,,
IC2872,Neb,15.14,6.03,,,,,
IC2873,GPair,0.70,,,,,,
IC2873,G,0.42,0.37,98,24.11,Sbc,,
IC2873,G,0.82,0.58,2,23.21,I,,
IC2874,G,0.45,0.27,50,23.41,Sm,,
IC2876,G,0.62,0.32,176,23.90,Sbc,,
IC2877,G,0.58,0.45,110,23.62,Sbc,,
IC2878,G,0.53,0.25,119,24.01,E,,
IC2879,G,0.44,0.33,170,23.62,Sb,,
IC2881,G,0.32,0.21,90,24.75,,,
IC2883,G,0.33,0.28,94,23.45,Sc,,
IC2884,*Ass,,,,,,,
IC2886,G,0.32,0.25,15,23.43,E,,
IC2889,G,1.22,0.69,151,23.20,SABc,,
IC2891,G,0.46,0.35,118,23.52,SBbc,,
IC2892,G,0.68,0.23,118,23.96,Sc,,
IC2893,GPair,0.50,,,,,,
IC2893,G,0.06,0.05,73,,,,
IC2893,G,0.45,0.28,180,22.81,Sd,,
IC2894,G,0.62,0.32,70,23.28,SBb,,
IC2896,G,0.47,0.31,159,23.33,Sc,,
IC2898,G,0.48,0.33,146,23.55,Sbc,,
IC2900,G,0.33,0.28,114,23.47,SBbc,,
IC2901,G,0.61,0.37,114,24.44,S0-a,,
IC2903,G,0.44,0.27,34,23.39,Sb,,
IC2909,G,0.24,0.21,35,23.44,,,
IC2910,G,1.28,0.88,139,23.83,S0-a,,
IC2912,G,0.55,0.19,84,23.73,Sc,,
IC2913,G,1.00,0.79,143,22.72,S0-a,,
IC2914,G,0.65,0.34,179,23.08,Sc,,
IC2917,G,0.26,0.19,38,23.79,,,
IC2919,G,0.55,0.31,45,23.13,Sd,,
IC2921,G,0.59,0.25,124,23.49,Sa,,
IC2923,G,0.41,0.29,12,23.84,E,,
IC2925,G,0.48,0.18,21,22.24,S0-a,,
IC2928,G,0.90,0.74,143,23.11,SABb,,
IC2929,G,0.53,0.43,118,23.86,E?,,
IC2930,G,0.69,0.29,58,23.21,Sb,,
IC2933,G,1.18,0.36,7,23.38,SBab,,
IC2934,G,0.74,0.38,153,22.90,Sd,,
IC2936,G,0.39,0.35,109,23.06,Sbc,,
IC2938,G,0.89,0.62,130,23.86,E,,
IC2941,G,0.85,0.59,73,23.28,Sbc,,
IC2942,G,0.66,0.35,68,23.49,Sc,,
IC2943,G,0.41,0.33,25,21.87,Sa,,
IC2944,Cl+N,7.20,,,,,,lam Cen Nebula
IC2945,GPair,1.00,,,,,,
IC2945,G,0.96,0.70,115,23.96,E,,
IC2946,G,0.46,0.27,154,,SBab,,
IC2947,G,0.75,0.56,3,22.52,SBm,,
IC2948,Cl+N,6.00,,,,,,
IC2950,G,0.65,0.56,81,22.57,Sc,,
IC2951,G,1.54,0.43,81,23.65,Sa,,
IC2952,G,0.35,0.28,161,22.07,Sbc,,
IC2955,G,0.38,0.37,5,21.86,E-S0,,
IC2956,G,0.94,0.80,56,23.39,Sbc,,
IC2957,G,0.79,0.47,23,23.28,S0,,
IC2958,G,0.71,0.58,55,23.62,Sbc,,
IC2960,G,0.83,0.72,104,23.66,Sb,,
IC2961,G,0.48,0.29,21,23.02,S0,,
IC2966,RfN,3.00,2.00,130,,,,
IC2967,G,0.85,0.63,17,23.34,E,,
IC2968,G,0.89,0.39,80,23.90,S0-a,,
IC2969,G,1.30,0.74,95,22.66,SBbc,,
IC2971,G,0.70,0.48,150,23.84,E,,
IC2973,G,1.42,0.82,120,23.51,SBcd,,
IC2974,G,2.19,0.47,100,23.13,Sc,,
IC2977,G,2.14,1.17,121,23.03,I,,
IC2978,G,1.00,0.42,130,23.48,SBcd,,
IC2979,G,0.84,0.54,174,22.98,S0,,
IC2980,G,2.04,1.29,41,23.65,E,,
IC2981,G,0.53,0.42,3,22.44,SBa,,
IC2984,G,0.73,0.49,77,23.45,SBd,,
IC2985,G,0.90,0.43,139,23.85,S0,,
IC2986,G,0.99,0.91,15,23.46,S0,,
IC2987,G,0.60,0.42,64,22.85,SBbc,,
IC2990,G,0.73,0.32,15,22.82,Sb,,
IC2991,G,0.67,0.24,35,23.19,Sc,,
IC2992,G,0.63,0.52,161,22.52,S?,,
IC2993,G,0.35,0.31,6,,E,,
IC2994,G,0.47,0.39,62,22.75,Sc,,
IC2995,G,3.37,0.85,114,23.46,SBc,,
IC2996,G,1.78,0.44,23,23.34,Sb,,
IC2999,G,0.67,0.26,51,22.93,Sc,,
IC3001,G,0.73,0.37,73,23.09,SBbc,,
IC3002,G,0.61,0.47,86,23.26,Sc,,
IC3003,G,0.80,0.58,145,23.20,S0-a,,
IC3004,G,0.61,0.40,24,23.58,SBc,,
IC3005,G,2.42,0.66,160,23.58,SBc,,
IC3007,G,0.69,0.42,75,23.67,E,,
IC3008,G,0.93,0.51,22,23.03,Sb,,
IC3010,G,2.09,1.91,84,23.55,S0-a,,
IC3012,G,0.59,0.26,46,23.15,Sa,,
IC3013,G,0.58,0.41,159,22.92,Sc,,
IC3014,G,0.82,0.58,20,22.66,Sb,,
IC3015,G,0.72,0.23,164,20.64,Sbc,,
IC3016,G,0.49,0.45,16,22.42,SBbc,,
IC3017,G,0.60,0.35,50,23.75,SBbc,,
IC3018,G,0.66,0.25,176,23.16,Sab,,
IC3019,G,1.26,0.99,130,23.34,E,,
IC3020,G,0.36,0.28,77,23.21,E,,
IC3021,G,1.29,0.81,178,24.41,SABm,,
IC3022,G,0.20,0.20,179,,E,,
IC3023,G,1.04,0.64,138,24.31,I,,
IC3024,G,0.90,0.29,168,22.92,Sab,,
IC3025,G,0.73,0.43,102,22.97,E-S0,,
IC3028,G,0.55,0.31,152,23.12,S0,,
IC3029,G,1.26,0.43,30,23.25,SBc,,
IC3031,G,0.61,0.22,31,24.07,Sbc,,
IC3032,G,0.59,0.52,40,22.86,E-S0,,
IC3033,G,1.03,0.47,3,23.20,Sd,,
IC3034,G,0.74,0.23,150,23.48,Sbc,,
IC3036,G,0.88,0.47,165,22.70,SABm,,
IC3037,G,0.48,0.44,40,22.42,Sbc,,
IC3038,G,0.41,0.30,106,21.99,Sab,,
IC3039,G,0.91,0.37,22,22.94,SBbc,,
IC3040,G,0.77,0.69,171,23.37,S?,,
IC3041,G,0.62,0.17,60,23.50,Sd,,
IC3043,G,0.93,0.22,170,24.41,Sab,,
IC3044,G,1.26,0.50,70,22.74,Sc,,
IC3046,G,1.34,0.29,132,23.53,Sbc,,
IC3047,G,0.58,0.35,37,23.91,Sbc,,
IC3049,G,0.90,0.60,0,23.82,Sm,,
IC3052,G,0.49,0.33,131,23.99,I,,
IC3053,G,0.56,0.35,4,22.49,Sab,,
IC3054,G,0.68,0.54,158,24.34,E,,
IC3055,GTrpl,0.50,,,,,,
IC3055,G,0.52,0.26,61,24.72,S0-a,,
IC3055,G,0.12,0.10,88,,,,
IC3055,G,0.42,0.29,69,23.06,Sbc,,
IC3056,G,1.30,0.50,62,24.00,IAB,,
IC3058,G,0.54,0.35,127,23.32,Scd,,
IC3059,G,1.69,1.39,3,24.48,I,,
IC3060,G,0.72,0.53,178,22.69,Sab,,
IC3061,G,2.22,0.40,120,23.49,SBc,,
IC3062,G,0.81,0.67,175,22.75,Sc,,
IC3063,G,0.98,0.49,18,23.16,Sa,,
IC3065,G,1.24,0.88,179,23.59,S0,,
IC3066,G,0.97,0.32,138,23.51,Sc,,
IC3068,G,0.46,0.21,44,22.90,SBcd,,
IC3069,G,0.50,0.21,111,23.08,Sc,,
IC3073,G,0.88,0.67,103,23.37,I,,
IC3074,G,0.34,0.29,157,21.07,SBd,,
IC3075,G,0.93,0.55,62,23.37,Sa,,
IC3077,G,1.07,0.73,179,23.17,Sc,,
IC3078,G,0.58,0.50,31,22.36,Sb,,
IC3079,G,0.71,0.44,22,23.16,S0-a,,
IC3080,G,0.73,0.60,55,23.01,SBa,,
IC3081,G,0.77,0.40,86,23.77,E-S0,,
IC3082,G,0.67,0.19,8,23.71,S0-a,,
IC3083,G,0.47,0.40,21,24.09,Sb,,
IC3084,G,0.45,0.34,0,22.67,,,
IC3089,G,0.73,0.73,58,23.88,E,,
IC3091,G,1.08,0.50,125,23.24,S0-a,,
IC3092,G,0.37,0.26,159,22.96,Sb,,
IC3093,G,0.37,0.26,177,21.11,Sc,,
IC3094,G,0.54,0.46,108,21.83,Sab,,
IC3095,G,0.53,0.36,77,22.82,Sc,,
IC3096,G,1.11,0.37,96,23.73,Sa,,
IC3097,G,0.79,0.53,26,23.61,E,,
IC3099,G,1.85,0.33,174,23.61,Sc,,
IC3100,G,1.41,0.44,58,24.49,S0,,
IC3101,G,0.63,0.49,37,23.59,E,,
IC3104,G,2.40,1.32,42,23.74,IB,,
IC3105,G,1.55,0.31,28,23.07,I,,
IC3107,G,1.25,0.55,130,22.91,Sbc,,
IC3108,G,0.77,0.21,93,22.26,Sab,,
IC3109,G,0.67,0.51,160,22.54,Sbc,,
IC3110,G,0.27,0.22,44,,Sb,,
IC3111,G,0.62,0.30,18,22.31,Sab,,
IC3112,G,1.14,0.57,174,23.50,Sb,,
IC3116,G,0.45,0.41,19,23.17,Sc,,
IC3118,G,1.29,0.52,171,23.22,I,,
IC3119,G,0.57,0.51,146,22.82,Sbc,,
IC3120,G,0.64,0.54,134,23.57,E-S0,,
IC3121,GPair,0.50,,,,,,
IC3121,G,0.53,0.27,129,23.73,Sab,,
IC3121,G,0.49,0.43,158,24.55,Sb,,
IC3122,G,1.27,0.57,150,23.24,Sb,,
IC3126,G,0.50,0.38,26,23.65,Sc,,
IC3127,G,0.52,0.45,24,22.58,Sc,,
IC3128,GTrpl,1.40,,,,,,
IC3128,G,0.65,0.34,156,22.25,Sc,,
IC3128,G,0.33,0.17,179,23.98,Sb,,
IC3131,G,1.00,0.99,50,22.86,E-S0,,
IC3134,G,0.80,0.33,169,22.77,S0-a,,
IC3135,G,0.33,0.24,117,23.15,Sc,,
IC3136,G,1.22,0.46,33,23.27,SBc,,
IC3137,G,0.67,0.17,43,23.65,Sc,,
IC3138,GPair,0.50,,,,,,
IC3138,G,0.44,0.32,72,23.58,E,,
IC3138,G,0.17,0.10,173,,,,
IC3141,G,0.89,0.51,36,23.72,S0-a,,
IC3142,GPair,1.40,,,,,,
IC3142,G,0.67,0.58,33,23.39,E,,
IC3142,G,0.86,0.37,140,22.87,IAB,,
IC3143,G,0.63,0.44,146,23.28,Sc,,
IC3144,G,0.38,0.29,29,23.16,Sbc,,
IC3146,G,0.51,0.47,54,24.00,Sc,,
IC3147,GPair,1.00,,,,,,
IC3147,G,0.66,0.39,74,23.63,S?,,
IC3147,G,0.51,0.33,71,23.52,S0-a,,
IC3148,G,0.62,0.41,42,22.93,SBm,,
IC3149,G,0.64,0.62,85,23.01,S0-a,,
IC3150,G,0.36,0.23,37,21.65,Sbc,,
IC3151,G,0.90,0.39,115,22.93,SBa,,
IC3152,G,1.66,1.45,41,23.30,E-S0,,
IC3153,G,0.54,0.45,44,22.28,SBbc,,
IC3154,G,0.61,0.44,105,23.74,E,,
IC3155,G,1.00,0.46,34,23.11,S0,,
IC3156,G,0.72,0.49,64,22.43,SBcd,,
IC3157,G,0.96,0.54,109,23.73,S0,,
IC3159,G,0.50,0.35,29,23.55,SBc,,
IC3165,G,1.00,0.63,9,23.17,Sb,,
IC3167,G,1.35,0.78,110,24.09,S0,,
IC3168,G,0.72,0.43,58,23.31,SBbc,,
IC3169,G,0.48,0.33,136,23.80,E,,
IC3170,G,0.58,0.57,55,22.23,Sbc,,
IC3171,G,0.92,0.68,56,23.28,E,,
IC3172,G,0.68,0.49,6,23.97,Sb,,
IC3173,G,0.72,0.54,85,23.22,Sa,,
IC3174,G,0.63,0.40,149,22.74,Sab,,
IC3175,G,0.83,0.39,53,22.86,Sb,,
IC3176,G,0.67,0.26,151,24.24,E,,
IC3179,G,0.32,0.32,123,23.02,Sbc,,
IC3184,G,0.77,0.39,42,23.24,Sbc,,
IC3185,G,0.68,0.22,106,23.20,Sbc,,
IC3186,G,0.53,0.41,155,22.23,Sb,,
IC3187,G,0.69,0.42,101,23.06,Sbc,,
IC3188,G,0.77,0.55,54,22.75,Sc,,
IC3189,G,0.60,0.30,111,23.34,Sbc,,
IC3192,G,0.58,0.45,170,23.75,E,,
IC3193,G,0.98,0.38,132,23.60,Sbc,,
IC3194,G,0.57,0.43,172,24.00,E,,
IC3195,G,0.52,0.46,44,23.84,E,,
IC3196,G,0.53,0.41,88,23.60,Sbc,,
IC3199,G,1.00,0.52,2,23.38,SBab,,
IC3200,G,0.53,0.39,6,23.94,E,,
IC3201,G,0.40,0.25,111,23.42,Sc,,
IC3202,G,0.67,0.55,130,24.67,E,,
IC3203,G,1.31,0.22,146,23.55,Sb,,
IC3204,G,0.52,0.30,108,23.67,Sbc,,
IC3205,G,0.62,0.52,113,23.40,E,,
IC3206,G,0.53,0.31,106,22.95,Sc,,
IC3207,G,0.79,0.31,91,24.05,Sab,,
IC3208,G,0.98,0.40,78,23.85,IB,,
IC3209,G,1.00,0.36,151,22.91,Sc,,
IC3210,G,0.66,0.50,85,23.20,S0-a,,
IC3212,G,0.71,0.65,110,23.47,Sc,,
IC3213,G,0.49,0.28,175,,E-S0,,
IC3215,G,1.27,0.35,93,23.76,Sd,,
IC3216,G,0.52,0.40,104,23.68,SBab,,
IC3217,G,0.41,0.23,40,23.86,Scd,,
IC3218,G,0.64,0.56,74,23.57,E,,
IC3219,G,0.84,0.25,5,23.84,Sc,,
IC3220,G,1.05,0.48,4,24.85,E,,
IC3221,G,0.57,0.27,128,24.09,Sbc,,
IC3222,G,0.59,0.36,16,23.12,Sc,,
IC3224,G,0.38,0.31,51,22.74,I,,
IC3225,G,0.91,0.40,34,22.21,Sd,,
IC3227,G,0.46,0.22,169,23.55,S0,,
IC3228,G,1.11,0.25,141,24.05,Sc,,
IC3229,G,1.23,0.41,43,23.59,SBbc,,
IC3230,G,0.44,0.32,101,23.16,Sc,,
IC3231,G,0.65,0.47,0,,Sc,,
IC3233,G,0.69,0.34,90,23.99,S?,,
IC3234,G,0.42,0.38,82,23.73,Sa,,
IC3235,G,0.62,0.33,146,23.83,Sc,,
IC3236,G,0.42,0.23,132,23.06,Sc,,
IC3237,G,0.47,0.32,67,23.11,Sbc,,
IC3238,G,0.67,0.47,11,22.54,S0,,
IC3239,G,0.78,0.30,147,23.52,Scd,,
IC3240,G,0.46,0.31,77,23.32,Sbc,,
IC3241,G,0.67,0.49,17,24.32,E,,
IC3242,G,0.63,0.38,158,23.85,Sb,,
IC3243,G,0.75,0.36,62,23.33,Sbc,,
IC3244,G,0.77,0.61,80,22.97,Sc,,
IC3246,G,0.54,0.48,43,23.63,SBbc,,
IC3247,G,1.86,0.26,174,24.38,Sc,,
IC3249,G,0.37,0.21,13,,E,,
IC3253,G,3.02,1.20,24,22.99,Sc,,
IC3255,G,0.60,0.49,101,22.25,SBbc,,
IC3258,G,1.35,1.09,88,22.98,IB,,
IC3259,G,1.64,0.83,18,23.45,SABd,,
IC3261,G,0.47,0.24,110,23.91,SBab,,
IC3262,G,0.77,0.38,149,23.06,SBab,,
IC3263,G,0.60,0.57,57,22.70,SBbc,,
IC3264,G,0.59,0.36,145,24.39,E,,
IC3267,G,1.21,1.17,30,23.25,Sc,,
IC3268,G,1.00,0.80,12,22.32,I,,
IC3269,G,0.75,0.43,167,24.19,Sb,,
IC3270,G,0.61,0.52,128,23.89,SBb,,
IC3271,G,0.79,0.71,102,22.81,SABc,,
IC3272,G,0.51,0.25,153,23.45,Sbc,,
IC3275,G,0.53,0.35,89,23.59,Sc,,
IC3276,G,0.57,0.43,102,24.13,E,,
IC3278,GTrpl,0.90,,,,,,
IC3278,G,0.36,0.32,9,24.10,Sb,,
IC3278,G,0.54,0.49,10,24.23,E,,
IC3278,G,0.43,0.30,86,23.34,SBbc,,
IC3280,G,0.70,0.57,38,22.95,Sbc,,
IC3283,G,0.68,0.32,46,23.83,Sb,,
IC3284,G,0.55,0.50,137,22.69,SBab,,
IC3286,G,0.49,0.40,69,23.41,E,,
IC3287,G,0.21,0.19,16,,S?,,
IC3288,G,0.55,0.36,131,23.84,E,,
IC3289,G,1.15,1.08,28,23.22,S0,,
IC3290,G,2.22,1.49,36,23.91,S0-a,,
IC3291,G,0.57,0.37,80,23.76,Sa,,
IC3292,G,1.09,0.82,134,23.96,S0,,
IC3293,G,0.69,0.44,65,23.88,SBbc,,
IC3294,G,0.38,0.29,2,24.02,E,,
IC3296,G,0.49,0.35,101,22.84,E,,
IC3298,G,1.28,0.37,156,23.46,SBcd,,
IC3299,G,0.60,0.41,36,24.24,SBbc,,
IC3300,G,1.15,0.30,80,23.05,Sc,,
IC3301,G,0.52,0.40,31,23.58,E,,
IC3302,G,0.37,0.35,29,23.53,Sc,,
IC3303,G,0.95,0.55,70,23.73,E,,
IC3304,G,0.24,0.17,92,24.29,,,
IC3305,G,1.08,0.44,41,23.86,E,,
IC3306,G,0.94,0.32,142,23.95,Sbc,,
IC3308,G,0.58,0.28,64,22.54,Sd,,
IC3309,G,1.00,0.37,87,23.80,Sc,,
IC3311,G,1.85,0.44,134,23.52,Scd,,
IC3312,G,0.50,0.30,157,24.37,E,,
IC3313,G,1.34,1.27,179,23.72,E,,
IC3314,G,0.53,0.47,19,23.68,E,,
IC3315,G,0.60,0.49,85,23.67,E,,
IC3316,G,0.46,0.40,96,23.83,Sc,,
IC3317,G,0.52,0.48,14,24.50,E?,,
IC3321,G,0.71,0.32,8,24.70,E,,
IC3322,G,2.33,0.65,156,23.57,SABc,,
IC3324,G,0.30,0.27,171,23.33,E,,
IC3325,G,0.71,0.59,26,23.71,Sb,,
IC3326,G,0.44,0.22,168,23.24,Sb,,
IC3327,G,0.90,0.78,42,23.53,SBa,,
IC3328,G,0.88,0.82,45,22.86,E-S0,,
IC3329,HII,,,,,,,
IC3330,G,1.14,0.50,101,23.51,Sab,,
IC3331,G,1.02,0.54,51,23.92,E,,
IC3332,G,0.28,0.12,135,,,,
IC3334,G,0.75,0.65,2,24.21,I,,
IC3335,G,0.34,0.25,10,23.76,E,,
IC3336,G,0.64,0.29,74,22.91,Sa,,
IC3337,G,0.55,0.47,44,24.22,Sc,,
IC3338,G,0.83,0.36,67,23.68,Sbc,,
IC3340,G,0.70,0.36,24,22.92,SBb,,
IC3341,G,0.46,0.26,72,23.54,I,,
IC3344,G,0.80,0.44,60,23.86,E,,
IC3345,G,0.33,0.30,106,23.67,E,,
IC3346,G,0.65,0.50,147,23.70,E,,
IC3347,G,0.55,0.36,141,23.50,Sc,,
IC3348,G,0.41,0.36,66,24.06,Sc,,
IC3349,G,0.90,0.85,25,23.47,E,,
IC3353,G,0.83,0.15,98,23.84,Sc,,
IC3355,G,1.09,0.43,166,23.49,I,,
IC3356,G,1.47,0.80,70,24.49,IB,,
IC3357,G,0.51,0.25,164,22.14,Sbc,,
IC3358,G,1.05,0.82,118,23.30,E,,
IC3359,G,0.51,0.28,70,23.47,Sbc,,
IC3361,G,1.02,0.71,119,24.40,E,,
IC3362,G,0.80,0.56,118,24.05,SBab,,
IC3363,G,0.97,0.43,124,24.26,E,,
IC3364,G,0.59,0.40,86,23.86,Sab,,
IC3365,G,0.87,0.66,67,22.49,I,,
IC3366,G,0.37,0.21,154,23.25,E,,
IC3367,GPair,1.50,,,,,,
IC3367,G,0.72,0.59,84,24.04,E,,
IC3368,G,0.71,0.52,0,23.19,I,,
IC3369,G,0.81,0.55,136,23.01,E-S0,,
IC3370,G,3.12,2.29,53,23.32,E,,
IC3371,G,1.17,0.26,54,23.09,Sc,,
IC3372,G,0.28,0.27,98,23.16,E,,
IC3373,G,0.68,0.38,99,23.80,SBc,,
IC3374,G,0.95,0.50,155,23.46,IB,,
IC3376,G,0.87,0.60,81,22.68,SBa,,
IC3377,G,0.51,0.30,129,23.08,SBab,,
IC3378,G,0.54,0.34,175,23.30,Sc,,
IC3379,G,0.73,0.35,32,23.52,Sbc,,
IC3380,G,0.51,0.43,109,24.25,E,,
IC3381,G,1.19,0.87,104,23.18,E,,
IC3382,G,1.00,0.28,150,24.01,Sc,,
IC3383,G,0.78,0.54,29,23.33,E-S0,,
IC3384,G,0.68,0.30,52,25.73,Sm,,
IC3385,G,0.78,0.51,147,24.48,Sc,,
IC3386,G,0.81,0.35,100,24.35,E,,
IC3387,G,0.35,0.27,24,22.93,Sbc,,
IC3388,G,0.74,0.55,74,23.67,E,,
IC3389,G,0.33,0.20,159,24.42,,,
IC3390,G,0.61,0.46,107,24.01,SBbc,,
IC3391,G,1.03,0.83,71,22.28,Sc,,
IC3392,G,2.60,1.10,39,23.25,Sab,,
IC3393,G,1.10,0.48,132,23.83,S0,,
IC3394,G,0.59,0.50,143,23.53,E,,
IC3395,G,0.58,0.30,50,23.54,Sab,,
IC3396,G,0.11,0.08,84,,E,,
IC3397,G,0.61,0.53,10,23.54,SBb,,
IC3401,G,0.41,0.37,5,24.00,Sb,,
IC3402,G,1.17,0.21,7,23.64,Sbc,,
IC3403,G,0.43,0.42,35,22.95,Sc,,
IC3405,G,0.71,0.32,27,23.63,Sbc,,
IC3406,G,0.65,0.40,70,23.11,Sbc,,
IC3407,G,0.97,0.54,147,22.92,SBb,,
IC3409,G,0.58,0.52,156,23.43,SBc,,
IC3410,G,0.69,0.62,8,23.77,E,,
IC3411,G,0.70,0.23,170,24.36,Sbc,,
IC3412,G,0.74,0.34,9,22.96,Sm,,
IC3413,G,1.21,0.70,164,23.60,E,,
IC3414,G,0.81,0.38,32,21.60,Sd,,
IC3416,G,0.95,0.52,71,23.49,I,,
IC3418,G,1.32,0.90,68,23.38,IB,,
IC3419,G,0.68,0.43,1,24.29,E,,
IC3421,G,0.69,0.53,17,23.65,Sbc,,
IC3422,G,0.58,0.45,88,23.42,Sc,,
IC3424,G,0.41,0.20,105,24.36,E,,
IC3425,G,0.61,0.32,35,22.26,S0-a,,
IC3429,G,0.38,0.33,18,23.47,Sb,,
IC3430,G,1.11,0.38,112,24.14,S0-a,,
IC3431,G,0.47,0.32,13,23.64,Sc,,
IC3432,G,0.69,0.42,56,22.32,Sc,,
IC3433,G,0.80,0.57,87,24.50,E-S0,,
IC3434,G,0.76,0.40,55,23.14,Sb,,
IC3435,G,1.35,0.47,141,24.53,S0,,
IC3436,G,0.75,0.44,144,22.96,S0,,
IC3437,G,0.61,0.39,68,23.44,E,,
IC3439,G,0.66,0.58,40,24.04,Sbc,,
IC3440,G,0.60,0.49,85,24.21,Sc,,
IC3441,G,0.64,0.43,142,23.48,E-S0,,
IC3442,G,0.94,0.71,20,23.28,E,,
IC3443,G,0.55,0.51,49,23.48,E,,
IC3445,G,0.47,0.35,36,23.73,E,,
IC3446,G,0.62,0.39,1,22.82,I,,
IC3447,G,0.37,0.32,6,23.30,Sc,,
IC3448,G,0.97,0.57,97,24.17,E-S0,,
IC3449,G,0.31,0.22,142,23.16,SBc,,
IC3450,G,0.47,0.27,158,23.31,Sc,,
IC3451,G,0.68,0.48,92,23.55,S0,,
IC3453,G,0.95,0.26,164,22.28,IB,,
IC3454,G,1.12,0.26,26,23.59,Sb,,
IC3455,G,0.59,0.31,0,23.79,Sbc,,
IC3457,G,1.00,0.67,143,23.68,E,,
IC3458,G,0.67,0.58,76,23.48,Sbc,,
IC3459,G,1.11,0.86,163,23.65,I,,
IC3460,G,0.62,0.20,109,23.16,Sd,,
IC3461,G,0.73,0.55,154,23.34,E,,
IC3462,G,0.67,0.39,43,24.07,E,,
IC3465,G,0.44,0.32,110,23.67,E,,
IC3466,G,0.65,0.46,69,23.26,I,,
IC3467,G,0.96,0.27,69,22.94,SABc,,
IC3468,G,1.28,1.15,170,23.30,E,,
IC3469,G,0.34,0.27,55,23.87,Sb,,
IC3470,G,0.95,0.95,21,23.33,E,,
IC3471,G,1.00,0.58,1,23.75,I,,
IC3472,G,0.50,0.45,136,24.17,Sd,,
IC3473,G,1.05,0.70,37,22.91,Sc,,
IC3474,G,2.26,0.39,43,23.61,Scd,,
IC3475,G,1.56,1.29,84,23.92,E,,
IC3476,G,1.67,1.18,28,22.86,Sm,,
IC3478,G,0.91,0.81,120,22.92,S0,,
IC3479,G,0.29,0.20,6,23.11,Sb,,
IC3481,G,0.87,0.84,33,23.18,E-S0,,
IC3482,G,0.43,0.18,44,23.00,Sab,,
IC3483,G,0.87,0.55,177,23.09,SABb,,
IC3484,G,0.78,0.63,27,23.04,Sc,,
IC3486,G,0.82,0.56,39,23.58,E,,
IC3487,G,0.92,0.54,76,23.57,E-S0,,
IC3488,G,0.64,0.59,73,23.39,E,,
IC3489,G,0.65,0.60,5,22.58,Sbc,,
IC3490,G,0.59,0.33,64,23.70,E,,
IC3491,G,0.83,0.21,6,23.35,Sc,,
IC3492,G,0.70,0.57,56,23.20,E,,
IC3494,G,0.30,0.24,127,23.27,E,,
IC3498,G,0.69,0.24,56,23.44,Sc,,
IC3499,G,1.61,0.56,125,23.76,S0-a,,
IC3500,G,0.57,0.40,93,22.39,SBc,,
IC3501,G,0.93,0.84,25,23.40,E,,
IC3502,G,0.76,0.22,5,24.51,SBm,,
IC3505,G,0.85,0.35,172,22.68,SBcd,,
IC3506,G,0.71,0.65,49,24.02,E,,
IC3507,G,0.41,0.35,158,24.20,E,,
IC3508,G,1.03,0.95,49,24.13,S0-a,,
IC3509,G,1.01,0.72,69,24.03,E,,
IC3510,G,0.81,0.62,15,23.26,E,,
IC3515,G,0.65,0.26,62,22.93,Sbc,,
IC3516,G,0.87,0.17,70,23.40,Sbc,,
IC3517,G,1.16,0.72,16,23.94,SABd,,
IC3518,G,1.32,0.54,37,23.34,I,,
IC3519,G,0.68,0.49,14,23.89,E,,
IC3520,G,0.85,0.60,26,23.88,Sd,,
IC3521,G,1.39,1.03,21,22.93,IB,,
IC3522,G,1.08,0.58,93,23.77,I,,
IC3523,G,0.38,0.32,139,23.74,Sbc,,
IC3525,G,0.36,0.29,6,23.36,Sc,,
IC3528,G,0.33,0.33,115,21.76,SABb,,
IC3530,G,1.75,1.22,133,24.48,E-S0,,
IC3531,G,0.43,0.39,80,23.56,E,,
IC3533,G,0.44,0.30,27,22.84,Sab,,
IC3534,G,0.48,0.47,106,23.23,SBc,,
IC3536,G,0.87,0.19,155,23.53,Sc,,
IC3540,G,0.88,0.79,68,23.04,S0,,
IC3542,G,0.66,0.43,164,23.19,SBb,,
IC3548,G,0.74,0.48,122,24.30,E,,
IC3551,HII,,,,,,,
IC3552,HII,,,,,,,
IC3555,HII,,,,,,,
IC3556,G,0.56,0.34,177,23.08,S0,,
IC3557,GPair,0.40,,,,,,
IC3557,G,0.95,0.90,85,24.73,E,,
IC3557,G,0.10,0.10,129,,,,
IC3558,G,0.33,0.30,51,23.71,Sbc,,
IC3559,G,0.50,0.18,69,23.15,Sbc,,
IC3560,G,0.78,0.64,52,24.20,SBab,,
IC3561,G,0.60,0.19,71,23.41,E,,
IC3562,G,0.93,0.36,46,23.93,I,,
IC3563,HII,,,,,,,
IC3564,*Ass,,,,,,,
IC3565,G,0.31,0.23,23,23.48,E,,
IC3567,G,0.67,0.52,15,22.90,Sbc,,
IC3568,PN,0.38,,,,,,
IC3571,G,0.60,0.51,121,25.03,I,,
IC3573,G,0.46,0.32,141,23.40,Sc,,
IC3574,G,0.73,0.58,121,23.54,E,,
IC3575,G,0.66,0.47,156,24.21,E,,
IC3576,G,2.30,2.17,0,24.86,Sm,,
IC3578,G,0.85,0.35,138,22.90,Sc,,
IC3580,G,0.86,0.76,57,24.23,E,,
IC3581,G,0.79,0.48,49,22.74,SBb,,
IC3582,G,0.29,0.25,54,23.02,E,,
IC3583,G,1.05,0.52,5,21.23,IB,,
IC3585,G,0.82,0.67,108,23.31,S0,,
IC3586,G,1.16,1.00,73,23.58,S0,,
IC3587,G,1.43,0.21,121,23.78,SBc,,
IC3590,G,0.91,0.24,127,23.44,Sab,,
IC3591,G,0.79,0.49,46,22.20,I,,
IC3595,G,0.39,0.27,109,23.51,Sc,,
IC3597,G,0.82,0.62,78,24.80,SBc,,
IC3598,G,1.41,0.40,139,23.77,Sab,,
IC3599,G,0.51,0.30,129,22.84,Sb,,
IC3600,G,0.67,0.61,134,23.56,S0,,
IC3601,G,0.79,0.52,152,23.84,E?,,
IC3602,G,0.82,0.28,74,24.71,E,,
IC3603,G,0.36,0.24,157,,E,,
IC3604,G,0.52,0.36,174,23.37,SBa,,
IC3605,G,0.70,0.45,12,23.36,Sm,,
IC3606,G,0.61,0.49,16,24.27,E,,
IC3607,G,0.42,0.25,141,23.49,E,,
IC3608,G,3.35,0.45,93,24.76,Sb,,
IC3609,G,0.38,0.26,18,21.45,Sa,,
IC3610,G,0.32,0.18,130,23.42,Sb,,
IC3611,G,1.37,0.70,132,23.14,S?,,
IC3612,G,1.05,0.63,44,23.84,S0,,
IC3613,G,0.49,0.28,159,24.08,S0-a,,
IC3614,G,0.30,0.22,158,23.56,Sc,,
IC3615,G,1.06,0.31,11,23.09,Sc,,
IC3617,G,0.74,0.31,63,21.79,I,,
IC3618,G,0.50,0.48,74,22.84,S0,,
IC3620,G,0.76,0.22,165,22.86,Sc,,
IC3621,G,1.01,0.75,14,24.52,E,,
IC3622,G,0.30,0.25,131,,Sbc,,
IC3623,G,0.80,0.58,56,23.51,E,,
IC3624,G,0.49,0.40,99,23.67,Sb,,
IC3625,G,0.43,0.41,80,22.37,S0,,
IC3626,G,0.54,0.32,15,23.01,SBc,,
IC3627,G,0.44,0.25,76,23.47,E,,
IC3629,G,0.98,0.47,73,23.49,SBab,,
IC3631,G,1.06,0.72,91,23.05,S0-a,,
IC3632,G,0.40,0.30,92,24.09,E,,
IC3633,G,0.58,0.44,125,23.45,E,,
IC3634,G,0.93,0.72,48,24.47,E,,
IC3635,G,0.85,0.65,165,23.47,S?,,
IC3637,G,1.23,0.74,19,24.00,E-S0,,
IC3638,G,0.68,0.58,55,22.20,Sbc,,
IC3639,G,1.24,1.16,41,22.21,SBbc,,
IC3640,G,0.45,0.25,47,23.31,E,,
IC3641,G,0.66,0.14,174,25.75,,,
IC3642,G,0.37,0.34,26,23.16,E,,
IC3643,G,0.53,0.34,109,23.78,Sb,,
IC3644,G,0.91,0.23,15,23.72,SBb,,
IC3646,G,0.69,0.30,89,22.90,Sbc,,
IC3647,G,1.34,0.84,140,24.08,I,,
IC3649,G,0.30,0.26,97,23.18,Sbc,,
IC3651,G,1.05,1.04,95,23.30,S0,,
IC3652,G,0.99,0.92,94,23.15,E,,
IC3653,G,0.62,0.48,15,22.25,E,,
IC3654,G,0.39,0.30,49,23.72,E,,
IC3655,G,0.30,0.23,114,23.05,Sab,,
IC3656,G,0.41,0.21,94,23.28,Sbc,,
IC3657,G,0.23,0.19,20,23.50,E,,
IC3658,G,1.34,0.70,74,24.68,E,,
IC3659,G,0.47,0.25,76,23.04,Sbc,,
IC3661,G,0.55,0.14,109,23.46,Sm,,
IC3662,G,0.63,0.47,133,22.78,Sb,,
IC3663,G,0.95,0.56,3,24.19,E,,
IC3665,G,0.82,0.58,85,23.09,I,,
IC3670,G,0.37,0.30,55,22.26,Sbc,,
IC3671,G,0.58,0.56,35,23.06,Sbc,,
IC3677,G,0.36,0.28,49,23.46,E,,
IC3678,G,0.32,0.22,46,23.43,E,,
IC3683,G,0.36,0.29,24,23.02,SBb,,
IC3684,G,0.91,0.31,4,24.45,E-S0,,
IC3686,G,0.84,0.34,172,22.77,Sc,,
IC3687,G,3.34,3.08,0,25.04,IAB,,
IC3689,G,0.62,0.47,84,24.09,E,,
IC3690,G,0.86,0.36,4,23.10,SBa,,
IC3691,G,0.38,0.28,34,22.86,Sc,,
IC3692,G,0.82,0.62,95,23.07,Sa,,
IC3693,G,0.66,0.46,94,23.64,E,,
IC3694,G,0.53,0.38,42,22.05,Sbc,,
IC3696,G,0.39,0.22,94,24.39,E,,
IC3697,G,0.77,0.66,56,23.95,Sb,,
IC3698,G,0.49,0.41,5,22.10,Sc,,
IC3701,G,0.45,0.34,59,23.58,E-S0,,
IC3702,G,0.49,0.34,43,21.97,SBc,,
IC3704,G,1.28,0.36,41,23.05,SBbc,,
IC3705,GPair,0.70,,,,,,
IC3705,G,0.37,0.34,20,24.04,E,,
IC3705,G,0.38,0.18,163,23.67,Sbc,,
IC3709,G,0.67,0.58,4,22.73,Sbc,,
IC3710,G,1.17,0.85,131,24.54,I,,
IC3711,G,0.81,0.60,41,24.05,E,,
IC3713,G,0.70,0.52,136,23.07,S0-a,,
IC3714,G,0.71,0.43,143,22.93,SBab,,
IC3715,G,0.56,0.53,64,24.11,SBc,,
IC3717,G,0.80,0.22,155,24.16,E?,,
IC3718,G,2.24,0.72,71,24.37,S0,,
IC3719,G,0.49,0.33,87,22.87,I,,
IC3720,G,2.34,1.36,125,25.66,E,,
IC3721,G,0.96,0.37,136,22.19,Sm,,
IC3723,G,0.33,0.22,106,21.89,S?,,
IC3724,G,0.63,0.45,40,22.78,Sc,,
IC3726,G,1.33,0.29,115,23.44,Sc,,
IC3727,G,1.23,1.07,139,23.79,Sc,,
IC3728,G,0.37,0.33,116,23.38,Sbc,,
IC3729,G,0.34,0.26,44,22.82,SBb,,
IC3730,G,0.55,0.53,136,22.50,Scd,,
IC3731,G,0.55,0.45,129,23.23,Sbc,,
IC3732,G,0.49,0.36,47,23.28,I,,
IC3734,G,0.41,0.22,131,23.79,SBc,,
IC3735,G,1.18,0.87,151,23.79,E,,
IC3736,G,0.48,0.38,170,23.00,Sc,,
IC3738,G,0.25,0.12,57,24.78,,,
IC3740,G,0.64,0.29,7,22.68,Sc,,
IC3742,G,1.02,0.32,45,21.98,SBc,,
IC3744,G,0.70,0.47,161,23.96,Sb,,
IC3745,G,1.04,0.91,39,23.73,S0-a,,
IC3746,G,0.54,0.44,37,23.33,Sbc,,
IC3751,G,0.20,0.17,85,,Sc,,
IC3754,G,1.32,0.57,126,23.38,Sab,,
IC3756,G,0.38,0.30,26,23.28,SBc,,
IC3758,G,0.58,0.54,53,22.95,E,,
IC3759,G,0.62,0.18,157,23.27,Sc,,
IC3760,G,0.43,0.33,120,23.52,E,,
IC3761,G,0.32,0.17,60,23.85,E,,
IC3762,G,0.38,0.21,40,23.91,I,,
IC3763,G,0.40,0.35,130,23.56,SBbc,,
IC3766,G,0.41,0.35,47,23.70,Sb,,
IC3767,G,1.07,0.34,77,24.99,E,,
IC3771,G,0.33,0.26,83,23.05,SBb,,
IC3772,G,0.83,0.52,15,23.55,Sbc,,
IC3773,G,1.93,0.73,20,24.29,E,,
IC3774,G,0.97,0.42,106,23.74,Sbc,,
IC3775,G,0.81,0.34,51,23.77,Sc,,
IC3776,G,0.50,0.21,37,23.05,Sc,,
IC3778,G,0.55,0.35,38,22.57,Sbc,,
IC3779,G,0.90,0.53,126,24.06,E,,
IC3783,G,0.66,0.52,98,23.14,Sbc,,
IC3784,G,0.56,0.32,45,23.75,SBbc,,
IC3785,G,0.18,0.16,157,,Sb,,
IC3786,G,0.34,0.26,168,22.95,Sbc,,
IC3788,G,0.66,0.66,20,23.79,Sbc,,
IC3789,G,0.48,0.40,3,23.35,Sb,,
IC3793,G,0.43,0.23,74,23.78,Sbc,,
IC3795,G,0.90,0.24,18,24.21,E,,
IC3799,G,2.77,0.38,32,23.85,SBcd,,
IC3800,GPair,0.60,,,,,,
IC3800,G,0.32,0.21,47,24.60,,,
IC3800,G,0.54,0.36,100,24.07,E,,
IC3806,G,1.29,0.44,179,22.98,Sa,,
IC3808,G,0.95,0.42,156,23.36,Sbc,,
IC3809,G,0.64,0.38,159,23.61,Sb,,
IC3812,G,1.13,0.41,6,23.34,Sab,,
IC3813,G,1.32,0.96,179,23.12,S0,,
IC3814,G,0.59,0.38,132,24.07,Sbc,,
IC3815,G,0.55,0.36,150,24.05,Sbc,,
IC3816,G,0.81,0.76,7,24.07,E,,
IC3817,G,0.26,0.18,34,23.04,Sbc,,
IC3818,G,0.41,0.19,169,23.49,Sb,,
IC3819,G,0.56,0.45,70,23.61,,,
IC3820,G,0.46,0.43,54,24.04,Sc,,
IC3822,G,1.43,0.31,35,23.48,Sc,,
IC3824,G,1.13,0.71,0,24.12,S0-a,,
IC3825,G,0.60,0.38,178,,,,
IC3826,G,1.84,0.65,178,24.24,S0,,
IC3827,G,1.13,0.83,162,22.80,Sc,,
IC3828,G,0.68,0.34,53,23.59,Sab,,
IC3829,G,3.41,1.04,10,23.97,S0,,
IC3831,G,1.50,1.11,138,23.69,S0,,
IC3832,G,0.46,0.39,72,23.28,SBc,,
IC3834,G,0.95,0.55,70,23.04,Sb,,
IC3835,G,0.50,0.25,98,22.96,Sc,,
IC3836,G,0.49,0.22,86,23.20,SBc,,
IC3837,G,0.56,0.32,73,24.00,I,,
IC3840,G,0.78,0.78,76,24.21,Sm,,
IC3842,G,0.34,0.30,164,,E,,
IC3843,G,0.49,0.25,179,23.19,Sc,,
IC3844,G,0.39,0.30,31,22.90,Sc,,
IC3847,G,0.30,0.25,126,23.29,Sc,,
IC3848,GPair,0.60,,,,,,
IC3848,G,0.55,0.28,113,25.09,E,,
IC3848,G,0.67,0.38,158,24.54,E,,
IC3850,G,0.72,0.48,49,23.64,E,,
IC3852,G,1.10,0.43,60,24.24,Scd,,
IC3853,G,0.36,0.28,6,23.62,Sbc,,
IC3854,G,0.37,0.24,24,22.96,SBa,,
IC3855,G,0.85,0.35,107,24.70,E,,
IC3856,G,0.67,0.20,122,23.77,Sc,,
IC3857,G,0.42,0.34,109,24.38,Sbc,,
IC3859,G,1.12,0.32,159,22.88,Sc,,
IC3860,G,0.36,0.32,119,24.20,,,
IC3861,G,0.44,0.34,133,23.33,SBb,,
IC3862,G,0.87,0.42,134,24.20,Sd,,
IC3863,G,0.71,0.28,86,23.50,Sab,,
IC3864,G,0.23,0.16,146,24.13,,,
IC3865,G,0.48,0.35,145,23.75,E,,
IC3866,GPair,0.60,,,,,,
IC3866,G,0.33,0.22,123,23.77,SBbc,,
IC3866,G,0.34,0.26,15,23.31,SBbc,,
IC3867,G,0.67,0.42,115,24.10,SBb,,
IC3868,G,0.41,0.25,63,23.76,SBb,,
IC3869,G,0.59,0.25,64,23.87,Sc,,
IC3870,G,0.30,0.27,34,23.43,Sb,,
IC3871,G,0.52,0.43,17,23.94,E,,
IC3872,G,0.23,0.18,38,,E,,
IC3873,G,0.43,0.42,120,24.00,SBb,,
IC3874,G,0.45,0.38,102,23.95,E,,
IC3875,G,0.35,0.27,11,22.99,Sbc,,
IC3876,G,0.40,0.23,43,24.09,Sbc,,
IC3877,G,3.07,0.73,25,23.92,SBc,,
IC3879,G,0.64,0.42,179,23.58,Sbc,,
IC3880,G,0.42,0.25,175,23.57,SBbc,,
IC3881,G,0.40,0.31,94,23.91,SBb,,
IC3882,G,0.53,0.28,157,23.84,Sb,,
IC3883,G,1.09,0.54,11,22.64,Sb,,
IC3884,G,0.85,0.62,147,24.50,Sbc,,
IC3885,G,0.48,0.39,35,23.74,Sbc,,
IC3886,G,0.40,0.34,22,24.49,,,
IC3888,G,0.90,0.35,57,23.39,Sa,,
IC3890,G,0.44,0.34,19,24.06,Sc,,
IC3891,G,0.46,0.34,105,23.83,Sbc,,
IC3892,G,1.22,0.55,176,24.16,S0-a,,
IC3893,G,0.58,0.18,72,23.45,SBm,,
IC3895,G,0.71,0.69,18,23.57,Sb,,
IC3896,G,3.05,2.12,6,23.45,E,,
IC3897,G,0.15,0.08,19,,Sc,,
IC3898,G,0.31,0.25,166,23.28,Sc,,
IC3899,G,0.43,0.23,40,23.57,Sbc,,
IC3900,G,0.96,0.59,178,23.49,S0,,
IC3904,G,0.62,0.37,72,23.01,SABb,,
IC3905,GTrpl,0.90,,,,,,
IC3905,G,0.22,0.11,30,24.58,,,
IC3905,G,0.48,0.32,123,23.84,Sb,,
IC3905,G,0.15,0.07,131,,,,
IC3907,G,0.46,0.20,2,23.80,S?,,
IC3908,G,2.43,0.79,172,23.16,SBcd,,
IC3909,G,0.37,0.28,55,23.03,Sb,,
IC3911,GPair,0.50,,,,,,
IC3911,G,0.56,0.38,26,23.77,E,,
IC3911,G,0.50,0.24,36,25.77,E,,
IC3913,G,0.66,0.45,57,23.15,SABc,,
IC3914,G,0.36,0.25,112,23.50,Sc,,
IC3916,G,0.89,0.60,124,23.45,Sab,,
IC3918,G,0.55,0.40,164,23.00,Sc,,
IC3919,G,0.59,0.43,108,23.60,E,,
IC3920,G,0.68,0.21,16,23.70,E-S0,,
IC3921,G,0.52,0.25,73,23.10,Sc,,
IC3922,G,0.72,0.23,90,23.42,Sb,,
IC3924,G,0.42,0.29,121,25.13,E,,
IC3927,G,1.29,1.05,166,23.02,E-S0,,
IC3928,G,0.33,0.26,145,23.04,Sbc,,
IC3929,G,0.38,0.28,40,23.55,Sb,,
IC3930,G,0.57,0.29,7,23.20,Sbc,,
IC3931,G,0.73,0.39,154,23.68,Sb,,
IC3934,G,0.51,0.48,58,23.98,SBbc,,
IC3937,G,0.54,0.40,111,24.13,E,,
IC3940,G,0.64,0.33,136,23.09,Sb,,
IC3941,G,0.65,0.49,14,24.33,E,,
IC3943,G,0.92,0.33,59,23.91,S0,,
IC3944,G,0.56,0.34,63,23.28,Sab,,
IC3945,G,0.49,0.19,13,,Sc,,
IC3946,G,0.86,0.44,71,23.46,S0,,
IC3947,G,0.66,0.49,100,23.58,S0,,
IC3948,G,0.33,0.29,5,24.08,E,,
IC3949,G,1.01,0.16,72,23.72,S0,,
IC3950,G,0.58,0.49,145,23.91,SBb,,
IC3951,G,0.60,0.37,157,24.24,E,,
IC3952,G,0.52,0.38,153,23.85,Sbc,,
IC3953,G,0.37,0.32,45,23.50,Sab,,
IC3954,G,0.22,0.15,83,,Sb,,
IC3955,G,0.77,0.51,41,23.51,S0,,
IC3956,G,0.51,0.41,165,23.30,E,,
IC3957,G,0.56,0.54,40,23.40,E,,
IC3958,G,0.53,0.40,112,24.18,E,,
IC3959,G,0.70,0.70,10,23.35,E,,
IC3960,G,0.55,0.53,14,23.33,S0,,
IC3963,G,0.70,0.41,82,23.62,S0,,
IC3965,G,0.33,0.25,158,23.31,Sb,,
IC3966,G,0.74,0.50,15,23.24,Sc,,
IC3967,G,0.76,0.49,42,23.61,E?,,
IC3968,G,0.44,0.36,48,23.29,E-S0,,
IC3969,GTrpl,0.80,,,,,,
IC3969,G,0.69,0.39,99,24.75,SBb,,
IC3969,G,0.30,0.20,89,24.70,,,
IC3969,G,0.23,0.12,149,25.06,,,
IC3971,G,0.38,0.33,119,23.28,Sbc,,
IC3973,G,0.76,0.44,141,23.49,S0,,
IC3975,G,0.87,0.51,31,23.46,S0-a,,
IC3976,G,0.66,0.31,153,23.62,E,,
IC3978,G,0.21,0.19,131,23.96,,,
IC3980,G,0.36,0.31,45,23.25,SBb,,
IC3984,G,0.35,0.33,70,24.25,E,,
IC3985,G,0.37,0.33,75,22.94,Sc,,
IC3986,G,1.85,1.38,124,23.54,E,,
IC3987,G,0.49,0.41,40,23.07,E,,
IC3990,G,0.87,0.29,30,22.83,Sa,,
IC3991,G,0.91,0.41,66,23.69,E-S0,,
IC3993,G,0.48,0.41,1,23.17,E,,
IC3994,G,0.30,0.23,164,23.09,SBc,,
IC3997,G,0.38,0.31,45,23.65,E,,
IC3998,G,0.56,0.41,8,23.04,S0,,
IC4000,G,0.36,0.26,53,23.33,Sbc,,
IC4001,G,0.58,0.34,32,23.47,E,,
IC4002,G,0.43,0.23,68,23.46,Sm,,
IC4003,G,1.07,1.07,91,24.13,E,,
IC4004,G,0.87,0.81,143,23.99,E,,
IC4007,G,0.34,0.22,146,,E,,
IC4010,G,0.52,0.28,65,23.18,Sab,,
IC4011,G,0.40,0.38,1,22.95,E,,
IC4012,G,0.51,0.42,131,23.38,E,,
IC4014,G,0.40,0.36,4,23.61,Sb,,
IC4017,G,0.39,0.20,91,23.65,SBc,,
IC4018,G,0.18,0.15,168,,E,,
IC4020,G,0.93,0.19,80,23.89,Sc,,
IC4021,G,0.40,0.38,26,22.60,E,,
IC4023,G,0.62,0.35,176,24.40,E,,
IC4025,G,0.62,0.35,176,24.40,E,,
IC4026,G,0.58,0.41,73,23.11,S0,,
IC4027,G,0.45,0.33,167,23.29,S0-a,,
IC4028,G,0.78,0.61,151,23.32,Sc,,
IC4029,G,0.42,0.20,109,23.58,E,,
IC4030,G,0.53,0.36,16,23.77,S0,,
IC4031,G,0.21,0.17,124,,Sb,,
IC4032,G,0.60,0.44,176,22.93,E-S0,,
IC4033,G,0.50,0.28,100,23.44,S0,,
IC4034,G,0.41,0.24,63,22.60,Sc,,
IC4035,GPair,0.80,,,,,,
IC4035,G,0.48,0.23,34,23.25,Sbc,,
IC4035,G,0.55,0.09,179,26.24,,,
IC4037,G,0.35,0.28,109,22.79,Sb,,
IC4038,G,0.59,0.31,168,23.86,E,,
IC4039,G,0.50,0.42,10,23.31,SBa,,
IC4040,G,0.78,0.34,152,22.81,SABc,,
IC4041,G,0.61,0.44,44,23.16,E,,
IC4042,G,0.72,0.60,2,23.18,S0,,
IC4043,G,0.98,0.30,160,24.09,SBd,,
IC4044,G,0.48,0.30,43,23.45,S0-a,,
IC4045,G,0.79,0.44,109,23.20,E,,
IC4047,G,0.88,0.81,90,23.97,Sbc,,
IC4048,G,0.46,0.21,178,23.16,SBbc,,
IC4049,G,1.07,1.07,69,23.88,S0,,
IC4051,G,0.96,0.58,51,23.39,E,,
IC4056,G,0.68,0.37,96,23.46,SBbc,,
IC4058,G,0.62,0.34,116,23.59,SBbc,,
IC4059,G,0.41,0.33,58,23.91,E,,
IC4060,G,0.79,0.59,147,23.12,Sb,,
IC4061,GPair,0.50,,,,,,
IC4061,G,0.39,0.30,122,,E,,
IC4061,G,0.48,0.37,123,24.25,E,,
IC4062,G,0.38,0.38,93,21.52,SABb,,
IC4063,G,0.30,0.24,158,22.88,Sb,,
IC4064,G,1.40,1.08,35,23.79,S0,,
IC4065,G,0.73,0.38,155,23.04,SBb,,
IC4067,G,0.38,0.25,12,23.16,E,,
IC4068,G,0.57,0.35,70,23.37,E?,,
IC4069,G,0.41,0.23,13,23.32,Scd,,
IC4070,G,0.58,0.39,44,23.47,SBb,,
IC4071,G,0.97,0.55,8,23.38,S0,,
IC4073,G,0.81,0.27,143,23.20,Sab,,
IC4074,G,0.59,0.38,43,24.15,Sbc,,
IC4075,G,0.44,0.31,104,23.87,E,,
IC4076,G,0.41,0.37,143,23.53,Sb,,
IC4077,G,0.42,0.28,61,22.81,SBbc,,
IC4079,G,0.42,0.37,10,24.39,Sab,,
IC4080,GPair,0.40,,,,,,
IC4080,G,0.79,0.16,38,24.27,Sc,,
IC4080,G,0.23,0.12,64,24.19,,,
IC4081,G,0.42,0.28,157,23.64,E,,
IC4082,G,0.44,0.27,92,23.16,Sc,,
IC4083,G,0.41,0.26,20,22.86,SBbc,,
IC4085,G,0.30,0.25,132,,E,,
IC4086,G,0.82,0.66,178,23.70,SABc,,
IC4087,G,0.23,0.13,9,,SBb,,
IC4089,G,0.36,0.32,149,23.88,SBb,,
IC4091,G,0.52,0.26,131,23.65,Sbc,,
IC4094,G,0.44,0.30,132,23.06,Sc,,
IC4095,G,0.77,0.33,27,23.83,SBb,,
IC4096,G,0.67,0.52,132,24.69,E,,
IC4098,G,0.51,0.28,112,23.20,SBbc,,
IC4099,G,0.65,0.49,104,24.23,E,,
IC4100,G,1.16,0.75,104,23.41,Sc,,
IC4102,G,0.34,0.22,78,23.16,Sc,,
IC4103,G,0.76,0.52,64,23.70,Sbc,,
IC4104,G,0.51,0.37,167,23.42,E,,
IC4105,G,0.48,0.39,89,23.73,E,,
IC4106,G,0.74,0.55,135,23.49,S0-a,,
IC4107,G,0.89,0.81,0,25.24,E,,
IC4108,G,0.71,0.37,132,23.55,E,,
IC4110,G,0.20,0.14,151,,Sab,,
IC4111,G,0.73,0.34,133,23.72,S0,,
IC4113,G,0.37,0.23,111,23.20,Sb,,
IC4114,G,0.46,0.21,41,23.78,E,,
IC4115,G,0.56,0.44,15,23.15,Sbc,,
IC4118,G,0.63,0.39,102,22.86,SBb,,
IC4119,G,0.43,0.15,24,25.11,,,
IC4122,G,0.84,0.69,26,23.66,S0-a,,
IC4123,G,0.55,0.47,138,22.99,SBb,,
IC4124,G,0.38,0.26,37,23.72,E,,
IC4125,G,1.01,0.65,74,24.62,E,,
IC4127,G,0.58,0.37,40,23.28,Sab,,
IC4128,G,0.40,0.28,65,23.01,Sb,,
IC4129,G,0.47,0.29,28,23.75,Sbc,,
IC4130,G,1.20,1.05,70,24.67,E,,
IC4131,G,0.38,0.28,158,23.00,Sc,,
IC4133,G,0.57,0.52,66,23.06,E,,
IC4135,G,0.67,0.38,36,23.38,Sb,,
IC4137,G,0.39,0.31,166,23.21,Sab,,
IC4138,G,0.38,0.24,162,23.15,SBab,,
IC4139,G,0.64,0.52,60,24.43,E,,
IC4140,G,0.32,0.26,71,23.94,E,,
IC4141,G,0.66,0.55,108,23.97,Sb,,
IC4144,G,0.96,0.18,6,23.44,Sb,,
IC4145,G,0.71,0.17,135,23.57,Sc,,
IC4146,G,0.52,0.38,9,24.06,SBab,,
IC4147,G,0.32,0.17,156,,,,
IC4148,G,0.41,0.21,68,24.16,Sbc,,
IC4149,G,0.65,0.39,82,23.09,Sb,,
IC4151,GTrpl,0.40,,,,,,
IC4151,G,0.47,0.23,8,24.11,Sbc,,
IC4151,G,0.30,0.19,131,23.73,S?,,
IC4152,G,0.75,0.63,11,24.16,E,,
IC4154,G,0.62,0.53,111,23.34,Sbc,,
IC4158,G,0.76,0.25,125,23.31,Sab,,
IC4159,G,0.33,0.24,127,23.52,Sbc,,
IC4160,G,0.43,0.20,22,23.38,SBb,,
IC4161,G,0.71,0.18,107,22.98,Sc,,
IC4162,G,0.33,0.24,165,23.27,Sb,,
IC4163,G,0.40,0.33,31,23.10,Sbc,,
IC4164,G,0.45,0.20,127,23.42,Sb,,
IC4165,G,0.64,0.60,16,23.06,Sc,,
IC4166,G,1.01,0.49,177,23.43,Sab,,
IC4167,G,0.40,0.25,160,23.77,E,,
IC4168,G,0.65,0.50,74,23.37,E,,
IC4169,GPair,0.60,,,,,,
IC4169,G,0.15,0.12,120,23.73,,,
IC4169,G,0.51,0.47,130,23.81,E,,
IC4170,GPair,0.80,,,,,,
IC4170,G,0.51,0.50,79,23.53,E,,
IC4170,G,0.26,0.17,95,24.78,,,
IC4171,G,0.71,0.39,82,23.50,Scd,,
IC4172,G,0.49,0.39,85,23.41,Sb,,
IC4175,G,0.40,0.27,138,23.84,SBbc,,
IC4177,G,0.87,0.45,90,23.09,Sa,,
IC4178,G,0.63,0.24,120,23.26,I,,
IC4180,G,1.38,1.02,163,23.14,S0-a,,
IC4181,G,0.53,0.47,125,23.43,SBb,,
IC4182,G,6.01,5.52,0,25.09,Sm,,
IC4183,G,0.46,0.40,113,23.91,E,,
IC4184,G,0.33,0.22,111,,E,,
IC4185,GPair,1.00,,,,,,
IC4185,G,0.55,0.23,147,24.18,E,,
IC4185,G,0.32,0.19,21,23.80,Sm,,
IC4187,G,0.55,0.43,157,23.12,E-S0,,
IC4188,G,0.46,0.37,53,23.42,Sbc,,
IC4189,G,1.25,0.84,180,23.32,Sc,,
IC4191,PN,0.08,,,,,,
IC4193,G,0.49,0.32,61,22.40,Sbc,,
IC4197,G,1.84,1.12,162,23.59,E-S0,,
IC4200,G,1.69,1.06,154,23.73,S0,,
IC4201,G,0.66,0.63,85,23.47,E,,
IC4202,G,1.74,0.36,142,23.77,Sbc,,
IC4204,G,0.95,0.21,42,23.25,Sc,,
IC4207,G,0.49,0.30,2,23.46,SBb,,
IC4209,G,1.28,0.53,99,23.03,SBbc,,
IC4212,G,0.33,0.21,140,20.51,SBc,,
IC4213,G,2.48,0.48,176,23.33,Sc,,
IC4214,G,2.96,1.84,165,23.11,SBa,,
IC4215,G,1.55,0.36,46,23.58,Sab,,
IC4216,G,2.05,0.77,53,23.09,SABc,,
IC4217,G,0.68,0.62,30,23.09,Sbc,,
IC4218,G,1.20,0.37,159,22.82,Sbc,,
IC4219,G,1.12,0.97,114,22.47,SBb,,
IC4220,G,0.85,0.61,105,23.12,Sa,,
IC4221,G,1.54,0.71,167,22.63,SBc,,
IC4223,G,0.72,0.53,140,23.32,Sb,,
IC4224,G,0.88,0.37,99,22.64,SBd,,
IC4225,G,1.64,0.33,131,24.44,S0-a,,
IC4226,G,0.49,0.35,140,22.50,S0-a,,
IC4227,G,0.54,0.44,77,22.87,SBb,,
IC4228,G,0.80,0.55,67,23.16,SBa,,
IC4229,G,0.80,0.67,15,22.59,Sb,,
IC4230,G,1.19,0.36,1,23.64,Sa,,
IC4231,G,2.06,0.57,34,23.62,Sbc,,
IC4232,G,1.19,0.37,4,22.80,Sbc,,
IC4234,G,0.78,0.68,12,22.91,SABa,,
IC4235,G,0.91,0.25,78,24.48,,,
IC4237,G,2.14,1.39,135,23.24,SBb,,
IC4238,G,0.87,0.24,29,23.61,Sab,,
IC4239,G,0.88,0.63,132,23.59,S0-a,,
IC4240,G,0.54,0.25,34,23.63,E,,
IC4241,G,0.62,0.47,64,23.25,E,,
IC4242,G,0.58,0.41,137,23.47,SBb,,
IC4243,G,0.50,0.38,35,22.64,E-S0,,
IC4244,G,0.81,0.34,82,23.25,SBab,,
IC4245,G,0.73,0.52,112,23.23,Sa,,
IC4246,G,0.62,0.26,147,22.65,Sa,,
IC4247,G,1.38,0.52,154,23.02,S?,,
IC4248,G,1.04,0.65,89,22.59,Sc,,
IC4249,G,1.43,0.41,111,23.17,Sab,,
IC4250,G,0.55,0.32,53,22.62,Sc,,
IC4251,G,0.98,0.65,145,23.45,SBa,,
IC4252,G,2.00,1.08,135,24.33,E-S0,,
IC4253,G,1.41,0.71,135,23.70,Sbc,,
IC4254,G,0.75,0.54,81,23.40,Sb,,
IC4255,G,1.34,0.99,45,23.75,E-S0,,
IC4256,G,0.66,0.32,44,23.02,Sb,,
IC4258,G,0.85,0.68,29,23.61,E,,
IC4259,G,0.99,0.56,149,23.66,SBab,,
IC4260,G,1.17,0.29,96,23.92,Sab,,
IC4261,G,1.17,0.86,131,23.79,S0,,
IC4262,G,1.18,0.37,65,23.83,Sb,,
IC4263,G,1.71,0.42,102,23.95,SBcd,,
IC4264,G,1.88,0.47,105,23.81,Sc,,
IC4265,G,0.84,0.53,5,23.46,Sab,,
IC4266,G,0.55,0.50,10,23.57,SBab,,
IC4267,G,1.30,0.45,135,23.62,Sbc,,
IC4268,G,0.63,0.46,90,24.10,E,,
IC4269,G,0.46,0.46,85,,E,,
IC4270,G,0.95,0.83,7,23.14,Sbc,,
IC4271,GPair,0.80,,,,,,
IC4271,G,0.87,0.66,167,23.48,SBbc,,
IC4271,G,0.30,0.23,141,,,,
IC4272,G,0.98,0.18,111,23.08,Sbc,,
IC4273,G,0.95,0.64,24,23.83,S0,,
IC4275,G,0.95,0.54,25,22.49,SBbc,,
IC4276,G,1.32,0.18,61,23.19,Sc,,
IC4277,G,0.67,0.08,91,,,,
IC4278,G,0.43,0.40,65,24.23,SBc,,
IC4279,G,0.68,0.38,52,22.96,Sb,,
IC4280,G,1.13,0.76,64,22.36,Sbc,,
IC4281,G,1.30,0.79,98,23.36,Sc,,
IC4282,G,0.40,0.38,156,24.59,,,
IC4283,G,0.65,0.34,69,22.82,SBb,,
IC4284,G,0.32,0.30,21,23.44,Sc,,
IC4285,G,0.32,0.17,92,24.10,,,
IC4286,G,0.41,0.34,20,22.63,Sbc,,
IC4287,GPair,1.00,,,,,,
IC4287,G,0.96,0.46,152,23.59,Sa,,
IC4287,G,0.22,0.15,15,,,,
IC4288,G,1.36,0.60,114,23.51,Sbc,,
IC4289,G,1.40,0.62,8,23.75,E-S0,,
IC4290,G,1.35,1.11,99,23.46,Sb,,
IC4291,OCl,5.10,,,,,,
IC4292,G,0.56,0.48,14,22.57,Sbc,,
IC4293,G,2.19,1.39,177,23.98,E-S0,,
IC4294,G,0.93,0.45,32,23.62,SBb,,
IC4295,G,1.04,0.40,114,23.21,Sbc,,
IC4296,G,4.62,2.43,42,23.73,E,,
IC4297,G,0.88,0.40,70,23.57,SBa,,
IC4298,G,1.60,0.82,177,23.39,Sc,,
IC4299,G,1.87,0.81,58,23.41,Sa,,
IC4300,G,0.23,0.23,12,21.43,E,,
IC4301,G,1.29,0.39,130,24.03,SBb,,
IC4302,G,1.36,0.27,126,23.97,Sc,,
IC4303,G,0.98,0.54,71,23.44,SABb,,
IC4304,G,1.31,0.55,41,23.47,Sab,,
IC4305,G,0.98,0.86,173,23.49,S0,,
IC4306,G,1.10,0.39,81,23.92,Sa,,
IC4307,G,0.66,0.59,84,23.02,S0,,
IC4309,G,0.77,0.50,132,23.24,Sbc,,
IC4310,G,2.38,0.96,73,23.89,S0,,
IC4311,G,1.11,0.78,161,22.77,Sbc,,
IC4312,G,1.21,0.89,75,22.78,S0,,
IC4313,G,0.59,0.38,38,23.71,E,,
IC4314,G,0.91,0.65,10,23.54,E,,
IC4315,G,1.60,0.32,132,23.41,SBc,,
IC4316,G,1.38,1.00,56,23.70,IB,,
IC4317,G,0.51,0.34,23,23.16,Sa,,
IC4318,G,1.08,0.95,10,23.28,Sc,,
IC4319,G,1.61,0.54,73,23.30,Sbc,,
IC4320,G,1.31,1.18,30,23.52,S0-a,,
IC4321,G,1.02,0.62,33,23.50,Sbc,,
IC4322,G,0.69,0.55,71,23.35,E-S0,,
IC4323,G,1.10,0.20,58,23.57,Sbc,,
IC4324,G,0.90,0.57,126,23.01,Sb,,
IC4325,G,1.20,0.48,101,23.23,SABb,,
IC4326,G,1.00,0.81,166,22.97,Sc,,
IC4327,G,1.15,0.58,56,23.00,Sc,,
IC4328,G,1.07,0.70,174,23.49,SBab,,
IC4329,G,4.74,2.65,67,24.33,E-S0,,
IC4330,G,1.29,0.65,93,23.38,SBc,,
IC4331,G,0.63,0.51,64,23.24,SBb,,
IC4332,G,0.85,0.78,3,23.69,S0,,
IC4333,G,1.80,0.46,60,24.70,S0-a,,
IC4334,G,0.59,0.50,147,23.17,E-S0,,
IC4336,G,1.37,0.41,155,23.34,Sb,,
IC4337,G,0.77,0.38,106,23.40,S0-a,,
IC4340,G,1.27,0.90,31,23.79,E-S0,,
IC4341,G,0.92,0.84,50,23.28,Sc,,
IC4342,G,1.09,0.43,53,23.54,Sab,,
IC4343,G,1.05,0.61,102,24.06,E,,
IC4344,G,1.10,0.70,67,23.64,Sab,,
IC4345,G,1.23,1.18,134,23.55,E,,
IC4346,G,0.73,0.66,4,23.07,S0-a,,
IC4348,G,1.13,1.13,117,24.74,E,,
IC4349,G,1.04,0.50,119,23.41,Sab,,
IC4350,G,1.88,0.74,133,23.74,S0-a,,
IC4351,G,6.55,1.04,18,24.19,Sb,,
IC4352,G,1.82,0.73,88,23.10,Sab,,
IC4354,G,1.36,0.33,106,23.64,Sc,,
IC4355,G,0.43,0.40,54,22.19,Sa,,
IC4356,G,0.54,0.46,15,23.32,S0,,
IC4357,G,0.93,0.51,67,22.98,Sbc,,
IC4358,G,1.39,0.29,111,23.22,Sbc,,
IC4359,G,1.18,0.89,13,22.68,Sc,,
IC4360,G,0.78,0.47,33,23.75,SBab,,
IC4361,G,0.66,0.34,170,,Sb,,
IC4362,G,1.81,0.69,147,22.67,SBc,,
IC4363,G,0.45,0.21,25,,Sc,,
IC4364,G,0.91,0.66,106,23.21,Sbc,,
IC4366,G,1.63,1.21,149,22.86,Sc,,
IC4367,G,1.64,1.43,71,22.74,SABc,,
IC4368,G,0.55,0.38,40,,S0,,
IC4369,G,0.44,0.38,29,23.04,Sbc,,
IC4370,G,0.44,0.33,96,22.60,Sc,,
IC4371,G,0.81,0.54,50,23.23,SBa,,
IC4372,G,0.48,0.15,75,,S0-a,,
IC4373,G,0.82,0.78,23,23.63,E,,
IC4374,G,1.80,1.39,106,23.70,E-S0,,
IC4377,G,1.98,0.69,95,24.08,S0-a,,
IC4378,G,1.54,0.61,158,24.17,S0,,
IC4379,G,0.92,0.42,93,23.40,Sbc,,
IC4380,G,0.73,0.68,10,23.22,SBcd,,
IC4382,G,0.64,0.16,9,22.30,SBb,,
IC4384,G,1.13,0.80,165,23.78,S0-a,,
IC4386,G,2.57,0.38,146,22.87,Sd,,
IC4387,G,1.26,0.72,67,23.63,SABm,,
IC4388,G,1.14,0.97,4,23.14,Sbc,,
IC4389,G,0.83,0.60,100,23.36,Sc,,
IC4390,G,1.95,0.63,10,23.11,SABb,,
IC4391,G,0.98,0.78,55,22.99,Sab,,
IC4393,G,2.30,0.38,75,23.72,Sc,,
IC4395,G,1.16,0.80,25,23.76,Sab,,
IC4396,G,0.63,0.41,21,23.07,Sc,,
IC4397,G,1.08,0.74,160,22.69,Sbc,,
IC4398,G,0.62,0.56,10,22.85,SBb,,
IC4399,G,0.71,0.35,139,23.00,SBb,,
IC4401,G,1.50,0.60,10,23.50,SABa,,
IC4402,G,5.78,0.96,126,23.43,Sb,,
IC4403,G,1.23,0.48,137,23.51,SBa,,
IC4405,G,1.35,0.87,105,24.02,S0-a,,
IC4406,PN,0.58,,,,,,
IC4407,G,1.48,0.71,173,23.66,SBm,,
IC4408,G,0.83,0.39,128,22.82,Sab,,
IC4409,G,0.79,0.54,38,23.08,Sbc,,
IC4410,G,0.79,0.41,57,23.33,SBbc,,
IC4413,G,0.51,0.40,129,22.85,E-S0,,
IC4415,G,0.62,0.30,139,23.58,Sa,,
IC4416,G,0.92,0.67,130,24.15,E,,
IC4417,G,1.11,0.78,144,24.52,E,,
IC4418,G,0.94,0.80,96,23.57,E,,
IC4419,G,0.79,0.52,148,24.02,Sab,,
IC4420,G,0.67,0.37,18,23.06,SBc,,
IC4421,G,1.43,1.08,164,23.02,E,,
IC4422,G,0.74,0.65,142,23.46,E,,
IC4423,G,1.02,0.57,71,23.54,Sbc,,
IC4425,G,0.64,0.58,3,22.93,SBb,,
IC4426,G,0.69,0.65,5,23.63,E,,
IC4427,G,0.86,0.35,116,23.29,Sab,,
IC4428,G,0.76,0.35,49,23.63,Sa,,
IC4429,G,1.02,0.61,96,24.32,E,,
IC4430,G,2.47,1.26,24,23.65,S0,,
IC4432,G,0.85,0.22,47,23.59,Sbc,,
IC4433,G,0.48,0.34,44,23.22,Sbc,,
IC4434,G,0.64,0.46,6,23.43,E,,
IC4435,G,0.94,0.94,50,23.81,E,,
IC4436,G,1.20,1.03,87,24.00,E,,
IC4438,G,0.48,0.40,77,23.07,Sbc,,
IC4439,G,0.67,0.36,76,23.30,Scd,,
IC4440,G,0.77,0.46,72,23.74,S0-a,,
IC4441,G,1.95,1.53,83,22.10,SABb,,
IC4442,G,0.85,0.50,15,23.26,SBa,,
IC4443,G,0.62,0.28,12,23.49,Sbc,,
IC4445,G,1.19,0.45,154,23.28,Scd,,
IC4446,G,0.77,0.40,109,23.46,Sc,,
IC4447,G,0.82,0.67,174,23.03,S0-a,,
IC4448,G,1.10,0.86,176,22.82,SBc,,
IC4449,G,0.72,0.41,115,23.82,IB,,
IC4450,G,0.98,0.45,48,23.32,Sbc,,
IC4451,G,1.79,1.29,95,23.49,E,,
IC4452,G,0.50,0.47,78,22.10,Sa,,
IC4453,G,2.09,0.97,160,23.44,S0,,
IC4454,G,0.45,0.32,0,23.50,Sab,,
IC4456,G,0.58,0.21,129,23.47,Sbc,,
IC4457,G,0.46,0.39,85,23.03,Sbc,,
IC4458,G,0.59,0.26,70,23.98,Sbc,,
IC4459,G,0.89,0.30,13,23.23,Sb,,
IC4460,G,0.55,0.41,161,22.96,Sa,,
IC4461,G,0.41,0.28,117,23.14,Sc,,
IC4462,G,0.74,0.54,11,23.25,Sb,,
IC4463,G,0.81,0.61,30,23.49,Sbc,,
IC4464,G,1.68,0.67,62,23.47,S0,,
IC4465,G,0.56,0.23,80,24.02,S0-a,,
IC4466,G,1.00,1.00,14,24.34,S0-a,,
IC4467,G,0.54,0.48,32,23.31,Sa,,
IC4468,G,2.30,0.54,158,23.18,SBc,,
IC4469,G,1.67,0.22,109,23.70,Sc,,
IC4470,G,0.89,0.25,94,22.77,Sb,,
IC4472,G,2.69,0.60,0,23.65,Sc,,
IC4473,GTrpl,1.20,,,,,,
IC4473,G,0.74,0.59,1,23.90,SBb,,
IC4473,G,0.93,0.59,178,23.61,SBb,,
IC4473,G,0.12,0.12,0,,,,
IC4474,G,0.65,0.52,134,23.55,SBab,,
IC4475,G,1.05,0.88,26,23.77,E,,
IC4476,G,0.76,0.55,164,23.46,S0,,
IC4477,G,0.60,0.34,16,22.84,SBb,,
IC4478,G,0.58,0.49,61,23.04,E,,
IC4479,G,1.16,1.07,17,23.88,Sc,,
IC4480,G,0.64,0.58,65,23.22,SBbc,,
IC4481,G,0.50,0.35,68,23.62,SBbc,,
IC4482,G,0.62,0.56,25,23.32,Sbc,,
IC4483,G,1.34,0.46,25,23.61,Sb,,
IC4484,G,2.96,0.30,132,23.47,Sc,,
IC4485,G,0.64,0.37,43,23.25,SBb,,
IC4486,G,0.52,0.32,142,23.09,E,,
IC4487,G,0.68,0.52,22,23.38,Sbc,,
IC4488,G,0.61,0.39,9,23.44,Sbc,,
IC4489,G,0.42,0.36,122,23.39,Sc,,
IC4492,G,0.63,0.50,61,23.18,E,,
IC4494,G,0.93,0.39,136,23.83,S0-a,,
IC4495,G,0.78,0.44,10,23.49,SBb,,
IC4496,G,0.85,0.69,45,23.29,S0,,
IC4497,G,0.84,0.81,134,23.73,E,,
IC4498,G,0.75,0.70,17,23.10,E-S0,,
IC4499,GCl,5.10,,,,,,
IC4500,G,0.56,0.44,74,22.91,Sbc,,
IC4501,G,1.03,0.75,59,22.91,Sab,,
IC4502,G,0.64,0.33,110,23.38,Sb,,
IC4503,G,1.20,1.05,6,23.95,E,,
IC4504,G,0.51,0.29,98,,S0,,
IC4505,G,1.13,0.78,176,23.79,E-S0,,
IC4506,G,0.49,0.44,2,22.74,S0,,
IC4507,G,0.68,0.41,149,23.34,Sb,,
IC4508,G,0.76,0.60,31,23.62,S0-a,,
IC4509,G,0.83,0.20,46,22.26,Sb,,
IC4512,G,0.55,0.50,162,23.70,Sc,,
IC4514,G,0.83,0.68,124,23.34,Sab,,
IC4515,G,0.98,0.70,61,23.99,Sa,,
IC4516,G,1.36,1.09,158,24.05,E,,
IC4517,G,1.12,0.30,156,23.43,SBb,,
IC4518,GPair,2.00,,,,,,
IC4518,G,0.92,0.32,135,,Sc,,
IC4518,G,1.26,0.24,106,24.40,Sc,,
IC4519,G,0.89,0.48,124,24.07,S0-a,,
IC4520,G,0.51,0.41,120,22.54,Sb,,
IC4521,G,0.66,0.44,114,22.92,Sc,,
IC4522,G,3.02,0.86,112,,Sb,,
IC4523,G,1.65,1.49,119,23.41,SABc,,
IC4524,G,0.64,0.48,19,22.98,SBbc,,
IC4525,G,0.58,0.52,31,23.10,SBd,,
IC4526,G,0.50,0.37,19,23.69,Sm,,
IC4527,G,1.43,0.51,49,22.66,Sbc,,
IC4528,G,0.81,0.60,155,23.15,Sb,,
IC4529,G,0.77,0.46,6,22.83,Sbc,,
IC4530,G,0.91,0.16,19,22.71,SBb,,
IC4531,G,0.92,0.53,178,24.22,E,,
IC4532,G,0.86,0.58,92,23.99,E,,
IC4533,G,0.98,0.66,154,23.66,SABa,,
IC4534,G,1.45,0.79,164,23.80,S0,,
IC4535,G,0.54,0.23,162,23.07,SBb,,
IC4536,G,1.32,0.89,4,22.72,SBcd,,
IC4537,G,0.75,0.43,45,23.98,S0-a,,
IC4538,G,2.48,1.95,55,23.39,SABc,,
IC4539,G,0.55,0.45,153,23.16,SABb,,
IC4541,G,1.74,0.53,151,23.17,Sb,,
IC4542,G,1.05,0.65,102,23.95,S0-a,,
IC4545,G,2.02,0.85,166,23.55,SABc,,
IC4546,G,0.70,0.60,104,23.19,Sc,,
IC4547,G,0.80,0.57,138,23.72,E-S0,,
IC4548,G,0.48,0.33,11,23.80,E,,
IC4549,G,0.70,0.23,96,22.69,Sb,,
IC4552,G,1.00,0.94,70,22.95,Sc,,
IC4553,G,1.11,0.72,96,22.53,Sm,,
IC4554,G,0.47,0.33,151,22.99,Sab,,
IC4555,G,2.14,0.46,62,22.68,SBc,,
IC4556,G,1.17,1.06,141,23.76,E,,
IC4557,G,0.52,0.36,137,22.82,Sbc,,
IC4558,G,0.45,0.28,158,22.66,Sb,,
IC4559,G,0.64,0.44,70,23.13,E,,
IC4560,G,0.61,0.35,104,24.04,S0,,
IC4561,G,0.83,0.45,129,23.05,Sb,,
IC4562,G,1.19,1.09,55,23.10,E,,
IC4563,G,1.06,0.54,163,23.65,S0-a,,
IC4564,G,1.20,0.44,71,22.79,Sc,,
IC4565,G,0.80,0.46,11,22.78,Sc,,
IC4566,G,1.35,0.89,163,23.23,Sb,,
IC4567,G,1.34,0.96,131,22.73,Sc,,
IC4568,G,0.54,0.25,39,,Sb,,
IC4569,G,0.91,0.82,115,23.52,E,,
IC4570,G,0.76,0.67,178,23.09,SABc,,
IC4571,G,1.58,0.57,139,22.94,SBb,,
IC4572,G,1.16,0.78,76,23.59,SBa,,
IC4573,G,0.62,0.27,138,22.90,Sc,,
IC4574,G,0.63,0.36,23,23.29,SBa,,
IC4575,G,0.50,0.35,84,22.66,Sa,,
IC4576,G,1.39,0.90,79,24.15,E,,
IC4577,G,0.58,0.49,145,23.00,E,,
IC4578,G,1.63,0.62,139,23.06,SBb,,
IC4579,G,0.55,0.43,72,23.08,E,,
IC4580,G,0.98,0.48,164,23.86,S0-a,,
IC4581,G,0.79,0.60,24,23.25,Sc,,
IC4582,G,1.20,0.31,172,22.98,SBbc,,
IC4583,G,1.21,0.28,39,23.23,Sab,,
IC4584,G,1.96,1.64,90,25.83,Sc,,
IC4585,G,1.58,0.76,56,22.22,SBb,,
IC4587,G,0.83,0.56,98,24.20,E,,
IC4588,G,0.50,0.39,141,23.41,E,,
IC4590,G,0.65,0.43,158,23.50,E,,
IC4591,HII,12.00,10.00,,,,,
IC4592,RfN,60.00,40.00,,,,,
IC4593,PN,0.66,,,,,,
IC4595,G,3.26,0.55,60,23.39,Sc,,
IC4596,G,1.66,0.38,56,23.83,SBab,,
IC4597,G,1.27,1.02,145,23.49,Sc,,
IC4598,G,1.46,0.40,175,23.39,Sbc,,
IC4599,PN,0.24,,,,,,
IC4601,Neb,20.00,10.00,,,,,
IC4603,Neb,20.00,5.00,,,,,
IC4604,Neb,60.00,25.00,,,,,rho Oph Nebula
IC4605,Neb,30.00,15.00,,,,,
IC4607,G,0.72,0.38,149,24.11,E,,
IC4608,G,0.86,0.64,74,22.36,SBm,,
IC4609,G,0.87,0.83,19,23.67,E-S0,,
IC4610,G,1.03,0.31,50,24.36,Sab,,
IC4611,G,0.51,0.46,20,23.04,Sa,,
IC4612,G,1.00,1.00,103,23.86,S0-a,,
IC4614,G,0.77,0.69,85,23.33,Sa,,
IC4617,G,0.69,0.40,32,23.51,Sbc,,
IC4618,G,1.69,0.81,119,22.04,SBbc,,
IC4619,G,0.69,0.58,85,23.02,Sbc,,
IC4620,G,0.71,0.51,93,23.51,Sb,,
IC4621,G,0.81,0.62,151,23.27,Sab,,
IC4623,G,0.70,0.36,107,22.96,Sb,,
IC4624,G,0.47,0.32,115,23.17,,,
IC4627,G,0.65,0.27,74,23.23,Sc,,
IC4628,Neb,89.13,58.88,,,,,
IC4630,G,0.84,0.49,20,23.21,S0-a,,
IC4633,G,2.70,1.32,148,23.98,Sc,,
IC4634,PN,0.14,,,,,,
IC4635,G,1.62,0.45,160,23.77,SABb,,
IC4637,PN,0.31,,,,,,
IC4638,G,0.68,0.51,53,23.29,SABb,,
IC4639,G,0.58,0.51,152,23.66,E,,
IC4640,G,1.34,1.20,130,,SABc,,
IC4641,G,1.22,1.12,45,23.46,Sc,,
IC4642,PN,0.28,,,,,,
IC4644,G,1.75,0.47,134,24.55,Sb,,
IC4645,G,0.57,0.50,121,23.42,Scd,,
IC4646,G,2.77,1.85,179,23.23,Sc,,
IC4647,G,1.64,0.84,176,,S0,,
IC4650,G,0.61,0.25,67,23.57,S0,,
IC4651,OCl,9.60,,,,,,
IC4652,G,1.10,0.53,16,22.64,Sb,,
IC4653,G,1.61,0.98,51,22.96,S0-a,,
IC4654,G,1.97,1.11,102,22.93,SABb,,
IC4656,G,2.65,0.57,90,23.33,Sc,,
IC4660,G,1.28,0.33,170,22.75,Sb,,
IC4661,G,1.62,1.30,63,23.04,Sc,,
IC4662,G,2.09,0.83,106,21.34,IB,,
IC4663,PN,0.22,,,,,,
IC4664,G,1.67,0.89,106,23.03,Sb,,
IC4665,OCl,24.60,,,,,,
IC4669,G,0.61,0.29,103,22.50,SBb,,
IC4670,PN,0.08,,,,,,
IC4672,G,0.89,0.52,40,23.30,Sc,,
IC4673,PN,0.25,,,,,,
IC4674,G,1.57,0.71,87,23.85,SABc,,
IC4676,G,0.58,0.33,76,23.27,,,
IC4678,Neb,,,,,,,
IC4679,G,1.17,0.39,125,21.04,SBc,,
IC4680,G,1.61,0.52,72,23.19,Sab,,
IC4682,G,2.21,1.51,140,23.35,SBbc,,
IC4684,RfN,3.00,2.00,,,,,
IC4685,Neb,15.00,10.00,,,,,
IC4686,G,0.78,0.59,45,23.00,,,
IC4687,G,1.15,0.73,51,23.09,SABb,,
IC4688,G,1.30,0.95,174,23.54,Sc,,
IC4689,G,0.91,0.38,141,23.22,SABa,,
IC4691,G,1.00,0.64,150,24.25,E,,
IC4692,G,1.74,0.86,4,23.51,SBc,,
IC4694,G,2.79,0.73,19,23.60,SBc,,
IC4696,G,2.36,0.75,74,23.20,Sbc,,
IC4697,G,0.87,0.23,0,22.72,Sab,,
IC4698,G,1.75,0.26,39,24.07,Sb,,
IC4699,PN,0.08,,,,,,
IC4701,Neb,60.00,40.00,,,,,
IC4702,G,1.66,1.19,155,23.69,S0-a,,
IC4703,Neb,5.05,5.05,90,,,,Eagle Nebula/Star Queen
IC4704,G,2.70,1.99,165,23.98,E-S0,,
IC4705,G,1.73,1.02,53,23.10,SBa,,
IC4706,Neb,3.47,,,,,,
IC4707,Neb,3.47,,,,,,
IC4708,G,0.50,0.45,113,23.00,,,
IC4709,G,1.17,0.59,5,23.13,Sab,,
IC4710,G,3.49,2.99,5,23.82,Sm,,
IC4712,G,1.99,1.17,61,22.83,Sbc,,
IC4713,G,0.91,0.79,95,22.67,SBm,,
IC4714,G,1.49,0.29,177,23.40,Sc,,
IC4715,*Ass,120.00,60.00,90,,,024,Small Sgr Star Cloud
IC4716,G,0.69,0.32,98,23.25,SBbc,,
IC4717,G,1.78,0.43,93,23.29,Sb,,
IC4718,G,1.67,0.80,116,23.18,Sab,,
IC4719,G,1.47,0.61,112,22.41,Sd,,
IC4720,G,2.75,0.88,159,23.32,SBc,,
IC4721,G,5.30,1.64,149,23.75,SBc,,
IC4722,G,1.64,1.14,45,23.06,Sc,,
IC4723,G,0.70,0.67,6,22.79,E,,
IC4724,G,0.83,0.40,158,23.48,,,
IC4725,OCl,14.10,,,,,025,
IC4726,G,1.13,0.82,19,23.66,S0,,
IC4727,G,1.24,1.09,114,23.29,E-S0,,
IC4728,G,2.22,0.76,172,24.01,SBab,,
IC4729,G,1.31,0.69,61,22.11,Sc,,
IC4730,G,1.44,0.68,154,23.93,S0-a,,
IC4731,G,1.55,0.76,80,23.41,S0-a,,
IC4732,PN,0.07,,,,,,
IC4734,G,1.31,0.76,103,23.14,SBb,,
IC4735,G,0.79,0.54,38,23.64,,,
IC4736,G,1.29,0.98,99,23.65,SBd,,
IC4737,G,0.93,0.77,23,23.46,SBa,,
IC4738,G,1.25,0.62,146,23.83,Sc,,
IC4739,G,0.95,0.57,95,23.37,Sbc,,
IC4740,G,1.01,0.92,13,23.90,SABc,,
IC4741,G,1.43,0.90,30,23.04,Sab,,
IC4742,G,2.11,1.67,14,23.55,E,,
IC4743,G,0.93,0.52,99,23.54,S0,,
IC4744,G,0.66,0.39,76,22.73,I,,
IC4745,G,2.08,0.91,1,23.70,Sab,,
IC4746,G,0.57,0.48,0,,,,
IC4747,G,1.10,0.37,72,,Sc,,
IC4748,G,1.01,0.88,95,23.09,S0,,
IC4749,G,1.20,1.01,57,23.41,S0,,
IC4750,G,1.16,0.52,110,24.09,S0-a,,
IC4751,G,1.08,0.57,6,22.97,S0,,
IC4752,G,0.73,0.65,129,23.42,Sab,,
IC4753,G,0.87,0.74,7,22.39,E,,
IC4754,G,1.27,1.10,31,23.46,SBb,,
IC4755,G,1.42,0.32,96,23.99,Sa,,
IC4756,OCl,24.00,,,,,,
IC4757,G,1.49,0.65,57,23.98,S0-a,,
IC4758,G,1.04,0.53,142,22.45,Sc,,
IC4759,GPair,0.80,,,,,,
IC4759,G,0.59,0.14,71,24.92,,,
IC4759,G,0.92,0.54,175,23.84,I,,
IC4760,G,0.83,0.76,7,23.47,S0,,
IC4761,G,1.54,1.07,25,23.32,SBbc,,
IC4764,G,1.42,0.41,126,23.81,Sa,,
IC4765,G,3.79,2.84,121,24.09,E,,
IC4766,G,1.23,0.44,110,24.08,S0-a,,
IC4767,G,2.00,0.44,29,24.47,S0-a,,
IC4768,OCl,,,,,,,
IC4769,G,1.81,1.10,165,23.75,SBbc,,
IC4770,G,0.78,0.60,73,23.48,SABa,,
IC4771,G,1.10,0.46,179,23.50,Sc,,
IC4772,G,0.60,0.45,10,23.03,E,,
IC4773,G,1.39,0.72,137,23.29,SABd,,
IC4774,G,1.06,0.87,75,23.17,SBbc,,
IC4775,G,1.51,0.34,17,23.36,Sb,,
IC4776,PN,0.12,,,,,,
IC4777,G,0.94,0.77,122,23.21,S0-a,,
IC4778,G,1.20,1.03,46,23.27,S0-a,,
IC4779,G,0.86,0.79,90,23.19,Sab,,
IC4780,G,0.77,0.58,102,22.87,Sbc,,
IC4781,G,0.96,0.65,1,23.93,S0-a,,
IC4782,G,0.40,0.29,101,21.34,Sc,,
IC4783,G,1.15,0.92,59,23.43,Sbc,,
IC4784,G,1.51,1.21,98,23.38,S0,,
IC4785,G,3.12,1.60,135,23.84,SBb,,
IC4786,G,0.79,0.23,176,23.13,Sbc,,
IC4787,G,1.07,0.96,170,23.40,SBm,,
IC4788,G,1.27,0.21,15,23.77,Sc,,
IC4789,G,1.63,0.65,174,23.10,Sc,,
IC4790,G,1.21,0.70,56,22.68,SBc,,
IC4791,G,1.41,1.19,164,23.50,,,
IC4792,G,1.36,0.31,155,23.64,Sab,,
IC4793,G,1.21,0.53,120,23.10,Sb,,
IC4794,G,1.48,0.79,19,23.71,E-S0,,
IC4795,G,1.13,0.27,69,23.58,Sc,,
IC4796,G,1.95,1.08,133,23.41,S0,,
IC4797,G,2.62,1.85,148,23.21,E,,
IC4798,G,2.02,1.32,111,23.44,S0,,
IC4799,G,1.55,1.02,44,23.54,SBab,,
IC4800,G,1.95,1.10,161,23.64,SBa,,
IC4801,G,1.95,1.09,89,23.75,S0-a,,
IC4803,G,0.76,0.32,35,23.82,,,
IC4804,G,1.28,1.04,173,23.87,Sc,,
IC4805,G,0.76,0.28,26,22.73,Sa,,
IC4806,G,2.40,0.54,9,22.73,Sb,,
IC4807,G,1.01,0.68,14,22.64,SBc,,
IC4808,G,2.26,0.87,43,22.68,Sc,,
IC4809,G,1.01,0.60,11,23.77,,,
IC4810,G,4.04,0.41,135,23.12,SABc,,
IC4811,G,0.62,0.49,106,23.25,Sbc,,
IC4812,Neb,10.00,6.92,,,,,
IC4813,G,1.31,0.64,34,23.80,,,
IC4814,G,1.50,0.60,95,23.30,Sb,,
IC4815,G,1.12,0.77,167,23.36,S0,,
IC4817,G,1.46,0.48,14,23.22,Sbc,,
IC4818,G,0.95,0.24,77,23.88,S0-a,,
IC4819,G,3.00,0.37,123,23.68,Sc,,
IC4820,G,1.36,0.88,97,24.20,Scd,,
IC4821,G,1.82,0.85,6,23.08,Sc,,
IC4822,G,0.71,0.42,72,,Sbc,,
IC4823,G,1.23,0.87,18,23.79,S0-a,,
IC4824,G,0.73,0.20,59,23.44,I,,
IC4825,G,0.51,0.42,58,22.76,Sbc,,
IC4826,G,1.29,0.75,45,23.43,Sab,,
IC4827,G,3.05,0.69,166,23.54,Sab,,
IC4828,G,1.13,0.51,68,23.16,Sbc,,
IC4829,G,1.05,0.46,25,22.96,Sb,,
IC4830,G,1.94,1.45,27,23.15,SBbc,,
IC4831,G,3.67,0.84,111,23.52,SBab,,
IC4832,G,2.54,0.80,145,23.94,Sa,,
IC4833,G,0.78,0.44,94,22.42,S?,,
IC4834,G,1.11,0.50,126,23.37,Sa,,
IC4835,G,0.88,0.57,165,22.85,Sc,,
IC4836,G,1.59,1.36,71,22.81,SBc,,
IC4837,G,2.25,1.23,24,23.07,SBc,,
IC4837,G,4.47,0.85,166,23.44,Sb,,
IC4838,G,1.36,0.62,63,23.08,Sbc,,
IC4839,G,2.16,1.56,132,23.47,Sbc,,
IC4840,G,1.13,0.66,130,23.27,S0-a,,
IC4841,G,0.93,0.79,153,23.32,SABc,,
IC4842,G,2.22,1.14,21,23.99,E,,
IC4843,G,1.15,0.26,91,23.12,SBbc,,
IC4844,G,1.61,0.92,168,23.36,SBb,,
IC4845,G,1.95,1.46,83,22.34,SBb,,
IC4846,PN,0.03,,,,,,
IC4847,G,0.97,0.69,142,23.59,S0,,
IC4848,G,0.69,0.50,28,22.57,Sbc,,
IC4849,G,0.99,0.28,117,22.28,SBc,,
IC4851,G,1.69,0.58,14,23.44,SBab,,
IC4852,G,1.71,0.86,171,22.99,SBc,,
IC4853,G,1.24,0.31,167,23.06,Sbc,,
IC4854,G,1.31,1.25,28,23.10,SABc,,
IC4856,G,1.17,0.57,29,22.96,IB,,
IC4857,G,1.82,1.08,32,23.32,Sc,,
IC4859,G,1.17,0.62,35,23.27,SABb,,
IC4860,G,0.96,0.73,150,23.09,SBc,,
IC4861,G,1.21,0.47,28,24.02,Sc,,
IC4862,G,1.55,0.51,180,23.36,Sbc,,
IC4864,G,1.76,0.43,177,24.31,SABa,,
IC4866,G,1.64,1.02,164,23.37,SABb,,
IC4869,G,1.79,1.17,167,23.33,Sm,,
IC4870,G,1.67,0.87,132,23.87,IB,,
IC4871,G,3.78,0.77,8,24.40,SABc,,
IC4873,G,0.93,0.74,34,23.43,Sbc,,
IC4874,G,1.39,0.79,54,23.65,SABb,,
IC4875,G,1.00,0.68,68,22.99,I,,
IC4876,G,1.33,0.99,123,23.33,SABc,,
IC4877,G,1.64,0.31,83,24.31,S0,,
IC4878,G,1.50,0.31,43,24.78,,,
IC4879,G,0.90,0.41,81,22.65,Sa,,
IC4880,G,1.99,0.49,115,24.41,S0-a,,
IC4881,G,1.10,0.87,152,23.31,SBbc,,
IC4882,G,0.98,0.84,2,23.13,SBb,,
IC4883,G,1.51,0.50,157,23.46,SBb,,
IC4884,G,1.59,0.42,166,24.34,S0,,
IC4885,G,2.00,0.47,114,23.59,Sc,,
IC4886,G,1.48,0.75,110,23.32,Sb,,
IC4887,G,0.99,0.76,91,22.81,SABa,,
IC4888,G,1.14,0.87,100,23.63,E-S0,,
IC4889,G,2.99,2.49,2,23.30,E,,
IC4890,G,1.01,0.82,55,23.35,SBb,,
IC4892,G,1.82,0.40,4,24.67,Sbc,,
IC4893,G,0.57,0.48,65,,,,
IC4894,G,0.87,0.51,131,22.72,,,
IC4896,G,0.90,0.48,18,23.41,Sb,,
IC4897,G,0.80,0.46,111,23.41,SBb,,
IC4899,G,1.02,0.62,5,22.95,Sbc,,
IC4900,G,0.91,0.23,174,23.64,Sbc,,
IC4901,G,3.68,2.54,130,23.22,SABc,,
IC4902,G,0.68,0.34,18,23.44,Sbc,,
IC4903,G,1.17,0.37,180,23.49,Sb,,
IC4904,G,1.07,0.76,52,23.46,Sab,,
IC4905,G,1.04,0.34,118,24.08,Sab,,
IC4906,G,1.61,0.91,68,23.55,E-S0,,
IC4907,G,0.54,0.43,1,23.36,Sbc,,
IC4908,G,0.66,0.59,168,22.80,Sa,,
IC4909,G,1.16,0.79,77,23.38,Sbc,,
IC4910,G,0.52,0.42,117,22.77,SBbc,,
IC4911,G,0.61,0.45,139,23.71,S0,,
IC4912,G,1.00,0.39,41,23.49,SBc,,
IC4913,G,1.57,1.07,127,23.69,E-S0,,
IC4914,G,0.46,0.37,91,22.75,Sbc,,
IC4915,G,1.37,0.88,97,24.20,E-S0,,
IC4916,G,1.05,0.94,175,23.16,Sb,,
IC4917,G,0.79,0.73,35,23.45,S0,,
IC4918,G,0.41,0.32,123,23.04,,,
IC4919,G,1.36,0.92,36,23.99,Sd,,
IC4920,G,0.64,0.34,34,23.79,Sbc,,
IC4921,G,0.80,0.42,136,23.56,S0,,
IC4923,G,1.03,0.90,97,23.30,S0,,
IC4925,G,0.90,0.18,164,23.61,Sbc,,
IC4926,G,1.29,1.00,54,23.37,E,,
IC4927,G,1.18,0.37,167,23.45,Sb,,
IC4928,G,0.90,0.27,33,24.50,,,
IC4929,G,1.34,0.43,21,22.94,Sb,,
IC4931,G,2.28,1.43,135,23.57,E,,
IC4932,G,0.83,0.59,6,23.58,Sa,,
IC4933,G,2.08,1.28,9,22.91,SBbc,,
IC4934,G,1.55,0.26,27,23.29,Sc,,
IC4935,G,1.80,0.50,176,23.54,SBa,,
IC4936,G,1.35,0.70,12,23.36,SBd,,
IC4937,G,1.72,0.41,1,23.91,Sb,,
IC4938,G,0.46,0.30,170,20.22,SBab,,
IC4939,G,0.74,0.44,148,22.76,Sc,,
IC4941,G,0.88,0.64,2,23.70,SBd,,
IC4942,G,0.65,0.35,147,23.61,SBab,,
IC4943,G,1.33,1.25,8,23.12,E,,
IC4944,G,1.33,0.65,7,23.92,S0-a,,
IC4946,G,2.50,0.90,68,23.04,S0-a,,
IC4947,G,0.76,0.61,72,23.32,E,,
IC4950,G,1.38,0.38,39,23.60,SBbc,,
IC4951,G,3.07,0.71,175,23.93,SBd,,
IC4952,G,0.93,0.21,8,22.43,S0-a,,
IC4953,G,0.57,0.38,70,22.91,Sbc,,
IC4954,HII,3.00,1.00,,,,,
IC4955,Neb,2.09,1.55,80,,,,
IC4956,G,1.73,1.67,115,23.43,E,,
IC4957,G,0.93,0.52,14,23.47,SBab,,
IC4958,G,0.46,0.30,25,,Sc,,
IC4960,G,1.26,0.39,166,23.71,S0,,
IC4961,G,1.64,0.46,91,23.72,SABd,,
IC4962,G,0.98,0.20,156,23.69,Sbc,,
IC4963,G,1.43,0.61,159,23.49,SABa,,
IC4964,G,1.59,0.58,155,23.30,Scd,,
IC4965,G,1.23,0.85,143,24.01,S0,,
IC4967,G,0.73,0.57,92,23.00,E,,
IC4968,G,0.76,0.61,37,22.96,SBc,,
IC4969,G,0.71,0.64,22,23.14,Sa,,
IC4970,G,1.66,0.44,12,24.36,E-S0,,
IC4971,G,0.91,0.28,5,23.67,Sbc,,
IC4972,G,1.01,0.26,16,23.34,Sb,,
IC4973,G,0.66,0.35,1,23.28,Sbc,,
IC4974,GPair,1.00,,,,,,
IC4974,G,0.84,0.61,68,24.85,E,,
IC4974,G,0.66,0.48,110,,,,
IC4975,G,1.11,1.01,39,23.34,S0,,
IC4976,G,0.44,0.34,61,22.50,Sa,,
IC4978,G,0.74,0.30,91,23.54,,,
IC4979,G,1.08,0.90,13,23.68,SABc,,
IC4980,G,1.61,0.63,123,23.66,S0-a,,
IC4981,G,1.07,0.35,136,21.36,I,,
IC4982,G,0.52,0.44,51,22.57,,,
IC4983,G,1.02,0.94,50,23.00,SBc,,
IC4984,G,0.88,0.39,115,23.25,Sb,,
IC4985,G,0.85,0.56,66,22.99,S?,,
IC4986,G,2.23,0.86,15,23.81,SABd,,
IC4987,G,1.01,0.65,66,23.54,SABc,,
IC4989,G,1.16,0.29,155,23.39,Sb,,
IC4990,G,0.77,0.36,19,23.61,SBc,,
IC4991,G,2.91,2.13,129,23.73,S0,,
IC4992,G,1.71,0.26,55,22.99,SBc,,
IC4993,G,0.52,0.40,28,22.78,Sm,,
IC4994,G,1.36,1.06,96,23.39,S0,,
IC4995,G,1.19,0.81,158,23.45,S0,,
IC4996,OCl,6.00,,,,,,
IC4997,PN,0.03,,,,,,
IC4998,G,1.57,1.08,103,23.39,SBc,,
IC4999,G,2.03,1.00,92,22.94,Sc,,
IC5001,G,0.97,0.39,28,23.72,S0-a,,
IC5002,G,1.35,0.72,93,23.60,S0,,
IC5003,G,2.36,0.66,162,22.89,Sbc,,
IC5005,G,1.36,0.99,62,22.76,SBc,,
IC5007,G,2.31,1.45,30,23.23,Scd,,
IC5008,G,1.19,0.33,77,23.57,SBd,,
IC5009,G,1.05,0.66,96,23.20,S0-a,,
IC5010,G,0.78,0.34,178,23.36,Sc,,
IC5011,G,3.01,1.32,18,23.76,S0,,
IC5012,G,1.06,0.52,78,23.51,SBc,,
IC5014,G,0.77,0.66,102,22.55,,,
IC5016,G,0.63,0.48,94,23.40,SBab,,
IC5017,G,0.97,0.47,175,23.56,S0,,
IC5019,G,1.54,0.32,85,24.00,SABb,,
IC5020,G,2.33,1.75,148,23.38,Sb,,
IC5021,G,0.76,0.67,21,23.08,S?,,
IC5022,G,0.78,0.53,142,23.36,SABc,,
IC5023,G,1.43,0.49,118,23.19,Sa,,
IC5024,G,0.98,0.71,17,23.61,,,
IC5025,G,1.65,0.25,110,23.87,Sbc,,
IC5026,G,2.40,0.28,75,24.27,Scd,,
IC5027,G,0.51,0.46,55,22.45,Sbc,,
IC5028,G,1.32,0.77,170,24.09,I,,
IC5031,G,0.59,0.35,40,,,,
IC5032,G,1.30,0.37,144,22.57,S0-a,,
IC5033,G,0.95,0.54,45,23.55,Sc,,
IC5034,G,1.43,0.59,25,23.49,Sbc,,
IC5035,G,0.63,0.41,122,23.26,Sc,,
IC5036,G,0.99,0.30,119,23.77,Sc,,
IC5037,G,1.32,0.21,158,23.74,Sc,,
IC5038,G,1.51,0.69,73,23.15,SBc,,
IC5040,G,0.80,0.60,9,23.11,Sd,,
IC5042,G,1.10,0.75,43,22.73,Sc,,
IC5043,G,0.78,0.24,20,23.62,Sc,,
IC5044,G,0.64,0.44,99,23.31,,,
IC5045,G,0.81,0.36,71,22.98,Sb,,
IC5048,G,0.58,0.52,70,23.31,SBbc,,
IC5049,GPair,1.20,,,,,,
IC5049,G,1.10,0.84,149,24.21,E,,
IC5049,G,1.78,1.18,138,24.52,E,,
IC5050,G,1.33,0.80,83,23.66,Sb,,
IC5051,G,0.68,0.44,59,23.09,Sc,,
IC5052,G,7.16,1.33,140,23.25,SBcd,,
IC5053,G,2.09,0.68,57,23.87,Sa,,
IC5054,G,2.23,0.43,6,23.83,SBa,,
IC5055,G,0.83,0.44,28,23.46,,,
IC5059,G,0.90,0.62,13,23.41,Sab,,
IC5060,G,0.87,0.18,79,22.74,Sc,,
IC5063,G,2.69,1.91,120,23.82,S0-a,,
IC5064,G,1.27,0.73,54,23.31,SBa,,
IC5065,G,1.50,0.92,149,24.13,S0,,
IC5066,G,0.68,0.32,30,22.71,Sab,,
IC5068,HII,40.00,30.00,,,,,
IC5069,G,1.15,0.95,36,23.07,SBb,,
IC5070,HII,60.00,50.00,,,,,Pelican Nebula
IC5071,G,3.17,0.56,17,23.19,Sc,,
IC5072,G,0.81,0.37,107,23.84,,,
IC5073,G,1.18,0.91,50,23.76,SBc,,
IC5074,G,0.65,0.46,168,22.72,Sc,,
IC5075,G,1.09,0.45,148,22.96,Sab,,
IC5076,RfN,7.00,7.00,,,,,
IC5077,G,0.67,0.52,94,23.39,Sbc,,
IC5078,G,3.24,0.56,86,23.44,Sc,,
IC5080,G,0.49,0.39,45,,E,,
IC5083,G,0.80,0.60,30,,S0,,
IC5084,G,1.67,1.07,137,23.11,SBb,,
IC5085,G,0.72,0.52,31,23.08,Sab,,
IC5086,G,1.75,1.57,41,23.75,E-S0,,
IC5087,G,1.46,0.38,95,23.73,SBb,,
IC5088,G,1.37,1.06,96,23.84,S0-a,,
IC5089,G,0.60,0.27,28,23.23,Sab,,
IC5090,G,0.83,0.27,17,23.02,Sa,,
IC5091,G,0.56,0.49,158,23.23,Sc,,
IC5092,G,2.75,2.43,33,23.82,SBc,,
IC5093,G,0.79,0.34,125,23.46,Sc,,
IC5094,G,1.17,0.50,154,22.93,SBc,,
IC5095,G,0.92,0.39,72,23.18,Sc,,
IC5096,G,3.52,0.66,149,23.71,Sbc,,
IC5099,G,0.72,0.28,6,22.70,Sc,,
IC5100,G,1.15,0.20,114,22.50,SBc,,
IC5101,G,1.10,0.89,2,22.72,SBc,,
IC5102,G,1.07,0.54,113,23.75,S0,,
IC5103,G,1.07,0.80,57,23.67,SBc,,
IC5104,G,1.48,0.43,172,23.30,Sab,,
IC5105,G,2.98,1.64,44,23.78,E,,
IC5106,G,1.51,1.17,145,23.44,E-S0,,
IC5107,G,1.02,0.38,4,23.16,Sc,,
IC5108,G,1.08,0.39,104,23.17,SBc,,
IC5109,G,0.92,0.69,168,23.39,E,,
IC5110,G,1.37,1.00,52,23.22,Sc,,
IC5111,G,0.78,0.66,2,23.17,Sbc,,
IC5115,G,0.71,0.42,109,23.48,Sbc,,
IC5116,G,1.48,1.26,34,23.34,SBbc,,
IC5117,PN,0.02,,,,,,
IC5118,G,1.22,0.31,45,23.49,Sc,,
IC5119,G,0.82,0.23,153,23.02,Sa,,
IC5122,G,0.65,0.38,55,24.08,S0-a,,
IC5123,G,1.48,0.57,17,23.34,SABb,,
IC5124,G,0.51,0.23,134,23.83,S0-a,,
IC5125,G,0.78,0.71,105,22.20,Sbc,,
IC5126,G,0.37,0.32,10,,,,
IC5128,G,0.96,0.64,128,22.93,S0-a,,
IC5129,G,0.55,0.45,16,22.70,Sc,,
IC5130,G,1.63,0.55,108,23.45,Sbc,,
IC5131,G,1.62,1.53,36,23.07,E-S0,,
IC5132,Neb,,,,,,,
IC5133,Neb,,,,,,,
IC5134,Neb,7.59,,,,,,
IC5138,G,1.23,0.75,125,22.88,SBb,,
IC5139,G,2.19,1.04,32,23.82,E-S0,,
IC5140,G,2.19,0.33,137,24.02,SBcd,,
IC5141,G,1.50,1.18,25,22.91,Sbc,,
IC5142,G,1.67,0.97,73,23.81,Sc,,
IC5144,G,0.79,0.62,92,23.83,E,,
IC5145,G,1.62,0.80,171,23.85,Sab,,
IC5146,Cl+N,10.00,10.00,,,,,Cocoon Nebula
IC5147,G,1.59,0.72,29,24.12,Sc,,
IC5148,PN,2.30,,,,,,
IC5149,G,1.38,0.52,31,23.38,Sa,,
IC5151,G,0.35,0.20,0,,,,
IC5152,G,5.13,3.60,103,22.38,IAB,,
IC5153,G,0.18,0.10,65,,,,
IC5154,G,0.86,0.55,4,23.87,Sm,,
IC5156,G,2.28,0.82,175,22.85,SBab,,
IC5157,G,2.01,1.80,56,23.76,E,,
IC5158,G,1.01,0.55,64,23.39,SBm,,
IC5160,G,0.94,0.54,21,24.05,S0,,
IC5161,G,0.71,0.30,16,23.32,Sa,,
IC5162,G,1.08,0.63,134,23.50,Sc,,
IC5165,G,1.52,0.51,43,23.75,Sab,,
IC5168,G,1.30,0.36,141,23.77,SBc,,
IC5169,G,2.05,0.91,24,23.98,S0-a,,
IC5170,G,1.91,0.83,26,23.10,SBa,,
IC5171,G,0.74,0.49,153,21.32,SABb,,
IC5172,G,0.71,0.24,87,23.10,Sbc,,
IC5173,GPair,2.80,,,,,,
IC5173,G,1.82,0.32,75,24.71,SBc,,
IC5173,G,0.69,0.25,74,24.03,,,
IC5174,G,0.75,0.65,149,22.96,SBbc,,
IC5175,G,1.59,0.54,87,23.78,Sab,,
IC5176,G,4.51,0.63,28,23.97,Sbc,,
IC5177,G,0.85,0.38,9,23.04,SBb,,
IC5178,G,1.04,0.63,91,23.11,SBc,,
IC5179,G,1.01,0.52,61,20.86,Sbc,,
IC5180,G,1.38,1.20,146,24.18,E,,
IC5181,G,2.65,0.86,73,23.24,S0,,
IC5182,G,0.78,0.55,136,23.22,Sd,,
IC5185,G,0.58,0.46,70,22.25,Sc,,
IC5186,G,2.11,1.44,92,22.61,Sb,,
IC5187,G,0.60,0.56,16,22.27,Sc,,
IC5188,G,1.29,1.05,9,22.89,SABc,,
IC5190,G,0.90,0.67,127,23.08,SBbc,,
IC5191,G,1.08,0.17,65,23.56,S0-a,,
IC5192,G,0.53,0.28,162,23.77,,,
IC5193,G,0.75,0.68,178,23.63,E,,
IC5196,G,1.49,0.35,100,23.83,Sc,,
IC5197,G,1.05,0.56,34,23.35,SBb,,
IC5199,G,1.90,0.32,153,23.72,Sb,,
IC5200,G,0.74,0.36,124,23.35,Sc,,
IC5201,G,6.70,2.86,22,23.53,Sc,,
IC5202,G,1.62,0.58,128,23.57,SBc,,
IC5203,G,1.11,0.68,12,23.30,Sc,,
IC5205,G,0.63,0.39,20,23.30,Sc,,
IC5206,G,0.99,0.56,29,23.46,SBbc,,
IC5207,G,1.23,0.66,178,23.79,SABc,,
IC5208,G,1.86,0.33,62,24.74,S0-a,,
IC5209,G,0.72,0.46,127,23.24,Sc,,
IC5210,G,1.13,0.95,80,23.09,E-S0,,
IC5211,G,0.80,0.58,158,22.79,Sa,,
IC5212,G,0.99,0.56,40,23.00,Sb,,
IC5213,G,0.66,0.41,131,23.34,Sc,,
IC5215,G,0.65,0.53,180,23.27,Sc,,
IC5217,PN,0.11,,,,,,
IC5218,G,1.34,0.48,22,23.71,SBbc,,
IC5219,G,0.89,0.55,16,23.94,Scd,,
IC5220,G,1.19,0.37,112,23.17,Sc,,
IC5221,G,0.47,0.43,59,22.96,Sc,,
IC5222,G,1.96,0.89,92,23.06,SBbc,,
IC5223,G,0.66,0.29,4,23.30,Sa,,
IC5224,G,1.65,0.39,165,23.34,Sab,,
IC5226,G,1.98,1.49,35,23.44,Sb,,
IC5227,G,1.19,0.86,176,22.89,SBab,,
IC5229,G,0.63,0.53,70,22.81,Sbc,,
IC5230,G,1.05,0.41,43,23.34,Sc,,
IC5231,G,0.72,0.63,65,23.09,S0-a,,
IC5232,G,0.71,0.47,3,23.05,Sc,,
IC5233,G,0.91,0.84,16,23.34,Sbc,,
IC5234,G,1.20,0.54,147,24.26,S0-a,,
IC5235,G,0.63,0.34,84,20.03,S0-a,,
IC5236,G,0.84,0.56,64,23.77,S0,,
IC5238,G,0.71,0.44,63,23.39,Sc,,
IC5239,G,1.32,0.62,53,24.70,E,,
IC5240,G,3.20,2.22,96,23.79,SBa,,
IC5241,G,0.91,0.74,174,23.23,SBc,,
IC5242,G,0.82,0.70,174,23.10,Sab,,
IC5243,G,0.74,0.63,16,22.75,Sbc,,
IC5244,G,2.86,0.47,174,23.59,Sb,,
IC5245,G,0.85,0.71,114,23.44,S0-a,,
IC5246,G,1.02,0.67,154,23.18,Sc,,
IC5247,G,1.37,0.40,124,23.60,Sb,,
IC5249,G,4.38,0.36,12,24.12,SBcd,,
IC5250,GPair,3.50,,,,,,
IC5250,G,1.51,1.31,73,22.35,E-S0,,
IC5250,G,1.74,0.95,120,22.58,S0,,
IC5252,G,1.34,0.77,173,22.69,SBbc,,
IC5253,G,0.89,0.36,164,24.11,S0-a,,
IC5254,G,0.68,0.32,80,22.98,Sc,,
IC5256,G,1.20,0.51,17,23.00,SBd,,
IC5257,G,0.70,0.47,18,22.90,Sbc,,
IC5258,G,1.00,0.64,102,22.97,E-S0,,
IC5259,G,1.08,0.77,79,23.30,Sc,,
IC5261,G,1.44,1.28,21,23.25,SBc,,
IC5262,G,1.35,0.68,179,23.32,S0-a,,
IC5263,G,1.59,0.73,147,23.92,S0-a,,
IC5264,G,2.43,0.53,80,23.05,Sab,,
IC5266,G,1.89,0.52,33,23.85,Sb,,
IC5267,G,5.58,4.06,138,23.84,S0-a,,
IC5269,G,1.84,0.75,51,23.23,S0,,
IC5270,G,3.29,1.81,105,23.73,SBc,,
IC5271,G,3.00,1.16,140,22.79,Sb,,
IC5272,G,1.07,0.82,33,23.42,Sm,,
IC5273,G,3.07,1.98,46,23.36,SBc,,
IC5274,G,0.90,0.77,109,23.71,S0,,
IC5276,G,0.83,0.35,45,23.52,S0-a,,
IC5277,G,0.59,0.54,41,22.82,Sc,,
IC5278,G,1.17,0.40,88,23.55,Sd,,
IC5279,G,0.77,0.67,32,22.53,Sa,,
IC5280,G,1.32,0.50,4,23.82,Sab,,
IC5282,G,1.07,0.51,174,23.72,Sc,,
IC5283,G,1.15,0.60,105,23.24,Sc,,
IC5284,G,1.07,0.38,140,23.42,Sa,,
IC5285,G,1.32,0.74,88,23.23,S0-a,,
IC5286,G,0.97,0.21,114,23.59,Sc,,
IC5287,G,0.91,0.40,40,23.18,SBb,,
IC5288,G,0.92,0.79,84,23.31,S0,,
IC5289,GPair,0.70,,,,,,
IC5289,G,0.44,0.17,0,,Sb,,
IC5289,G,1.15,0.74,36,23.43,S0,,
IC5290,G,1.15,0.72,67,22.42,Sa,,
IC5291,G,0.34,0.34,165,22.05,,,
IC5292,G,0.68,0.64,90,23.05,Sc,,
IC5293,G,0.71,0.49,167,23.73,,,
IC5295,G,0.64,0.55,46,23.61,Sc,,
IC5296,G,0.79,0.49,37,23.45,Sb,,
IC5297,G,0.58,0.55,151,23.36,,,
IC5298,G,0.79,0.70,161,23.22,SBc,,
IC5299,G,0.43,0.25,20,,,,
IC5300,G,0.81,0.50,130,23.92,S0,,
IC5301,G,1.10,0.58,87,23.73,Sc,,
IC5302,G,1.19,0.42,24,24.08,S0,,
IC5304,G,1.52,0.94,18,23.98,E-S0,,
IC5305,G,0.40,0.25,120,,Sa,,
IC5306,G,0.66,0.29,83,21.41,Sab,,
IC5307,G,0.30,0.26,40,23.24,,,
IC5309,G,1.29,0.61,25,23.13,Sb,,
IC5310,G,0.50,0.41,7,22.63,S0,,
IC5312,G,0.35,0.35,105,21.39,Sb,,
IC5314,G,0.68,0.68,5,23.59,E,,
IC5315,G,0.92,0.77,136,23.37,E,,
IC5316,G,0.58,0.44,118,23.81,,,
IC5317,G,0.81,0.62,5,23.33,S0,,
IC5319,G,0.73,0.64,1,23.84,E-S0,,
IC5320,G,0.60,0.55,113,22.85,S0,,
IC5321,G,1.31,0.75,46,23.00,SBab,,
IC5322,G,0.77,0.48,77,23.24,S0,,
IC5323,G,1.64,1.04,32,23.72,S0-a,,
IC5324,G,1.26,1.12,34,23.22,E,,
IC5325,G,2.88,2.62,8,22.83,Sbc,,
IC5326,G,1.02,0.49,116,23.24,Sb,,
IC5328,G,2.99,1.75,41,23.48,E,,
IC5329,G,1.37,0.34,109,23.79,Sc,,
IC5331,G,1.24,0.43,17,23.55,Sab,,
IC5332,G,6.07,5.77,0,23.92,SABc,,
IC5334,G,1.91,0.57,125,23.40,Sbc,,
IC5335,G,1.11,0.48,137,24.00,S0,,
IC5336,GPair,0.90,,,,,,
IC5336,G,0.49,0.29,38,24.27,,,
IC5336,G,0.59,0.44,112,24.32,,,
IC5337,G,0.96,0.31,2,23.27,Sbc,,
IC5338,G,1.26,0.91,26,24.35,E,,
IC5339,G,1.07,0.95,106,23.52,E-S0,,
IC5341,G,0.24,0.24,25,21.52,E,,
IC5342,G,0.79,0.63,26,23.77,E,,
IC5343,G,0.86,0.68,15,22.40,Sm,,
IC5345,G,0.74,0.51,155,22.74,Sa,,
IC5346,G,0.60,0.34,98,23.76,,,
IC5347,G,0.72,0.56,112,23.89,,,
IC5349,GPair,1.10,,,,,,
IC5349,G,1.00,0.30,21,23.96,S0,,
IC5349,G,1.03,1.03,0,,E,,
IC5350,G,1.03,0.84,55,23.44,E-S0,,
IC5351,G,1.70,0.81,40,24.61,E,,
IC5352,G,0.45,0.31,66,23.64,S0,,
IC5353,G,1.79,1.00,128,23.95,E-S0,,
IC5354,G,0.92,0.58,65,23.64,E,,
IC5355,G,1.01,0.76,11,23.00,SBc,,
IC5356,G,0.97,0.52,42,23.42,Sa,,
IC5357,G,1.58,0.86,154,23.74,E-S0,,
IC5358,G,1.48,1.03,114,23.36,E,,
IC5359,G,1.23,0.27,139,23.69,Sc,,
IC5362,G,1.56,1.43,40,23.54,S0,,
IC5364,GPair,1.50,,,,,,
IC5364,G,1.07,1.07,95,23.16,S0-a,,
IC5364,G,1.00,0.92,90,23.27,E,,
IC5367,G,0.56,0.42,52,23.63,Sab,,
IC5369,G,0.91,0.45,86,23.64,S0-a,,
IC5370,G,0.78,0.71,115,23.09,S0-a,,
IC5371,G,0.52,0.45,147,23.20,,,
IC5372,G,0.40,0.35,10,,,,
IC5373,G,0.67,0.51,154,22.91,Sb,,
IC5374,G,0.67,0.57,16,23.28,Sc,,
IC5375,G,0.90,0.51,1,23.46,Sab,,
IC5376,G,1.64,0.44,4,23.82,Sab,,
IC5377,G,0.91,0.54,0,23.62,IAB,,
IC5378,GPair,1.50,,,,,,
IC5378,G,0.55,0.55,50,22.53,Sbc,,
IC5378,G,0.60,0.53,5,24.36,Sc,,
IC5379,G,0.55,0.26,65,23.00,Sc,,
IC5380,G,0.84,0.37,132,23.33,Sab,,
IC5381,G,1.23,0.37,52,23.42,SABa,,
IC5382,G,0.85,0.79,29,23.56,Sbc,,
NGC1,G,1.57,1.07,112,23.13,Sb,,
NGC2,G,0.95,0.47,110,23.15,Sab,,
NGC3,G,1.02,0.59,112,23.01,S0,,
NGC4,G,0.53,0.24,32,23.59,S?,,
NGC5,G,0.98,0.59,111,23.51,E,,
NGC6,G,1.73,1.34,141,24.14,E-S0,,
NGC7,G,2.47,0.53,23,23.83,Sc,,
NGC9,G,0.70,0.31,149,22.64,Sb,,
NGC10,G,2.35,1.27,30,23.38,Sbc,,
NGC11,G,1.44,0.22,111,23.27,Sa,,
NGC12,G,1.52,1.21,127,23.30,Sc,,
NGC13,G,2.28,0.60,54,23.79,Sb,,
NGC14,G,1.53,1.01,23,22.31,IB,,
NGC15,G,1.07,0.56,30,23.60,Sa,,
NGC16,G,1.74,0.85,17,22.91,E-S0,,
NGC17,G,1.15,0.39,32,23.28,S0-a,,
NGC19,G,1.21,0.60,41,22.61,SBbc,,
NGC21,G,1.38,0.63,150,22.25,Sbc,,
NGC22,G,1.21,0.74,155,23.55,Sb,,
NGC23,G,1.55,1.22,175,22.41,Sa,,
NGC24,G,6.18,2.40,44,24.01,Sc,,
NGC25,G,1.43,1.10,84,23.49,E-S0,,
NGC26,G,1.12,0.76,102,22.80,Sab,,
NGC27,G,1.22,0.46,118,22.98,Sbc,,
NGC28,G,0.92,0.81,45,23.92,E,,
NGC31,G,1.17,0.53,2,22.97,Sc,,
NGC35,G,0.76,0.62,138,22.87,Sb,,
NGC36,G,2.14,1.32,15,24.43,SABb,,
NGC37,G,1.11,0.68,30,23.86,S0,,
NGC38,G,1.14,1.05,170,23.18,Sa,,
NGC39,G,1.10,0.99,87,23.20,Sc,,
NGC40,PN,0.80,,,,,,Bow-Tie nebula
NGC41,G,0.94,0.53,125,22.67,Sc,,
NGC42,G,0.86,0.50,114,23.40,E-S0,,
NGC43,G,1.39,1.21,100,23.33,S0,,
NGC45,G,6.18,4.44,159,23.80,SABd,,
NGC47,G,1.35,1.09,85,23.20,SBbc,,
NGC48,G,1.34,0.61,15,23.59,SABb,,
NGC49,G,0.93,0.59,161,23.72,S0,,
NGC50,G,2.04,1.17,154,23.16,E-S0,,
NGC51,G,1.40,0.80,32,23.86,S0,,
NGC52,G,2.26,0.61,126,23.83,Sbc,,
NGC53,G,1.54,0.95,178,22.69,SBb,,
NGC54,G,1.35,0.49,93,23.21,SBa,,
NGC55,G,29.85,3.05,101,22.52,SBm,,
NGC57,G,2.11,1.60,47,23.19,E,,
NGC59,G,2.38,1.24,121,23.72,E-S0,,
NGC60,G,1.03,0.66,29,23.66,Sc,,
NGC61,GPair,1.50,,,,,,
NGC61,G,1.48,1.14,179,23.57,S0,,
NGC61,G,1.34,1.04,,23.41,S0,,
NGC62,G,0.99,0.73,125,22.87,SBa,,
NGC63,G,1.72,1.04,108,22.59,E-S0,,
NGC64,G,1.38,0.90,35,23.10,SBbc,,
NGC65,G,1.02,0.83,168,23.46,E-S0,,
NGC66,G,1.24,0.50,35,22.68,SBb,,
NGC67,G,0.49,0.33,111,23.66,,,
NGC68,G,1.29,1.20,45,23.72,E-S0,,
NGC69,G,0.60,0.43,5,23.39,E-S0,,
NGC70,G,1.69,1.39,3,24.07,Sbc,,
NGC71,G,1.95,1.46,109,24.40,E-S0,,
NGC72,G,1.16,1.06,85,23.61,Sab,,
NGC72,G,0.38,0.29,155,22.43,E,,
NGC73,G,1.68,1.01,145,23.83,SABb,,
NGC74,G,0.83,0.35,131,23.32,Sbc,,
NGC75,G,1.82,1.82,70,24.69,S0,,
NGC76,G,1.28,1.00,78,23.54,E,,
NGC77,G,0.48,0.44,150,23.07,E-S0,,
NGC78,GPair,1.90,,,,,,
NGC78,G,1.17,0.65,75,23.54,S0-a,,
NGC78,G,1.00,0.82,137,23.14,S0-a,,
NGC79,G,0.79,0.72,140,23.50,E,,
NGC80,G,1.82,1.61,5,23.38,E-S0,,
NGC81,G,0.41,0.30,88,23.25,,,
NGC83,G,1.25,1.10,112,23.00,E,,
NGC85,G,0.69,0.62,156,23.60,S0,,
NGC85,G,1.06,0.34,122,23.50,Sbc,,
NGC86,G,0.75,0.28,8,22.99,S0-a,,
NGC87,G,0.86,0.71,6,22.85,IB,,
NGC88,G,0.85,0.49,146,23.22,S0-a,,
NGC89,G,1.24,0.56,140,23.18,S0-a,,
NGC90,G,0.98,0.81,120,23.14,SABc,,
NGC92,G,1.65,0.76,150,23.41,Sa,,
NGC93,G,1.30,0.73,50,23.26,Sab,,
NGC94,G,0.51,0.31,20,,,,
NGC95,G,1.46,1.08,85,22.59,SABc,,
NGC96,G,0.68,0.64,130,23.41,E-S0,,
NGC97,G,1.32,1.16,25,23.02,E,,
NGC98,G,1.62,1.37,65,23.08,SBbc,,
NGC99,G,1.05,0.88,46,22.81,Sc,,
NGC100,G,3.55,0.49,56,23.74,Sc,,
NGC101,G,1.93,1.82,80,23.48,SABc,,
NGC102,G,0.94,0.57,126,22.93,S0-a,,
NGC103,OCl,2.70,,,,,,
NGC104,GCl,31.80,,,,,,47 Tuc Cluster
NGC105,G,0.81,0.65,170,22.07,Sab,,
NGC106,G,0.93,0.71,84,22.82,Sc,,
NGC107,G,0.78,0.49,179,22.88,Sbc,,
NGC108,G,1.69,1.14,63,23.18,S0-a,,
NGC109,G,1.05,0.82,83,23.45,Sa,,
NGC110,OCl,3.90,,,,,,
NGC112,G,1.02,0.49,107,22.88,Sb,,
NGC113,G,1.23,1.00,172,23.21,E-S0,,
NGC114,G,0.98,0.75,171,23.37,S0,,
NGC115,G,2.09,0.73,122,23.22,SBbc,,
NGC116,G,1.08,0.53,98,23.51,S0-a,,
NGC117,G,1.00,0.46,101,24.03,S0-a,,
NGC118,G,0.80,0.58,58,23.00,E,,
NGC119,G,1.20,1.12,30,23.27,E-S0,,
NGC120,G,1.51,0.50,73,24.09,S0,,
NGC121,GCl,3.80,3.10,80,,,,
NGC124,G,1.26,0.72,168,22.59,Sc,,
NGC125,G,1.40,1.22,60,22.77,S0-a,,
NGC126,G,0.71,0.58,111,23.45,S0,,
NGC127,G,0.93,0.42,75,23.86,S0,,
NGC128,G,3.16,0.87,1,23.79,S0,,
NGC129,OCl,5.40,,,,,,
NGC130,G,0.72,0.42,44,22.81,E-S0,,
NGC131,G,1.81,0.67,62,23.12,SBb,,
NGC132,G,1.60,1.09,38,23.21,SABb,,
NGC133,OCl,2.10,,,,,,
NGC134,G,8.38,1.79,50,23.40,SABb,,
NGC135,G,0.66,0.35,14,23.16,E-S0,,
NGC136,OCl,3.30,,,,,,
NGC137,G,1.38,1.38,30,23.22,S0,,
NGC138,G,1.25,0.64,175,23.64,Sa,,
NGC139,G,0.77,0.44,0,23.27,SBab,,
NGC140,G,0.87,0.75,43,22.69,SBc,,
NGC141,G,0.86,0.55,165,23.64,S0-a,,
NGC142,G,0.97,0.39,104,22.72,SBb,,
NGC143,G,1.06,0.32,21,23.36,SBb,,
NGC144,G,0.82,0.78,10,22.62,Sc,,
NGC145,G,1.76,1.43,116,22.97,Sd,,
NGC146,OCl,3.60,,,,,,
NGC147,G,9.40,5.41,26,24.29,E,,
NGC148,G,1.98,0.71,90,23.27,S0,,
NGC149,G,0.91,0.49,153,23.55,S0,,
NGC150,G,3.54,1.60,117,22.87,SBb,,
NGC151,G,3.74,2.31,76,23.51,Sbc,,
NGC152,OCl,3.00,3.00,,,,,
NGC154,G,1.01,0.90,79,23.92,E,,
NGC155,G,1.49,1.29,170,23.67,S0,,
NGC157,G,3.70,1.90,28,22.13,SABb,,
NGC159,G,1.40,0.57,96,24.10,S0-a,,
NGC160,G,1.98,0.89,46,23.72,S0-a,,
NGC161,G,1.36,0.72,22,23.75,S0,,
NGC163,G,1.43,1.32,75,23.33,E,,
NGC164,G,0.53,0.49,70,23.32,,,
NGC165,G,1.63,1.06,72,23.45,Sbc,,
NGC166,G,0.89,0.33,149,23.16,Sa,,
NGC167,G,0.97,0.54,171,22.57,SBc,,
NGC168,G,1.31,0.29,27,24.08,S0-a,,
NGC169,G,1.53,0.66,93,22.74,Sab,,
NGC169,G,0.83,0.44,159,22.98,S0-a,,
NGC170,G,0.70,0.51,82,23.39,E-S0,,
NGC171,G,2.06,1.29,102,22.98,Sab,,
NGC172,G,2.04,0.40,14,23.16,SBbc,,
NGC173,G,2.09,1.54,94,23.54,Sc,,
NGC174,G,1.57,0.69,150,23.22,S0-a,,
NGC176,OCl,1.20,1.20,,,,,
NGC177,G,2.11,0.50,10,23.74,Sab,,
NGC178,G,2.11,0.58,4,22.28,SBm,,
NGC179,G,1.12,0.96,111,23.26,E,,
NGC180,G,2.20,1.48,163,24.11,Sc,,
NGC181,G,0.86,0.25,152,23.80,S0-a,,
NGC182,G,1.86,1.30,78,23.33,SABa,,
NGC183,G,1.02,0.75,129,22.66,E,,
NGC184,G,0.73,0.27,8,23.11,Sab,,
NGC185,G,12.94,10.76,38,24.58,E,,
NGC186,G,1.39,0.83,25,24.03,S0-a,,
NGC187,G,1.53,0.49,149,22.82,SBc,,
NGC188,OCl,17.70,,,,,,
NGC189,OCl,2.70,,,,,,
NGC190,GPair,1.10,,,,,,
NGC190,G,0.93,0.76,175,23.39,Sab,,
NGC190,G,0.72,0.71,,23.87,E,,
NGC191,G,1.00,0.71,100,22.64,Sc,,
NGC191,G,0.87,0.30,147,23.10,S0,,
NGC192,G,2.06,0.82,165,23.33,Sa,,
NGC193,G,2.07,1.45,55,23.66,E-S0,,
NGC194,G,1.73,1.50,42,23.18,E,,
NGC195,G,1.22,0.74,68,23.16,Sa,,
NGC196,G,1.27,0.92,10,23.68,S0,,
NGC197,G,0.94,0.72,35,22.77,S0-a,,
NGC198,G,1.28,1.17,35,22.31,Sc,,
NGC199,G,1.14,0.69,160,23.64,S0,,
NGC200,G,1.80,1.02,163,23.07,Sbc,,
NGC201,G,1.71,1.32,146,23.34,Sc,,
NGC202,G,0.96,0.33,153,23.99,S0-a,,
NGC203,G,0.98,0.27,85,23.52,S0,,
NGC204,G,1.40,1.09,22,23.34,S0,,
NGC205,G,16.22,9.59,170,23.78,E,110,
NGC206,*Ass,,,,,,,
NGC207,G,0.91,0.49,84,22.97,Sa,,
NGC208,G,0.77,0.65,137,23.46,Sa,,
NGC209,G,1.14,0.99,6,23.20,E-S0,,
NGC210,G,4.98,3.02,163,23.58,SABb,,
NGC212,G,1.91,1.42,122,24.47,E-S0,,
NGC213,G,1.44,1.11,100,23.99,Sa,,
NGC214,G,1.87,1.30,42,22.74,SABc,,
NGC215,G,1.15,0.92,118,23.11,E-S0,,
NGC216,G,1.35,0.63,27,23.05,S0,,
NGC217,G,3.20,0.69,113,24.04,SBa,,
NGC218,G,1.32,0.71,46,22.62,Sc,,
NGC219,G,0.59,0.46,177,23.11,E,,
NGC220,OCl,1.20,1.20,,,,,
NGC221,G,7.74,4.86,170,22.17,E,032,
NGC222,OCl,1.20,1.20,,,,,
NGC223,G,1.18,0.78,63,23.45,S0-a,,
NGC224,G,177.83,69.66,35,23.63,Sb,031,Andromeda Galaxy
NGC225,OCl,4.20,,,,,,
NGC226,G,0.79,0.78,130,22.73,E-S0,,
NGC227,G,1.91,1.44,156,23.38,E,,
NGC228,G,0.89,0.81,145,23.28,Sab,,
NGC229,G,1.08,0.48,98,23.67,S0,,
NGC230,G,1.30,0.28,44,24.15,Sa,,
NGC231,OCl,1.80,1.80,,,,,
NGC232,G,0.98,0.70,17,22.96,SBa,,
NGC233,G,1.25,1.11,120,23.25,E,,
NGC234,G,1.57,1.22,75,23.04,SABc,,
NGC235,GPair,2.00,,,,,,
NGC235,G,1.38,0.62,120,23.48,S0,,
NGC235,G,1.29,1.29,,23.30,E,,
NGC236,G,1.15,1.03,55,23.35,SABc,,
NGC237,G,1.30,0.80,174,22.66,SABc,,
NGC238,G,2.02,1.60,100,23.24,SBb,,
NGC239,G,0.94,0.37,10,22.31,Sab,,
NGC240,G,1.35,1.28,105,24.10,S0-a,,
NGC241,OCl,0.95,0.95,,,,,
NGC242,OCl,0.75,0.75,,,,,
NGC243,G,0.92,0.51,151,23.26,S0,,
NGC244,G,1.04,1.04,25,22.63,S0,,
NGC245,G,1.20,1.12,135,22.00,Sb,,
NGC246,PN,4.08,,,,,,
NGC247,G,19.68,5.55,167,23.79,SABc,,
NGC247,G,0.52,0.25,75,24.56,,,
NGC247,G,1.05,0.42,24,22.61,SBb,,
NGC247,GPair,0.55,0.20,39,24.25,Sb,,
NGC247,G,0.61,0.25,64,22.85,SBbc,,
NGC248,Cl+N,1.40,1.10,110,,,,
NGC249,HII,1.10,0.70,0,,,,
NGC250,G,1.28,0.68,156,24.01,S0-a,,
NGC251,G,1.73,1.02,99,23.88,Sc,,
NGC252,G,1.62,1.16,82,23.11,S0-a,,
NGC253,G,26.79,4.58,53,22.42,SABc,,Sculptor Filament/Silver Coin
NGC254,G,2.77,1.80,133,23.50,S0-a,,
NGC255,G,2.04,1.85,7,22.61,Sbc,,
NGC256,OCl,0.90,0.90,,,,,
NGC257,G,1.83,1.32,99,23.08,Sc,,
NGC258,G,0.51,0.42,115,22.36,Sbc,,
NGC259,G,2.86,1.09,140,23.98,Sbc,,
NGC260,G,0.76,0.68,34,22.58,Sc,,
NGC261,Neb,1.30,1.10,110,,,,
NGC262,G,1.17,0.62,40,23.26,S0-a,,
NGC263,G,0.80,0.40,48,22.82,Sbc,,
NGC264,G,1.26,0.47,111,23.68,S0,,
NGC265,OCl,1.20,1.20,,,,,
NGC266,G,2.92,2.83,95,23.68,Sab,,
NGC267,OCl,2.00,1.70,170,,,,
NGC268,G,1.42,0.93,93,22.70,Sbc,,
NGC269,OCl,1.20,1.20,,,,,
NGC270,G,1.77,1.24,29,23.75,S0-a,,
NGC271,G,2.38,1.28,131,23.40,Sab,,
NGC272,OCl,,,,,,,
NGC273,G,1.96,0.54,105,23.98,S0,,
NGC274,G,1.27,1.08,158,22.67,E-S0,,
NGC275,G,1.75,1.39,79,22.57,SBc,,
NGC276,G,1.10,0.36,88,23.94,SABb,,
NGC277,G,1.34,1.11,91,23.75,E-S0,,
NGC278,G,2.36,2.30,30,22.08,SABb,,
NGC279,G,1.41,1.06,167,23.43,S0-a,,
NGC280,G,1.00,0.66,89,23.05,SABb,,
NGC281,HII,35.00,30.00,,,,,
NGC282,G,1.25,0.97,50,23.86,E,,
NGC283,G,1.14,0.62,0,23.69,Sc,,
NGC284,G,0.62,0.55,142,23.60,E,,
NGC285,G,0.76,0.65,36,23.85,E-S0,,
NGC286,G,0.88,0.42,179,23.73,S0,,
NGC287,G,0.83,0.64,16,23.13,S0-a,,
NGC288,GCl,9.60,,,,,,
NGC289,G,3.36,2.51,129,22.84,SBbc,,
NGC290,OCl,1.10,1.10,,,,,
NGC291,G,0.98,0.53,55,23.20,SBa,,
NGC292,G,299.92,179.89,45,23.42,SBm,,Small Magellanic Cloud
NGC293,G,1.12,0.63,15,23.57,Sb,,
NGC294,OCl,1.70,1.70,,,,,
NGC295,G,0.59,0.54,65,22.57,,,
NGC296,G,2.23,0.88,164,22.92,Sb,,
NGC297,G,0.35,0.29,101,23.50,E,,
NGC298,G,1.47,0.49,92,24.46,Sc,,
NGC299,OCl,0.90,0.90,,,,,
NGC300,G,19.41,13.06,114,23.59,Scd,,
NGC301,G,0.64,0.59,80,23.33,Sa,,
NGC303,G,0.73,0.26,160,23.32,S0-a,,
NGC304,G,1.17,0.76,175,23.12,S0,,
NGC306,OCl,1.10,1.10,,,,,
NGC307,G,1.61,0.67,79,23.49,S0,,
NGC309,G,2.23,1.95,100,23.09,SABc,,
NGC311,G,1.36,0.69,118,23.38,S0,,
NGC312,G,1.84,1.38,65,23.59,E,,
NGC314,G,1.00,0.77,170,23.12,S0-a,,
NGC315,G,2.86,2.14,45,23.35,E,,
NGC317,GPair,1.83,,,,,,
NGC317,G,1.21,0.96,7,23.98,Sa,,
NGC317,G,0.97,0.45,94,21.83,SBbc,,
NGC318,G,0.60,0.29,5,22.84,S0,,
NGC319,G,1.00,0.74,33,22.96,Sa,,
NGC320,G,0.89,0.49,156,22.95,S0-a,,
NGC321,G,0.45,0.35,103,22.98,E,,
NGC322,G,1.15,0.57,154,23.33,S0,,
NGC323,G,1.82,1.52,166,23.73,E,,
NGC324,G,1.48,0.62,95,23.48,S0,,
NGC325,G,1.19,0.23,90,23.05,Sc,,
NGC326,GPair,1.00,,,,,,
NGC326,G,1.00,0.89,17,23.22,E,,
NGC326,G,0.17,0.17,0,,,,
NGC327,G,1.39,0.63,2,23.14,SBbc,,
NGC328,G,2.46,0.71,103,24.19,SBa,,
NGC329,G,1.59,0.64,10,23.41,Sb,,
NGC330,OCl,2.80,2.50,120,,,,
NGC331,G,0.96,0.60,127,23.66,Sbc,,
NGC332,G,1.37,1.31,155,24.26,E-S0,,
NGC333,GPair,1.50,,,,,,
NGC333,G,0.41,0.34,131,,E-S0,,
NGC333,G,1.50,0.80,116,24.40,S0,,
NGC334,G,1.08,0.65,178,23.12,SBb,,
NGC335,G,1.28,0.41,135,23.59,Sbc,,
NGC336,G,0.75,0.30,38,23.50,S0-a,,
NGC337,G,2.92,1.89,158,22.70,SBcd,,
NGC337,G,2.63,1.73,8,23.37,SABd,,
NGC338,G,1.75,0.66,107,22.95,Sab,,
NGC339,GCl,2.90,2.90,,,,,
NGC340,G,0.94,0.39,78,22.51,Sb,,
NGC341,G,1.25,1.14,145,23.14,Sbc,,
NGC342,G,0.91,0.43,100,23.99,E,,
NGC343,G,0.72,0.27,9,23.78,Sc,,
NGC344,G,0.28,0.20,42,22.86,,,
NGC345,G,0.98,0.58,100,23.23,Sa,,
NGC346,OCl,8.50,8.50,,,,,
NGC347,G,0.60,0.46,105,23.35,,,
NGC348,G,0.84,0.72,93,22.84,Sb,,
NGC349,G,1.34,1.16,60,23.43,E-S0,,
NGC350,G,0.79,0.52,85,23.63,E-S0,,
NGC351,G,1.53,0.75,140,23.62,S0-a,,
NGC352,G,2.29,0.78,170,23.30,SBb,,
NGC353,G,1.26,0.46,23,23.31,SBab,,
NGC354,G,0.90,0.40,33,22.32,SBb,,
NGC355,G,0.73,0.33,76,24.34,S0,,
NGC356,G,1.75,0.94,65,23.42,SABb,,
NGC357,G,2.11,1.69,4,23.47,S0-a,,
NGC359,G,1.28,0.85,136,23.85,E-S0,,
NGC360,G,3.99,0.57,146,23.75,Sbc,,
NGC361,OCl,2.60,2.60,,,,,
NGC362,GCl,8.70,,,,,,
NGC363,G,0.82,0.60,43,23.89,S0,,
NGC364,G,1.40,0.57,33,23.79,S0,,
NGC365,G,1.01,0.60,5,22.60,SBbc,,
NGC366,OCl,5.10,,,,,,
NGC367,G,0.96,0.35,17,23.25,Sc,,
NGC368,G,0.72,0.62,160,22.73,S0-a,,
NGC369,G,0.95,0.77,48,23.05,Sb,,
NGC371,OCl,4.20,3.80,60,,,,
NGC373,G,0.52,0.45,146,23.41,E,,
NGC374,G,1.30,0.58,177,23.37,S0-a,,
NGC375,G,0.48,0.38,100,22.57,E,,
NGC376,OCl,1.80,1.80,,,,,
NGC377,G,0.98,0.27,24,24.09,Sb,,
NGC378,G,1.52,1.11,75,23.17,Sc,,
NGC379,G,1.41,0.68,2,23.25,S0,,
NGC380,G,1.45,1.35,80,23.22,E,,
NGC381,OCl,6.00,,,,,,
NGC382,G,0.24,0.23,90,20.27,E,,
NGC383,G,2.39,2.00,8,23.69,E-S0,,
NGC384,G,1.10,0.78,135,23.05,E,,
NGC385,G,1.21,0.91,160,23.17,E,,
NGC386,G,0.46,0.37,0,22.46,E,,
NGC387,G,0.42,0.36,69,23.46,E,,
NGC388,G,0.58,0.38,168,23.11,E,,
NGC389,G,1.26,0.46,54,24.08,S0-a,,
NGC391,G,0.98,0.74,38,23.32,E,,
NGC392,G,1.36,0.93,52,23.08,E-S0,,
NGC393,G,1.64,1.34,22,23.55,E,,
NGC394,G,0.64,0.34,130,22.50,S0,,
NGC395,OCl,1.50,1.10,,,,,
NGC396,G,0.62,0.30,70,,,,
NGC397,G,0.65,0.50,71,23.55,S0,,
NGC398,G,0.83,0.49,136,23.72,S0,,
NGC399,G,1.12,0.76,41,23.32,Sa,,
NGC403,G,2.40,0.79,86,23.68,S0-a,,
NGC404,G,3.40,3.37,90,22.61,E-S0,,
NGC406,G,2.44,1.10,162,23.09,SBc,,
NGC407,G,2.00,0.29,0,24.24,S0-a,,
NGC409,G,1.36,1.15,164,23.60,E,,
NGC410,G,2.37,1.60,34,23.24,E,,
NGC411,OCl,2.10,1.90,,,,,
NGC413,G,1.05,0.67,148,23.27,SBc,,
NGC414,GPair,0.75,,,,,,
NGC414,G,0.74,0.34,23,22.48,S0,,
NGC414,G,0.45,0.38,90,,E-S0,,
NGC415,G,1.57,0.74,49,23.45,SBb,,
NGC416,GCl,1.70,1.70,,,,,
NGC417,G,1.08,0.81,24,24.15,E-S0,,
NGC418,G,1.98,1.30,23,23.02,Sc,,
NGC419,GCl,2.80,2.80,,,,,
NGC420,G,1.38,1.05,173,22.91,S0,,
NGC422,OCl,1.00,1.00,,,,,
NGC423,G,0.90,0.60,114,22.82,S0-a,,
NGC424,G,1.66,0.68,61,23.37,S0-a,,
NGC425,G,0.89,0.84,65,21.89,Sc,,
NGC426,G,1.20,0.89,146,23.10,E,,
NGC427,G,1.10,0.66,16,23.75,SBa,,
NGC428,G,2.82,2.08,114,22.67,SABm,,
NGC429,G,1.51,0.31,19,24.04,S0,,
NGC430,G,1.18,0.81,163,22.73,E,,
NGC431,G,1.16,0.67,28,23.10,S0,,
NGC432,G,1.32,1.07,126,23.47,E-S0,,
NGC433,OCl,3.60,,,,,,
NGC434,G,2.24,1.24,9,22.91,Sab,,
NGC434,G,1.19,0.24,57,24.34,S0-a,,
NGC435,G,1.10,0.43,17,23.04,SABc,,
NGC436,OCl,5.70,,,,,,
NGC437,G,1.73,1.37,138,23.77,S0-a,,
NGC438,G,1.35,0.77,140,22.61,Sb,,
NGC439,G,3.38,2.14,156,24.24,E-S0,,
NGC440,G,1.06,0.64,37,22.20,Sbc,,
NGC441,G,1.51,1.36,100,23.33,S0-a,,
NGC442,G,1.16,0.69,158,23.43,S0-a,,
NGC443,G,0.82,0.72,17,22.53,S0-a,,
NGC444,G,1.57,0.34,160,23.44,Sc,,
NGC445,G,0.79,0.53,140,23.58,S0,,
NGC446,G,2.06,1.60,110,24.00,S0,,
NGC447,G,2.21,2.15,15,25.53,S0-a,,
NGC448,G,1.60,0.76,115,23.04,S0,,
NGC449,G,0.68,0.39,78,22.70,SBa,,
NGC450,G,2.94,1.95,72,23.52,SABc,,
NGC451,G,0.69,0.53,19,22.61,Sc,,
NGC452,G,1.99,0.50,39,23.14,SBab,,
NGC454,GPair,2.00,,,,,,
NGC454,G,1.64,1.64,0,22.94,E?,,
NGC454,G,1.93,0.81,81,23.25,S0,,
NGC455,G,2.58,1.49,158,24.62,S0,,
NGC456,OCl,3.80,2.90,110,,,,
NGC457,OCl,7.80,,,,,,Owl Cluster
NGC458,OCl,2.60,2.30,140,,,,
NGC459,G,0.58,0.55,20,23.31,Sbc,,
NGC460,Cl+N,2.60,1.50,20,,,,
NGC461,G,1.21,1.01,38,23.06,Sc,,
NGC462,G,0.48,0.45,115,,,,
NGC463,G,1.04,0.39,5,23.81,S0-a,,
NGC465,OCl,5.00,4.00,,,,,
NGC466,G,1.61,1.34,108,23.36,S0-a,,
NGC467,G,1.66,1.49,125,23.00,S0,,
NGC468,G,0.85,0.48,175,23.54,S0-a,,
NGC469,G,0.81,0.60,173,23.29,S?,,
NGC470,G,2.86,1.62,156,23.16,Sb,,
NGC471,G,1.06,0.79,79,23.05,S0,,
NGC472,G,0.90,0.68,125,22.69,Sb,,
NGC473,G,1.77,1.02,153,23.19,S0-a,,
NGC474,G,2.65,2.44,45,23.26,S0,,
NGC475,G,0.81,0.55,121,24.21,E-S0,,
NGC476,G,0.84,0.55,95,23.58,S0,,
NGC477,G,1.55,0.55,135,23.04,Sc,,
NGC478,G,0.84,0.69,118,22.84,Sb,,
NGC479,G,0.91,0.73,128,23.52,SBbc,,
NGC480,G,0.58,0.29,65,23.30,Sa,,
NGC481,G,1.46,1.08,72,24.11,E-S0,,
NGC482,G,2.06,0.53,84,23.98,Sab,,
NGC483,G,0.87,0.79,115,22.48,Sb,,
NGC484,G,1.80,1.26,90,23.26,E-S0,,
NGC485,G,1.64,0.61,2,23.38,Sbc,,
NGC486,G,0.36,0.28,70,24.02,,,
NGC487,G,1.09,0.70,113,23.05,SBa,,
NGC488,G,5.05,3.66,13,23.15,Sb,,
NGC489,G,1.55,0.35,120,21.93,Sc,,
NGC490,G,0.66,0.55,1,23.09,Sb,,
NGC491,G,1.35,0.99,95,22.38,SBb,,
NGC491,G,1.88,0.85,97,23.72,Scd,,
NGC492,G,0.67,0.56,97,23.70,SABb,,
NGC493,G,3.01,0.95,60,23.13,Sc,,
NGC494,G,1.86,0.59,100,23.22,Sab,,
NGC495,G,1.09,0.77,169,22.52,S0-a,,
NGC496,G,0.89,0.33,36,22.04,Sbc,,
NGC497,G,2.06,0.86,134,23.49,SBbc,,
NGC498,G,0.51,0.41,125,,,,
NGC499,G,1.68,1.05,77,23.16,E-S0,,
NGC500,G,0.91,0.65,95,23.70,E,,
NGC501,G,0.52,0.49,80,22.97,E,,
NGC502,G,1.64,1.52,55,23.57,S0,,
NGC503,G,0.63,0.49,39,22.95,S0,,
NGC504,G,1.55,0.39,45,23.69,S0,,
NGC505,G,1.07,0.68,55,23.91,S0,,
NGC507,G,2.45,1.66,71,23.25,E-S0,,
NGC508,G,1.08,0.96,25,23.23,E,,
NGC509,G,1.59,0.68,81,24.29,S0-a,,
NGC511,G,1.18,0.98,70,24.38,E,,
NGC512,G,1.46,0.34,115,22.62,Sab,,
NGC513,G,0.62,0.31,81,20.51,Sc,,
NGC514,G,3.50,2.50,106,23.48,SABc,,
NGC515,G,0.92,0.64,89,22.97,S0,,
NGC516,G,1.62,0.46,45,23.95,S0,,
NGC517,G,1.46,0.60,20,23.20,S0,,
NGC518,G,1.56,0.55,97,23.56,Sa,,
NGC519,G,0.53,0.29,135,22.76,E,,
NGC520,GPair,4.20,,,,,,
NGC520,G,4.09,1.61,130,23.54,Sa,,
NGC520,G,1.56,0.59,120,,Sc,,
NGC521,G,2.77,2.59,145,23.52,Sbc,,
NGC522,G,2.38,0.31,33,23.12,Sbc,,
NGC523,G,2.52,0.71,104,23.27,Sbc,,
NGC524,G,3.37,3.35,55,22.78,S0-a,,
NGC525,G,1.50,0.63,7,24.10,S0,,
NGC526,GPair,2.00,,,,,,
NGC526,G,1.70,0.79,110,24.53,S0,,
NGC526,G,0.79,0.45,158,,S0,,
NGC527,G,1.79,0.43,15,23.75,S0-a,,
NGC527,G,0.87,0.27,29,23.10,Sbc,,
NGC528,G,1.77,1.04,57,23.60,S0,,
NGC529,G,2.22,1.96,162,23.61,E-S0,,
NGC530,G,1.78,0.36,133,23.73,S0-a,,
NGC531,G,1.77,0.47,33,24.53,S0-a,,
NGC532,G,2.18,0.94,30,23.88,Sab,,
NGC533,G,3.44,2.41,50,24.03,E,,
NGC534,G,1.19,1.07,110,23.48,S0,,
NGC535,G,0.97,0.34,57,23.48,S0-a,,
NGC536,G,2.92,1.49,67,23.80,Sb,,
NGC538,G,1.38,0.54,36,23.55,SBab,,
NGC539,G,1.32,1.10,175,23.49,Sc,,
NGC540,G,0.82,0.39,5,23.98,S0,,
NGC541,G,2.16,1.50,69,23.66,E,,
NGC542,G,1.02,0.23,143,23.40,Sbc,,
NGC543,G,0.81,0.37,90,22.46,E-S0,,
NGC544,G,1.47,1.03,173,23.98,E-S0,,
NGC545,G,3.01,1.95,55,24.49,E-S0,,
NGC546,G,1.35,0.60,38,23.20,SBb,,
NGC547,G,3.07,1.93,103,24.43,E,,
NGC548,G,0.90,0.74,153,23.31,E,,
NGC549,G,0.59,0.55,100,23.00,SBa,,
NGC550,G,1.82,0.69,120,23.20,SBa,,
NGC551,G,1.49,0.59,137,22.57,SBbc,,
NGC553,G,0.91,0.30,13,23.66,S0,,
NGC554,GPair,1.42,,,,,,
NGC554,G,1.42,1.04,170,24.49,S0,,
NGC554,G,0.20,0.20,0,24.49,S0,,
NGC555,G,0.74,0.69,15,23.37,S0-a,,
NGC556,G,0.45,0.40,144,22.59,E-S0,,
NGC557,G,1.45,0.47,136,24.60,S0-a,,
NGC558,G,0.62,0.26,112,23.00,E,,
NGC559,OCl,9.00,,,,,,
NGC560,G,2.09,0.44,178,24.11,S0,,
NGC561,G,1.40,1.28,145,23.44,Sa,,
NGC562,G,0.91,0.86,40,22.99,Sc,,
NGC564,G,1.72,1.20,141,23.55,E,,
NGC565,G,1.46,0.41,35,23.50,Sa,,
NGC566,G,1.21,0.32,179,23.74,S0,,
NGC567,G,1.21,0.45,127,24.03,S0,,
NGC568,G,2.04,1.24,137,23.88,E-S0,,
NGC569,G,0.99,0.48,163,22.92,Sbc,,
NGC570,G,1.62,1.09,166,23.32,Sa,,
NGC571,G,0.71,0.66,150,23.09,Sbc,,
NGC572,G,0.89,0.84,170,23.51,S0-a,,
NGC573,G,0.39,0.33,120,20.11,Sab,,
NGC574,G,1.15,0.83,24,23.11,SBb,,
NGC575,G,1.45,1.35,5,23.33,Sc,,
NGC576,G,0.99,0.81,110,23.08,S0-a,,
NGC577,G,1.45,1.28,130,23.54,Sa,,
NGC578,G,4.82,2.92,114,23.28,Sc,,
NGC579,G,1.08,0.85,160,22.62,Sc,,
NGC581,OCl,4.50,,,,,103,
NGC582,G,2.07,0.49,58,23.43,SBb,,
NGC583,G,0.72,0.66,30,23.31,S0,,
NGC584,G,3.78,2.51,104,23.06,E,,
NGC585,G,2.40,0.48,86,24.10,SBa,,
NGC586,G,1.61,0.78,179,23.57,Sa,,
NGC587,G,2.23,0.66,68,23.42,SABb,,
NGC588,HII,0.60,0.43,,,,,
NGC589,G,0.76,0.65,87,23.09,S0-a,,
NGC590,G,2.13,0.77,147,24.00,SBa,,
NGC591,G,1.43,1.14,0,23.58,S0-a,,
NGC592,*Ass,,,,,,,
NGC593,G,0.88,0.27,12,23.98,S0-a,,
NGC594,G,1.24,0.65,28,24.06,Sbc,,
NGC595,HII,1.73,0.90,,,,,
NGC596,G,2.14,1.58,36,22.36,E,,
NGC597,G,1.31,1.21,45,23.19,SBbc,,
NGC598,G,62.09,36.73,23,23.61,Sc,033,Triangulum Galaxy/Triangulum Pinwheel
NGC599,G,1.53,1.16,128,23.81,E-S0,,
NGC600,G,2.63,2.56,25,23.83,Scd,,
NGC601,G,0.40,0.38,25,23.12,,,
NGC602,OCl,3.20,2.90,90,,,,
NGC604,HII,1.93,1.20,,,,,
NGC605,G,1.32,0.56,148,23.67,S0,,
NGC606,G,1.01,0.77,137,23.14,Sc,,
NGC608,G,0.83,0.55,33,22.42,S0-a,,
NGC609,OCl,4.80,,,,,,
NGC612,G,1.49,1.34,160,23.63,S0-a,,
NGC613,G,5.48,4.51,125,23.02,Sbc,,
NGC614,G,1.52,1.44,120,23.50,S0,,
NGC615,G,3.18,1.16,164,22.98,Sb,,
NGC617,G,0.59,0.52,4,22.94,Sab,,
NGC619,G,1.66,1.03,107,23.65,SBb,,
NGC620,G,0.82,0.77,30,22.36,Scd,,
NGC621,G,1.12,1.06,105,23.23,S0,,
NGC622,G,1.30,0.83,55,23.17,Sb,,
NGC623,G,1.94,1.46,87,23.84,E,,
NGC624,G,1.30,0.67,91,23.05,SBb,,
NGC625,G,6.55,2.05,92,23.43,SBm,,
NGC626,G,1.44,1.30,30,22.90,Sc,,
NGC628,G,9.89,9.33,87,23.37,Sc,074,
NGC630,G,1.90,1.40,54,23.74,E-S0,,
NGC631,G,0.93,0.83,135,23.63,E,,
NGC632,G,0.99,0.86,168,22.27,S0-a,,
NGC633,G,1.10,0.95,178,22.37,SBb,,
NGC634,G,1.77,0.61,167,23.35,Sa,,
NGC635,G,0.60,0.53,129,22.76,Sbc,,
NGC636,G,2.70,2.30,6,23.38,E,,
NGC637,OCl,4.50,,,,,,
NGC638,G,0.94,0.62,18,23.06,E?,,
NGC639,G,1.04,0.30,32,22.94,Sa,,
NGC640,G,0.76,0.43,147,23.25,SBa,,
NGC641,G,1.82,1.68,80,23.28,E,,
NGC642,G,1.80,1.09,18,23.06,SBc,,
NGC643,OCl,2.20,2.20,,,,,
NGC643,OCl,,,,,,,
NGC643,G,1.75,0.47,116,24.39,S0-a,,
NGC643,G,1.40,0.23,153,23.64,Sc,,
NGC644,G,1.30,0.68,154,23.45,SBc,,
NGC645,G,2.29,0.68,120,23.42,Sb,,
NGC646,GPair,1.51,1.02,121,,,,
NGC646,G,1.23,0.97,127,23.15,SBc,,
NGC646,G,0.60,0.45,64,22.53,E-S0,,
NGC647,G,1.27,0.98,19,23.57,S0,,
NGC648,G,1.09,0.63,118,23.59,E-S0,,
NGC649,G,1.07,0.39,22,23.71,Sa,,
NGC650,PN,1.12,,,,,076,Barbell Nebula/Cork Nebula/Little Dumbbell Nebula
NGC652,G,0.94,0.51,52,23.14,Sab,,
NGC653,G,1.49,0.23,40,22.69,Sab,,
NGC654,OCl,6.30,,,,,,
NGC655,G,1.12,0.65,88,23.83,S0,,
NGC656,G,1.27,1.08,32,22.88,S0,,
NGC657,OCl,3.00,,,,,,
NGC658,G,1.48,0.89,21,22.55,Sb,,
NGC659,OCl,4.20,,,,,,
NGC660,G,4.57,1.69,13,23.50,Sa,,
NGC661,G,1.91,1.40,56,23.43,E,,
NGC662,G,0.81,0.55,13,22.62,Sb,,
NGC663,OCl,6.00,,,,,,
NGC664,G,1.19,0.93,70,22.82,Sb,,
NGC665,G,1.62,0.95,119,22.95,S0,,
NGC666,G,0.77,0.52,81,22.55,E,,
NGC667,G,0.71,0.57,83,23.40,S0,,
NGC668,G,1.20,0.82,32,22.60,Sb,,
NGC669,G,2.34,0.57,36,23.14,Sab,,
NGC670,G,2.18,0.74,171,23.85,S0,,
NGC671,G,1.08,0.43,56,22.89,Sa,,
NGC672,G,7.01,2.71,69,23.58,SBc,,
NGC673,G,1.77,1.30,1,22.94,SABc,,
NGC674,G,3.81,1.26,105,23.54,SABc,,
NGC675,G,1.04,0.44,101,23.88,Sa,,
NGC676,G,2.75,0.69,173,21.29,S0-a,,
NGC677,G,1.81,1.81,35,23.42,E,,
NGC678,G,3.08,0.77,78,23.61,SBb,,
NGC679,G,1.32,1.00,85,22.88,E-S0,,
NGC680,G,1.69,1.56,160,22.92,E,,
NGC681,G,2.47,1.77,66,23.27,SABa,,
NGC682,G,0.74,0.25,115,22.16,E-S0,,
NGC683,G,0.66,0.60,50,22.75,Sb,,
NGC684,G,2.95,0.82,90,23.55,Sb,,
NGC685,G,3.01,2.30,62,22.80,Sc,,
NGC686,G,1.34,1.06,5,22.77,E-S0,,
NGC687,G,1.27,1.16,90,22.85,S0,,
NGC688,G,0.89,0.38,153,21.25,Sb,,
NGC689,G,1.07,0.66,70,23.08,SABa,,
NGC690,G,1.10,0.70,158,23.41,SABc,,
NGC691,G,2.68,1.85,92,22.88,Sbc,,
NGC692,G,1.95,1.41,84,23.04,Sbc,,
NGC693,G,2.11,1.09,106,23.41,S0-a,,
NGC694,G,0.57,0.34,163,21.83,S0,,
NGC695,G,0.48,0.42,51,20.92,S0,,
NGC696,G,1.80,0.72,25,24.34,S0-a,,
NGC698,G,0.93,0.79,170,23.25,Sab,,
NGC699,G,1.40,0.37,132,23.38,SBbc,,
NGC700,G,0.48,0.40,41,22.84,S0,,
NGC701,G,2.24,1.11,49,22.73,SBc,,
NGC702,GPair,1.60,,,,,,
NGC702,G,0.38,0.17,95,,,,
NGC702,G,1.03,0.72,136,22.48,SBbc,,
NGC703,G,0.99,0.69,48,23.05,E-S0,,
NGC704,GPair,1.50,,,,,,
NGC704,G,0.55,0.39,105,,,,
NGC704,G,1.10,0.69,139,23.26,E-S0,,
NGC705,G,1.44,0.69,112,23.89,S0-a,,
NGC706,G,1.29,1.06,153,22.35,Sc,,
NGC707,G,1.31,0.73,82,23.89,E-S0,,
NGC708,G,2.56,1.23,38,24.62,E,,
NGC709,G,0.72,0.36,128,23.24,E-S0,,
NGC710,G,1.04,0.67,29,22.73,Sc,,
NGC711,G,1.10,0.48,17,23.55,S0,,
NGC712,G,1.08,0.71,83,22.98,S0,,
NGC713,G,1.15,0.28,95,23.29,Sb,,
NGC714,G,1.46,0.35,111,23.38,S0-a,,
NGC715,G,0.88,0.36,177,22.81,Sb,,
NGC716,G,1.31,0.52,59,22.94,Sa,,
NGC717,G,1.31,0.23,115,23.82,S0-a,,
NGC718,G,2.75,2.46,36,23.43,Sa,,
NGC719,G,1.01,0.71,157,23.61,S0,,
NGC720,G,4.49,2.37,142,23.23,E,,
NGC721,G,1.40,0.83,124,23.22,Sbc,,
NGC722,G,1.13,0.47,137,23.08,Sb,,
NGC723,G,1.34,1.04,135,22.65,Sbc,,
NGC725,G,0.89,0.55,77,23.07,Sc,,
NGC726,G,1.08,0.44,104,23.06,SBd,,
NGC727,G,1.18,0.62,74,23.56,Sab,,
NGC731,G,1.70,1.50,156,23.09,E,,
NGC732,G,0.98,0.57,12,23.65,S0,,
NGC734,G,0.75,0.40,60,23.07,SBab,,
NGC735,G,1.60,0.41,136,22.91,Sb,,
NGC736,G,1.83,1.64,130,23.34,E,,
NGC738,G,0.35,0.31,,22.41,S0,,
NGC739,G,0.81,0.52,133,23.31,S0-a,,
NGC740,G,1.57,0.34,138,23.55,SBb,,
NGC741,G,2.83,2.33,93,23.43,E,,
NGC742,G,0.19,0.19,,20.20,E-S0,,
NGC743,OCl,5.40,,,,,,
NGC744,OCl,11.70,,,,,,
NGC745,GGroup,1.80,,,,,,
NGC745,G,1.75,1.11,36,23.87,S0-a,,
NGC745,G,0.11,0.11,0,,,,
NGC745,G,1.13,0.41,104,24.05,E-S0,,
NGC746,G,1.82,1.29,86,23.43,I,,
NGC747,G,1.15,0.59,177,23.05,Sb,,
NGC748,G,2.56,1.02,146,23.54,Sb,,
NGC749,G,2.07,1.27,109,23.65,S0-a,,
NGC750,G,1.48,1.41,170,22.83,E,,
NGC751,G,1.64,1.30,139,23.39,E,,
NGC752,OCl,39.00,,,,,,
NGC753,G,1.38,0.87,131,22.13,SABc,,
NGC754,G,0.61,0.57,80,23.04,E,,
NGC755,G,2.87,0.90,53,23.28,SBbc,,
NGC756,GPair,0.67,0.48,25,22.93,S0,,
NGC758,G,0.77,0.61,95,23.52,S0,,
NGC759,G,1.12,1.06,10,22.96,E,,
NGC761,G,1.48,0.51,145,23.61,SBa,,
NGC762,G,1.24,1.09,35,23.06,Sa,,
NGC765,G,2.62,2.62,25,24.91,SABb,,
NGC766,G,1.81,1.11,27,24.41,E,,
NGC767,G,1.27,0.35,164,23.70,SBb,,
NGC768,G,1.56,0.59,29,23.29,SBbc,,
NGC769,G,0.85,0.49,70,21.28,Sc,,
NGC770,G,0.91,0.62,15,22.89,E,,
NGC772,G,4.57,2.52,131,22.32,Sb,,
NGC773,G,1.38,0.72,178,23.03,SABa,,
NGC774,G,1.28,1.06,164,23.47,S0,,
NGC775,G,1.69,1.28,162,23.03,SABc,,
NGC776,G,1.35,1.29,135,22.89,SABa,,
NGC777,G,2.75,2.06,148,23.56,E,,
NGC778,G,1.05,0.46,150,22.95,S0,,
NGC779,G,1.35,0.58,160,20.75,SABb,,
NGC780,G,1.65,0.81,171,23.86,Sb,,
NGC781,G,1.47,0.41,12,22.92,Sa,,
NGC782,G,2.45,2.03,41,23.16,SBb,,
NGC783,G,1.38,0.75,63,22.00,Sc,,
NGC784,G,4.17,1.07,1,22.87,SBd,,
NGC785,G,1.60,0.90,77,23.71,E,,
NGC786,G,0.79,0.64,150,22.51,Sc,,
NGC787,G,1.87,1.30,91,23.38,Sb,,
NGC788,G,1.74,1.42,108,22.94,S0-a,,
NGC789,G,0.69,0.48,4,21.65,Sb,,
NGC790,G,1.38,1.21,142,23.43,S0,,
NGC791,G,1.49,1.49,5,24.46,E,,
NGC792,G,1.27,0.67,130,23.84,S0,,
NGC794,G,1.22,0.96,53,23.00,E-S0,,
NGC795,G,1.28,0.77,138,23.61,E,,
NGC796,OCl,1.20,1.10,110,,,,
NGC797,GPair,1.80,,,,,,
NGC797,G,0.48,0.33,135,23.64,,,
NGC797,G,1.21,1.06,75,22.67,SABa,,
NGC798,G,1.19,0.44,136,23.81,E,,
NGC799,G,1.71,1.44,35,24.01,SBa,,
NGC800,G,1.08,0.79,11,23.14,Sc,,
NGC801,G,2.76,0.59,151,23.65,Sc,,
NGC802,G,0.90,0.59,153,22.62,S0-a,,
NGC803,G,2.67,0.92,10,23.04,Sc,,
NGC804,G,1.27,0.33,8,23.79,S0,,
NGC805,G,1.05,0.68,110,23.68,S0,,
NGC806,G,1.35,0.38,59,23.09,SBc,,
NGC807,G,1.71,1.08,142,23.78,E,,
NGC808,G,1.31,0.62,12,22.91,Sbc,,
NGC809,G,1.11,0.86,173,23.52,S0,,
NGC810,GPair,1.40,,,,,,
NGC810,G,1.40,0.88,31,24.42,E,,
NGC810,G,0.98,0.65,3,24.64,E?,,
NGC811,G,0.99,0.46,48,23.58,Scd,,
NGC812,G,2.74,0.97,161,22.73,Sc,,
NGC813,G,1.42,0.95,98,23.26,S0-a,,
NGC814,G,1.32,0.59,7,24.01,S0,,
NGC815,GPair,0.40,,,,,,
NGC815,G,0.15,0.13,121,,,,
NGC815,G,0.45,0.35,70,23.23,,,
NGC816,G,0.66,0.52,85,23.09,,,
NGC817,G,0.89,0.40,29,22.63,S0-a,,
NGC818,G,2.20,0.76,112,22.80,Sbc,,
NGC819,G,0.60,0.45,5,21.49,Sbc,,
NGC820,G,1.34,0.79,67,22.78,Sb,,
NGC821,G,2.45,2.10,26,22.58,E,,
NGC822,G,1.40,0.87,77,23.70,E,,
NGC823,G,1.54,1.10,107,23.38,E-S0,,
NGC824,G,1.49,0.38,28,22.71,Sbc,,
NGC825,G,2.06,0.66,52,24.20,Sa,,
NGC826,G,1.00,0.78,16,23.95,E,,
NGC827,G,2.20,1.14,84,23.89,Sb,,
NGC828,G,2.85,2.13,115,24.01,Sa,,
NGC829,G,1.18,0.77,104,22.96,SBc,,
NGC830,G,1.40,0.82,76,23.61,E-S0,,
NGC831,G,0.44,0.34,110,21.96,Sc,,
NGC833,G,1.63,0.67,85,23.14,SABa,,
NGC834,G,1.05,0.50,22,22.17,Sb,,
NGC835,G,0.87,0.73,5,21.50,Sab,,
NGC836,G,1.11,0.84,106,23.40,S0-a,,
NGC837,G,0.99,0.39,13,22.94,Sb,,
NGC838,G,1.34,0.97,77,22.88,S0-a,,
NGC839,G,1.49,0.64,86,23.51,S0-a,,
NGC840,G,1.74,0.78,77,23.68,Sb,,
NGC841,G,1.74,0.87,134,22.93,Sab,,
NGC842,G,1.74,0.85,157,23.54,S0,,
NGC844,G,0.49,0.38,45,,,,
NGC845,G,1.63,0.33,148,23.10,Sb,,
NGC846,G,1.92,1.68,129,23.16,SBab,,
NGC848,G,1.36,1.05,147,22.90,SBab,,
NGC849,G,0.59,0.44,104,23.03,S0,,
NGC850,G,1.22,1.00,92,23.23,S0-a,,
NGC851,G,1.14,0.66,135,23.62,S0-a,,
NGC852,G,1.36,1.00,90,23.28,SBbc,,
NGC853,G,1.80,1.17,50,25.50,Sm,,
NGC854,G,2.00,0.72,2,23.18,SBc,,
NGC855,G,2.94,1.08,67,24.41,E,,
NGC856,G,1.19,0.94,17,23.21,Sa,,
NGC857,G,1.58,1.34,89,23.23,S0,,
NGC858,G,1.26,1.01,140,23.36,Sc,,
NGC860,G,0.63,0.52,109,23.04,E,,
NGC861,G,1.48,0.42,36,23.48,Sb,,
NGC862,G,1.04,0.97,70,22.80,E,,
NGC863,G,1.27,1.15,35,23.14,Sa,,
NGC864,G,3.72,2.57,21,22.91,SABc,,
NGC865,G,1.62,0.27,159,22.41,Sbc,,
NGC867,G,1.24,1.11,85,23.30,S0-a,,
NGC868,G,0.79,0.54,111,23.69,E-S0,,
NGC869,OCl,14.40,,,,,,h Persei Cluster
NGC870,G,0.37,0.34,105,22.98,,,
NGC871,G,1.01,0.33,4,22.02,SBc,,
NGC872,G,1.77,0.55,175,23.51,SBc,,
NGC873,G,1.48,1.07,146,22.49,Sc,,
NGC874,G,1.01,0.48,175,23.42,Sab,,
NGC876,G,1.32,0.38,26,24.32,Sc,,
NGC877,G,1.92,1.47,138,22.47,SABc,,
NGC878,G,0.87,0.53,110,22.94,Sa,,
NGC879,G,0.77,0.64,16,23.38,I,,
NGC880,G,0.58,0.38,26,22.92,S?,,
NGC881,G,2.28,1.26,133,23.27,SABc,,
NGC882,G,1.13,0.48,83,23.92,S0,,
NGC883,G,1.57,1.40,77,23.33,E-S0,,
NGC884,OCl,10.50,,,,,,chi Persei Cluster
NGC886,OCl,4.80,,,,,,
NGC887,G,1.66,1.34,21,23.04,SABc,,
NGC888,G,1.16,0.90,85,23.67,E,,
NGC889,G,1.24,0.89,98,23.89,E,,
NGC890,G,1.10,0.67,45,21.77,E-S0,,
NGC891,G,13.03,3.03,22,24.17,Sb,,
NGC892,G,0.72,0.40,5,23.30,Sab,,
NGC893,G,1.34,0.83,123,22.54,Sc,,
NGC895,G,3.32,2.22,109,23.30,Sc,,
NGC896,Neb,10.00,10.00,,,,,
NGC897,G,2.01,1.43,25,22.90,Sa,,
NGC898,G,1.75,0.47,170,22.99,Sab,,
NGC899,G,1.63,1.21,121,22.63,IB,,
NGC900,G,0.92,0.62,36,23.56,S0,,
NGC901,G,0.78,0.55,36,23.97,E,,
NGC902,G,0.74,0.55,26,22.66,SBbc,,
NGC903,G,0.74,0.40,168,24.50,,,
NGC904,G,1.45,0.85,129,24.54,E,,
NGC905,G,0.61,0.30,114,23.36,S0-a,,
NGC906,G,1.46,1.01,16,23.12,Sab,,
NGC907,G,2.21,0.75,87,22.69,SBd,,
NGC908,G,6.14,2.82,77,22.86,SABc,,
NGC909,G,1.02,1.02,40,23.42,E,,
NGC910,G,1.79,1.51,17,23.40,E,,
NGC911,G,1.69,0.84,115,23.91,E,,
NGC912,G,0.79,0.60,147,23.20,S0-a,,
NGC913,G,0.61,0.33,20,,,,
NGC914,G,1.56,1.04,116,23.18,Sc,,
NGC915,G,0.76,0.76,160,23.48,E,,
NGC916,G,1.18,0.53,9,24.16,S0-a,,
NGC917,G,1.77,0.99,57,23.86,Sab,,
NGC918,G,3.09,1.73,157,23.80,Sc,,
NGC919,G,1.31,0.32,138,23.89,Sab,,
NGC920,G,1.17,0.85,3,24.25,SBb,,
NGC921,G,1.25,0.53,82,23.53,SBc,,
NGC922,G,2.10,1.77,14,22.60,SBc,,
NGC923,G,0.78,0.55,120,22.32,SABb,,
NGC924,G,2.03,1.18,52,23.99,S0,,
NGC925,G,10.72,5.75,107,23.94,Scd,,
NGC926,G,1.75,0.78,39,23.36,Sbc,,
NGC927,G,1.18,1.02,0,23.38,SBc,,
NGC928,G,0.90,0.54,45,23.11,Sa,,
NGC929,G,0.88,0.40,171,23.13,Sa,,
NGC931,G,2.45,0.69,75,24.17,Sbc,,
NGC932,G,2.00,1.85,145,23.96,Sa,,
NGC933,G,1.84,0.96,37,24.86,Sbc,,
NGC934,G,1.14,0.80,127,23.30,E-S0,,
NGC935,G,1.58,0.98,155,23.14,Sc,,
NGC936,G,4.44,3.18,133,23.14,S0-a,,
NGC937,G,0.89,0.35,115,22.82,Sc,,
NGC938,G,1.55,1.14,97,23.56,E,,
NGC939,G,1.66,1.16,100,23.97,E,,
NGC940,G,1.64,1.15,20,23.15,S0,,
NGC941,G,1.87,1.33,171,22.85,SABc,,
NGC942,G,1.78,0.87,2,24.37,S0,,
NGC943,G,1.55,0.95,26,24.03,S0-a,,
NGC944,G,1.01,0.37,18,23.67,S0-a,,
NGC945,G,2.06,1.82,170,23.01,SBc,,
NGC946,G,1.42,0.84,66,23.97,S0,,
NGC947,G,2.14,1.15,59,23.08,SABc,,
NGC948,G,1.17,0.96,30,23.07,Sc,,
NGC949,G,3.10,1.35,144,23.07,Sb,,
NGC950,G,1.18,0.63,47,23.23,SBb,,
NGC951,G,1.08,0.54,22,23.90,SBab,,
NGC953,G,1.47,1.19,14,24.09,E,,
NGC954,G,1.79,0.94,16,23.05,SBc,,
NGC955,G,2.72,0.88,20,23.18,Sab,,
NGC956,OCl,4.50,,,,,,
NGC957,OCl,10.20,,,,,,
NGC958,G,2.51,0.72,2,22.65,SBc,,
NGC959,G,1.87,1.11,67,22.61,Sd,,
NGC960,G,1.23,0.32,125,23.15,SABb,,
NGC961,G,1.81,1.04,96,22.97,Sm,,
NGC962,G,1.46,1.03,178,23.71,E-S0,,
NGC963,G,0.80,0.79,110,22.54,I,,
NGC964,G,2.18,0.50,33,23.14,Sab,,
NGC965,G,0.94,0.77,173,23.25,SBc,,
NGC966,G,1.13,0.95,107,22.89,E-S0,,
NGC967,G,1.48,1.06,41,23.41,E-S0,,
NGC968,G,1.20,0.45,49,23.07,E,,
NGC969,G,1.69,1.16,8,23.43,S0,,
NGC970,GPair,1.00,,,,,,
NGC970,G,0.28,0.20,72,,,,
NGC970,G,0.72,0.26,53,23.88,,,
NGC972,G,3.31,1.61,151,23.06,Sab,,
NGC973,G,3.28,0.43,49,23.81,Sb,,
NGC974,G,3.20,2.60,15,25.16,SABb,,
NGC975,G,0.84,0.63,1,22.62,S0-a,,
NGC976,G,1.54,1.44,160,22.86,Sbc,,
NGC977,G,1.82,1.17,38,24.02,Sa,,
NGC978,GPair,1.87,,,,,,
NGC978,G,1.83,1.53,85,23.32,E-S0,,
NGC978,G,0.64,0.28,7,,S0,,
NGC979,G,1.38,1.12,108,23.27,S0,,
NGC980,G,1.64,0.81,110,23.99,S0,,
NGC981,G,1.08,0.51,6,22.90,Sc,,
NGC982,G,1.60,0.63,132,22.45,Sa,,
NGC983,G,1.16,0.69,136,22.80,SBb,,
NGC984,G,1.66,1.10,114,24.52,S0-a,,
NGC985,G,0.86,0.66,80,22.24,I,,
NGC986,G,3.77,3.03,52,23.15,Sab,,
NGC986,G,1.85,0.29,78,24.68,,,
NGC987,G,1.52,1.07,36,23.03,S0-a,,
NGC988,G,4.33,1.73,119,22.09,Sc,,
NGC989,G,0.92,0.84,85,23.51,S0,,
NGC990,G,1.48,1.12,41,23.21,E,,
NGC991,G,1.48,1.31,75,22.55,SABc,,
NGC992,G,0.79,0.59,8,23.51,SBc,,
NGC993,G,0.86,0.68,105,23.34,E-S0,,
NGC995,G,1.30,0.76,36,24.06,S0,,
NGC996,G,1.30,1.12,75,23.87,E,,
NGC997,GPair,1.00,,,,,,
NGC997,G,0.33,0.22,62,,,,
NGC997,G,1.12,1.02,5,23.82,E,,
NGC998,G,0.63,0.52,175,,,,
NGC999,G,0.78,0.69,61,22.90,SABa,,
NGC1000,G,0.64,0.39,90,23.39,E,,
NGC1001,G,0.72,0.27,114,22.42,Sab,,
NGC1003,G,3.47,0.83,96,22.34,Sc,,
NGC1004,G,1.17,1.05,96,22.95,E,,
NGC1005,G,0.66,0.65,45,,E,,
NGC1006,G,0.86,0.24,1,21.85,Sc,,
NGC1007,G,0.61,0.21,50,24.10,,,
NGC1008,G,0.86,0.54,83,23.47,E,,
NGC1009,G,1.39,0.23,124,23.68,Sb,,
NGC1011,G,0.68,0.62,160,22.79,Sa,,
NGC1012,G,2.10,1.05,24,23.34,S0-a,,
NGC1013,G,1.08,0.68,66,23.81,S0-a,,
NGC1015,G,1.98,1.68,100,23.55,Sa,,
NGC1016,G,2.26,1.36,42,23.26,E,,
NGC1017,G,0.68,0.55,64,22.59,I,,
NGC1018,G,1.07,0.59,178,23.88,S0-a,,
NGC1019,G,1.08,0.75,35,23.22,Sbc,,
NGC1020,G,0.92,0.28,20,23.67,S0,,
NGC1021,G,0.79,0.55,161,23.05,SABb,,
NGC1022,G,2.60,1.50,74,22.66,SBa,,
NGC1023,G,7.40,3.06,87,22.59,E-S0,,
NGC1023,G,1.30,0.65,50,23.17,IB,,
NGC1024,G,2.86,1.06,151,23.61,Sab,,
NGC1025,G,0.94,0.55,15,22.29,Sb,,
NGC1026,G,1.84,1.68,85,24.13,S0,,
NGC1027,OCl,7.80,,,,,,
NGC1028,G,0.87,0.46,15,23.30,SABb,,
NGC1029,G,1.56,0.46,70,23.82,S0-a,,
NGC1030,G,1.50,0.64,8,23.34,Sc,,
NGC1031,G,2.27,1.08,24,23.57,SBa,,
NGC1032,G,3.58,0.86,67,23.75,S0-a,,
NGC1033,G,1.14,0.91,178,23.41,Sc,,
NGC1034,G,0.80,0.73,140,22.74,I,,
NGC1035,G,2.08,0.68,153,22.36,Sc,,
NGC1036,G,1.40,1.03,3,23.07,Sab,,
NGC1038,G,1.39,0.50,61,23.55,S0-a,,
NGC1039,OCl,22.50,,,,,034,
NGC1040,G,1.67,0.72,40,23.75,S0,,
NGC1041,G,1.36,1.08,47,23.59,E-S0,,
NGC1042,G,3.87,2.13,1,22.81,SABc,,
NGC1043,G,0.85,0.18,111,23.29,Sb,,
NGC1044,GPair,1.20,,,,,,
NGC1044,G,0.76,0.76,110,22.58,E-S0,,
NGC1044,G,0.58,0.51,,,,,
NGC1045,G,1.69,1.27,59,23.29,E-S0,,
NGC1046,G,0.75,0.70,130,,E-S0,,
NGC1047,G,1.36,0.75,91,23.79,S0-a,,
NGC1048,G,1.18,0.47,105,24.30,S0-a,,
NGC1048,G,0.81,0.42,178,23.26,SBbc,,
NGC1049,GCl,1.20,1.20,,,,,Fornax Dwarf Cluster 3
NGC1050,G,1.10,0.81,98,22.42,SBa,,
NGC1052,G,2.94,2.07,109,22.65,E,,
NGC1054,G,0.80,0.44,30,22.36,Sb,,
NGC1055,G,6.92,3.53,104,23.87,SBb,,
NGC1056,G,1.88,1.36,162,23.36,Sa,,
NGC1057,G,1.16,0.72,118,24.62,S0,,
NGC1058,G,2.47,1.36,90,22.16,Sc,,
NGC1060,G,2.36,1.75,77,23.61,E-S0,,
NGC1061,G,0.87,0.59,27,23.38,Sb,,
NGC1063,G,1.45,0.51,97,23.30,SABb,,
NGC1064,G,1.01,0.75,37,23.52,SBc,,
NGC1065,G,0.82,0.75,0,23.24,E-S0,,
NGC1066,G,1.82,1.28,60,24.73,E,,
NGC1067,G,0.97,0.92,145,23.18,SABc,,
NGC1068,G,6.11,5.61,12,22.35,Sb,077,
NGC1069,G,1.35,0.84,146,23.26,SABc,,
NGC1070,G,2.34,2.00,178,23.36,Sb,,
NGC1071,G,1.22,0.41,172,23.94,SBa,,
NGC1072,G,1.21,0.49,13,22.98,Sab,,
NGC1073,G,3.54,2.23,32,22.78,SBc,,
NGC1074,G,0.91,0.50,165,23.36,SABa,,
NGC1075,G,0.81,0.53,146,23.56,S0-a,,
NGC1076,G,1.81,1.25,99,23.47,S0-a,,
NGC1077,GPair,1.33,,,,,,
NGC1077,G,0.53,0.33,27,24.09,SBb,,
NGC1077,G,1.06,0.77,165,23.17,Sb,,
NGC1078,G,0.85,0.62,45,23.60,E-S0,,
NGC1079,G,2.65,1.49,99,22.99,SABa,,
NGC1080,G,1.09,0.82,166,22.84,SABc,,
NGC1081,G,1.78,0.59,23,23.35,SBb,,
NGC1082,G,0.96,0.71,102,23.31,S0,,
NGC1083,G,1.55,0.33,17,23.85,Sb,,
NGC1084,G,3.40,2.25,36,22.24,Sc,,
NGC1085,G,2.04,1.50,13,23.82,Sbc,,
NGC1086,G,1.32,0.79,43,22.44,Sc,,
NGC1087,G,2.97,1.80,10,22.20,Sc,,
NGC1088,GPair,1.00,,,,,,
NGC1088,G,0.88,0.52,95,23.28,S0-a,,
NGC1088,G,0.48,0.22,116,24.31,,,
NGC1089,G,1.38,0.99,16,24.07,E,,
NGC1090,G,3.31,1.46,101,23.32,Sbc,,
NGC1091,G,0.81,0.67,86,24.26,Sa,,
NGC1092,G,1.00,0.89,130,24.37,E,,
NGC1093,G,1.16,0.75,99,23.13,SABa,,
NGC1094,G,1.32,0.84,89,22.84,SABa,,
NGC1095,G,1.26,0.81,46,23.00,SBc,,
NGC1096,G,1.76,1.61,45,23.41,SBbc,,
NGC1097,G,10.57,6.44,138,23.63,SBb,,
NGC1097,G,1.00,0.57,100,22.81,E,,
NGC1098,G,1.58,1.27,103,23.43,E-S0,,
NGC1099,G,2.10,0.63,16,23.59,SBb,,
NGC1100,G,1.64,0.76,60,23.48,Sa,,
NGC1101,G,1.33,1.05,100,23.36,S0,,
NGC1102,G,0.89,0.58,90,23.48,SABa,,
NGC1103,G,2.22,0.63,47,23.21,SBb,,
NGC1104,G,1.04,0.62,150,23.34,Sa,,
NGC1105,G,0.97,0.83,66,23.59,Sb,,
NGC1106,G,1.82,1.82,35,23.71,S0,,
NGC1107,G,1.88,1.56,140,23.59,S0,,
NGC1108,G,1.04,0.77,85,23.52,E-S0,,
NGC1109,G,0.81,0.67,116,23.68,E,,
NGC1110,G,2.37,0.46,11,23.71,SBm,,
NGC1111,G,0.66,0.32,10,23.70,S0-a,,
NGC1112,G,0.99,0.71,11,23.27,Sc,,
NGC1114,G,2.15,0.81,7,22.77,Sc,,
NGC1115,G,0.91,0.26,7,23.98,S0,,
NGC1116,G,1.20,0.40,26,23.81,Sab,,
NGC1117,G,0.70,0.52,4,23.20,E,,
NGC1118,G,1.97,0.63,92,24.38,S0,,
NGC1119,G,0.48,0.37,172,22.20,S0,,
NGC1120,G,1.79,0.97,43,24.61,E-S0,,
NGC1121,G,0.95,0.34,10,22.21,S0,,
NGC1122,G,1.35,0.64,32,22.11,SABb,,
NGC1124,G,1.10,0.74,2,23.74,S0-a,,
NGC1125,G,1.51,0.66,54,22.88,S0-a,,
NGC1126,G,0.95,0.23,139,23.16,Sb,,
NGC1127,G,0.69,0.49,36,23.73,SBab,,
NGC1128,GPair,0.80,,,,,,
NGC1128,G,0.55,0.55,,,E-S0,,
NGC1128,G,0.76,0.76,,22.12,E,,
NGC1129,G,2.82,1.07,77,24.66,E,,
NGC1130,G,0.69,0.41,36,23.75,E,,
NGC1131,G,0.54,0.46,105,,E,,
NGC1132,G,1.91,0.71,142,23.50,E,,
NGC1133,G,0.97,0.71,71,23.33,SBa,,
NGC1134,G,2.21,0.76,147,23.01,Sb,,
NGC1135,G,0.71,0.42,59,23.62,Scd,,
NGC1136,G,1.44,1.19,77,23.18,Sa,,
NGC1137,G,1.10,0.61,16,22.30,Sb,,
NGC1138,G,1.73,1.49,95,23.95,S0,,
NGC1139,G,1.02,0.35,43,24.27,S0-a,,
NGC1140,G,2.04,1.00,8,22.43,SBm,,
NGC1143,G,1.22,0.68,111,23.56,E,,
NGC1144,G,1.08,0.74,118,22.79,E,,
NGC1145,G,3.36,0.76,61,23.83,Sc,,
NGC1148,G,1.31,0.68,75,23.65,SBcd,,
NGC1149,G,0.71,0.51,122,23.11,E-S0,,
NGC1150,G,1.06,0.70,64,23.87,S0,,
NGC1151,G,0.55,0.45,54,23.62,E,,
NGC1152,G,1.30,0.76,5,23.59,S0,,
NGC1153,G,1.23,0.85,53,22.80,S0-a,,
NGC1154,G,1.02,0.59,90,22.25,Sc,,
NGC1155,G,1.10,0.87,75,23.15,S0,,
NGC1156,G,2.96,2.34,28,22.96,IB,,
NGC1157,G,0.72,0.32,171,23.09,Sb,,
NGC1158,G,0.95,0.61,147,24.32,S0,,
NGC1159,G,0.48,0.40,115,21.19,Sc,,
NGC1160,G,2.38,1.10,51,23.47,SBc,,
NGC1161,G,2.69,1.84,23,23.00,S0,,
NGC1162,G,1.59,1.47,50,23.69,E,,
NGC1163,G,2.26,0.36,144,23.88,SBbc,,
NGC1164,G,1.18,0.93,132,23.52,Sab,,
NGC1165,G,2.31,0.50,114,23.71,SBa,,
NGC1166,G,0.98,0.80,75,23.77,Sab,,
NGC1167,G,1.82,1.38,70,23.50,S0,,
NGC1168,G,0.98,0.38,24,23.42,SABb,,
NGC1169,G,3.31,1.95,39,23.32,Sb,,
NGC1171,G,1.77,0.81,147,22.83,Sc,,
NGC1172,G,2.28,1.64,30,23.40,E,,
NGC1174,G,3.58,1.43,121,23.13,SBc,,
NGC1175,G,1.76,0.55,154,23.71,S0-a,,
NGC1177,G,0.60,0.60,105,23.46,E,,
NGC1179,G,3.67,2.51,38,23.90,Sc,,
NGC1180,G,0.66,0.40,8,23.70,E-S0,,
NGC1181,G,0.86,0.20,101,23.73,Sb,,
NGC1182,G,0.82,0.39,116,22.80,Sa,,
NGC1184,G,3.54,0.87,169,24.25,S0-a,,
NGC1185,G,1.36,0.40,30,23.09,SBb,,
NGC1187,G,4.14,3.02,129,22.93,Sc,,
NGC1188,G,1.21,0.56,171,23.80,S0,,
NGC1189,G,1.42,0.47,179,22.96,Sd,,
NGC1190,G,0.76,0.29,98,23.24,S0-a,,
NGC1191,G,0.76,0.56,61,23.42,E-S0,,
NGC1192,G,0.80,0.40,105,23.71,E,,
NGC1193,OCl,2.40,,,,,,
NGC1194,G,1.55,0.77,139,23.50,S0-a,,
NGC1195,G,0.64,0.53,84,22.97,E-S0,,
NGC1196,G,1.54,1.41,100,23.81,S0,,
NGC1198,G,2.05,1.00,117,24.37,E,,
NGC1199,G,2.83,2.32,48,23.51,E,,
NGC1200,G,2.91,1.88,84,24.65,E-S0,,
NGC1201,G,3.41,1.96,8,23.08,E-S0,,
NGC1202,G,0.65,0.53,113,22.87,Sb,,
NGC1203,GPair,1.13,,,,,,
NGC1203,G,0.83,0.42,15,23.71,E,,
NGC1203,G,0.58,0.58,6,,E,,
NGC1204,G,1.52,0.54,62,23.67,S0-a,,
NGC1206,G,0.75,0.65,42,23.91,E,,
NGC1207,G,1.68,1.18,131,23.28,Sb,,
NGC1208,G,2.19,1.24,73,23.63,S0-a,,
NGC1209,G,2.25,0.94,83,22.91,E,,
NGC1210,G,1.16,0.68,118,22.58,S0,,
NGC1211,G,1.49,0.95,163,22.78,S0-a,,
NGC1212,G,0.89,0.47,21,24.17,S0-a,,
NGC1213,G,0.94,0.76,14,24.08,Sd,,
NGC1214,G,1.58,0.42,42,24.58,S0-a,,
NGC1215,G,1.67,1.21,50,24.63,Sab,,
NGC1216,G,0.90,0.22,67,24.23,S0-a,,
NGC1217,G,1.88,1.30,32,23.36,Sa,,
NGC1218,G,1.35,1.06,155,23.29,S0-a,,
NGC1219,G,1.18,1.04,42,22.80,Sc,,
NGC1220,OCl,2.40,,,,,,
NGC1221,G,1.46,0.53,168,24.01,S0-a,,
NGC1222,G,1.57,0.95,153,22.84,E-S0,,
NGC1223,G,1.34,1.29,175,23.44,E,,
NGC1224,G,1.36,1.03,180,24.58,E-S0,,
NGC1225,G,1.24,0.60,153,23.44,Sbc,,
NGC1226,G,1.23,0.94,103,23.73,E,,
NGC1227,G,0.66,0.44,77,23.48,S0-a,,
NGC1228,G,1.52,0.71,77,23.92,S0,,
NGC1229,G,1.02,0.60,75,23.26,SBbc,,
NGC1230,G,0.69,0.22,110,23.36,S0,,
NGC1231,G,0.98,0.84,90,23.49,Sc,,
NGC1232,G,6.79,5.77,101,23.33,SABc,,
NGC1232,G,0.85,0.79,2,23.60,SBm,,
NGC1233,G,1.51,0.46,29,22.84,Sb,,
NGC1234,G,1.58,0.82,119,24.27,Sc,,
NGC1236,G,0.66,0.48,30,23.64,E,,
NGC1238,G,1.53,1.20,109,24.06,E,,
NGC1239,G,1.23,0.81,59,23.78,S0,,
NGC1241,G,2.70,1.50,149,23.44,SBb,,
NGC1242,G,1.06,0.54,134,22.63,SBc,,
NGC1244,G,1.44,0.36,2,22.69,Sab,,
NGC1245,OCl,11.40,,,,,,
NGC1246,G,1.42,0.76,36,23.50,E,,
NGC1247,G,3.55,0.52,70,23.57,Sbc,,
NGC1248,G,1.21,1.06,96,22.70,S0,,
NGC1249,G,3.64,1.44,83,22.94,SBc,,
NGC1250,G,2.33,0.80,158,24.48,S0,,
NGC1252,OCl,7.20,,,,,,
NGC1253,G,4.57,1.86,85,23.53,SABc,,
NGC1253,G,1.01,0.66,90,22.62,SBm,,
NGC1254,G,0.98,0.77,12,23.93,E-S0,,
NGC1255,G,4.05,2.24,118,22.91,SABb,,
NGC1256,G,1.13,0.41,107,23.44,E-S0,,
NGC1258,G,1.41,1.04,20,23.11,SABc,,
NGC1259,G,0.95,0.68,81,23.84,E-S0,,
NGC1260,G,1.29,0.50,86,23.42,S0-a,,
NGC1261,GCl,5.10,,,,,,
NGC1262,G,0.95,0.80,153,23.47,SABc,,
NGC1263,G,0.86,0.76,70,23.39,S0-a,,
NGC1264,G,1.00,0.89,59,23.76,SBab,,
NGC1265,G,1.90,1.63,165,23.30,E,,
NGC1266,G,1.48,0.99,103,23.90,S0,,
NGC1267,G,1.12,0.86,57,23.20,E,,
NGC1268,G,0.96,0.49,118,23.12,SABb,,
NGC1269,G,11.17,9.93,156,23.36,S0-a,,
NGC1270,G,1.05,0.97,0,23.21,E,,
NGC1271,G,0.81,0.51,123,23.38,S0,,
NGC1272,G,2.55,1.25,76,23.81,E,,
NGC1273,G,0.89,0.70,135,,S0,,
NGC1274,G,0.78,0.49,44,23.41,E,,
NGC1275,G,2.16,1.45,110,23.00,S0,,Perseus A
NGC1277,G,0.97,0.67,96,23.29,S0-a,,
NGC1278,G,1.43,1.30,90,23.25,E,,
NGC1279,G,0.58,0.39,15,24.76,S0,,
NGC1280,G,0.92,0.69,62,22.42,Sc,,
NGC1281,G,0.78,0.42,68,22.81,E,,
NGC1282,G,1.39,1.07,27,23.45,E,,
NGC1283,G,0.93,0.79,68,23.47,E,,
NGC1284,G,1.87,1.22,15,24.43,S0,,
NGC1285,G,1.59,0.88,8,22.89,Sb,,
NGC1286,G,0.98,0.79,154,23.33,S0,,
NGC1287,G,0.76,0.68,40,22.89,Sa,,
NGC1288,G,2.32,1.71,178,23.17,SABc,,
NGC1289,G,1.75,1.00,97,23.42,S0,,
NGC1290,G,0.71,0.52,83,23.41,,,
NGC1292,G,2.93,1.20,9,23.17,Sc,,
NGC1293,G,0.86,0.86,0,23.06,E,,
NGC1294,G,1.38,1.09,167,23.77,E-S0,,
NGC1295,G,0.99,0.53,175,23.66,S0-a,,
NGC1296,G,0.90,0.45,2,23.23,SBab,,
NGC1297,G,2.40,2.01,6,23.74,E-S0,,
NGC1298,G,1.04,0.92,68,23.84,E,,
NGC1299,G,1.21,0.67,49,22.51,SBb,,
NGC1300,G,5.96,3.06,101,23.30,Sbc,,
NGC1301,G,2.38,0.51,141,23.59,SBbc,,
NGC1302,G,4.27,3.90,170,23.46,S0-a,,
NGC1303,G,1.12,0.80,20,23.65,S0,,
NGC1304,G,1.33,0.70,59,23.87,E-S0,,
NGC1305,G,1.33,0.94,117,22.28,E-S0,,
NGC1306,G,1.10,0.64,159,22.51,Sb,,
NGC1308,G,1.15,0.86,88,23.70,S0-a,,
NGC1309,G,2.39,2.24,175,22.54,Sbc,,
NGC1310,G,2.11,1.58,98,22.69,Sc,,
NGC1311,G,3.20,0.78,37,23.41,SBm,,
NGC1313,G,11.07,9.14,27,23.44,SBcd,,
NGC1313,G,1.25,0.33,30,23.04,SBb,,
NGC1314,G,1.47,1.30,51,24.26,Scd,,
NGC1315,G,1.62,1.35,161,23.40,S0-a,,
NGC1316,G,13.46,7.71,50,23.77,S0,,Fornax A
NGC1316,G,1.04,0.58,63,23.07,Sb,,
NGC1316,G,0.66,0.33,8,22.47,Sb,,
NGC1316,G,1.47,0.64,84,23.79,S0-a,,
NGC1317,G,3.10,2.58,69,22.96,SABa,,Fornax B
NGC1319,G,1.46,0.71,29,23.45,S0,,
NGC1320,G,1.86,0.68,137,23.01,Sa,,
NGC1321,G,0.97,0.71,88,22.73,Sa,,
NGC1322,G,1.12,0.80,98,23.42,E-S0,,
NGC1323,G,0.71,0.29,91,23.92,S0,,
NGC1324,G,2.37,0.69,141,23.28,Sb,,
NGC1325,G,4.32,1.50,53,23.36,SBbc,,
NGC1325,G,1.90,1.78,90,23.48,Scd,,
NGC1326,G,4.28,2.93,67,23.26,S0-a,,
NGC1326,G,2.10,1.34,62,23.99,Sm,,
NGC1326,G,3.87,1.88,130,24.72,SBm,,
NGC1327,G,1.14,0.40,175,23.72,SBb,,
NGC1328,G,0.98,0.69,108,23.57,S0,,
NGC1329,G,1.58,1.27,33,23.11,Sa,,
NGC1331,G,0.92,0.79,11,22.97,E,,
NGC1332,G,5.31,3.84,121,23.55,E-S0,,
NGC1333,Cl+N,19.50,,,,,,
NGC1334,G,1.24,0.51,118,23.48,Sbc,,
NGC1335,G,0.90,0.50,168,23.96,E-S0,,
NGC1336,G,1.97,1.41,15,23.36,E-S0,,
NGC1337,G,4.94,1.31,153,23.54,SBc,,
NGC1338,G,1.31,1.24,165,23.06,SABb,,
NGC1339,G,2.01,1.47,172,22.89,E,,
NGC1340,G,5.12,3.12,167,23.60,E,,
NGC1341,G,1.42,1.07,121,22.28,Sa,,
NGC1342,OCl,6.30,,,,,,
NGC1343,G,2.38,1.06,79,23.71,SABb,,
NGC1345,G,1.34,1.10,30,23.54,Sc,,
NGC1346,G,1.44,0.54,84,22.75,Sb,,
NGC1347,GPair,1.80,,,,,,
NGC1347,G,0.98,0.93,81,23.14,Sc,,
NGC1347,G,0.56,0.38,42,23.69,,,
NGC1348,OCl,3.60,,,,,,
NGC1349,G,0.91,0.91,40,22.77,S0,,
NGC1350,G,5.18,2.60,11,23.06,Sab,,
NGC1351,G,3.40,2.20,139,23.82,E-S0,,
NGC1351,G,2.49,0.65,129,23.50,SBbc,,
NGC1352,G,1.15,0.75,128,23.32,S0,,
NGC1353,G,3.64,1.47,138,23.25,Sb,,
NGC1354,G,2.62,0.97,148,23.88,S0-a,,
NGC1355,G,1.73,0.31,77,23.95,S0,,
NGC1356,G,1.17,1.02,167,22.81,Sbc,,
NGC1357,G,3.37,2.55,76,23.60,Sab,,
NGC1358,G,2.13,1.17,125,23.42,S0-a,,
NGC1359,G,1.46,1.21,109,22.11,Sm,,
NGC1360,PN,6.42,,,,,,
NGC1361,G,1.24,0.84,44,23.77,E-S0,,
NGC1362,G,1.30,1.17,20,23.10,S0,,
NGC1363,G,0.90,0.76,90,,Sbc,,
NGC1364,G,0.57,0.51,127,22.78,Scd,,
NGC1365,G,12.02,6.14,20,24.01,Sb,,
NGC1366,G,2.05,0.94,4,23.04,S0,,
NGC1367,G,4.88,3.26,134,23.57,Sa,,
NGC1368,G,1.15,0.49,119,24.11,S0-a,,
NGC1369,G,2.22,1.73,9,24.02,S0-a,,
NGC1370,G,1.49,0.85,50,23.24,E,,
NGC1372,G,0.70,0.65,50,23.39,E,,
NGC1373,G,1.20,1.14,110,23.38,E,,
NGC1374,G,2.86,2.65,120,23.16,E,,
NGC1375,G,2.28,1.00,90,23.65,S0,,
NGC1376,G,1.86,1.79,30,22.95,Sc,,
NGC1377,G,2.07,0.95,92,23.77,S0,,
NGC1379,G,2.66,2.55,65,22.84,E,,
NGC1380,G,4.58,2.22,6,22.90,S0,,
NGC1380,G,2.76,0.78,176,24.15,S0,,
NGC1381,G,2.54,0.96,139,23.12,S0,,
NGC1382,G,1.99,1.36,23,24.02,E-S0,,
NGC1383,G,2.00,0.82,85,23.67,S0,,
NGC1384,G,0.76,0.46,151,23.40,SBc,,
NGC1385,G,3.40,2.13,3,22.46,Sc,,
NGC1386,G,3.59,1.35,25,23.50,S0-a,,
NGC1387,G,3.01,2.89,110,22.92,E-S0,,
NGC1388,G,0.85,0.80,150,23.36,E,,
NGC1389,G,2.58,1.43,28,23.19,E-S0,,
NGC1390,G,1.45,0.51,21,24.09,S0-a,,
NGC1391,G,1.21,0.61,65,23.49,S0,,
NGC1392,G,0.30,0.21,35,22.78,Sc,,
NGC1393,G,1.88,1.22,161,23.11,S0,,
NGC1394,G,1.51,0.59,5,23.40,S0,,
NGC1395,G,4.71,3.97,105,22.83,E,,
NGC1396,G,0.92,0.54,90,23.34,E-S0,,
NGC1397,G,0.96,0.68,172,23.19,S0-a,,
NGC1398,G,6.95,4.91,100,23.28,SBab,,
NGC1399,G,8.51,7.69,150,23.95,E,,
NGC1400,G,2.81,2.52,43,23.05,E,,
NGC1401,G,2.45,0.90,132,23.72,S0,,
NGC1402,G,0.87,0.83,90,22.77,S0,,
NGC1403,G,1.52,1.34,165,23.30,E-S0,,
NGC1404,G,5.01,4.38,163,23.26,E,,
NGC1405,G,1.60,0.45,152,24.70,S0,,
NGC1406,G,4.50,0.90,17,23.20,SBbc,,
NGC1407,G,5.73,5.27,60,23.36,E,,
NGC1409,G,0.82,0.64,130,23.19,S0,,
NGC1410,G,1.17,0.62,99,24.28,E,,
NGC1411,G,2.45,1.76,12,22.86,E-S0,,
NGC1412,G,1.06,0.45,133,22.57,S0,,
NGC1413,G,0.90,0.77,52,23.89,E,,
NGC1414,G,1.71,0.36,170,23.43,SBbc,,
NGC1415,G,3.74,1.51,141,23.94,S0-a,,
NGC1416,G,1.50,1.01,172,23.89,E,,
NGC1417,G,2.52,1.35,2,23.10,SABb,,
NGC1418,G,1.14,0.65,7,23.05,SBb,,
NGC1419,G,1.48,1.32,45,23.21,E,,
NGC1421,G,3.55,0.75,180,22.32,Sbc,,
NGC1422,G,2.51,0.61,63,23.92,SBab,,
NGC1423,G,1.00,0.66,16,23.26,SABa,,
NGC1424,G,1.39,0.49,7,23.04,SABb,,
NGC1425,G,4.91,2.15,130,22.92,Sb,,
NGC1426,G,2.86,1.92,112,23.40,E,,
NGC1427,G,4.33,2.87,78,23.80,E,,
NGC1427,G,2.26,1.42,84,23.50,IB,,
NGC1428,G,1.48,0.73,123,23.39,E-S0,,
NGC1431,G,0.91,0.67,160,24.10,S0-a,,
NGC1432,HII,60.00,40.00,,,,,Maia Nebula
NGC1433,G,6.19,2.96,95,23.12,SBa,,
NGC1434,G,0.79,0.48,163,23.53,S0-a,,
NGC1435,Neb,30.00,30.00,,,,,Merope Nebula
NGC1436,G,2.97,2.08,152,23.33,Sab,,
NGC1437,G,2.87,0.86,2,23.80,Sd,,
NGC1438,G,2.04,0.93,67,23.17,Sa,,
NGC1439,G,2.96,2.83,10,23.52,E,,
NGC1440,G,2.62,1.99,23,23.48,S0,,
NGC1441,G,1.85,0.65,89,23.26,SBb,,
NGC1444,OCl,3.60,,,,,,
NGC1445,G,0.77,0.62,106,23.19,S0,,
NGC1447,G,0.86,0.58,115,24.23,S0,,
NGC1448,G,8.02,1.53,41,23.27,Sc,,
NGC1449,G,0.90,0.52,5,23.00,S0,,
NGC1450,G,0.91,0.73,28,23.65,E-S0,,
NGC1451,G,0.81,0.65,45,22.66,E-S0,,
NGC1452,G,2.39,1.76,30,23.35,S0-a,,
NGC1453,G,2.46,1.87,19,23.39,E,,
NGC1459,G,1.82,1.19,161,23.31,SBbc,,
NGC1460,G,1.92,1.62,85,23.64,S0,,
NGC1461,G,2.90,0.85,157,23.80,S0,,
NGC1462,G,0.86,0.49,40,23.19,Sc,,
NGC1463,G,1.26,1.09,25,23.41,Sa,,
NGC1464,G,0.81,0.59,44,22.74,Scd,,
NGC1465,G,2.01,0.44,165,24.73,S0-a,,
NGC1466,GCl,3.50,3.50,,,,,
NGC1467,G,1.23,0.67,63,24.23,S0-a,,
NGC1468,G,1.22,0.85,140,23.99,E-S0,,
NGC1469,G,2.17,1.22,150,24.72,E-S0,,
NGC1470,G,1.61,0.39,166,23.53,Sab,,
NGC1472,G,0.68,0.62,110,23.61,S0,,
NGC1473,G,1.53,0.82,45,22.54,IB,,
NGC1474,G,1.04,0.70,5,23.63,Sa,,
NGC1475,G,0.65,0.59,105,23.83,,,
NGC1476,G,1.50,0.54,85,23.12,Sa,,
NGC1477,G,0.77,0.68,52,24.00,E,,
NGC1478,G,0.64,0.44,43,23.82,S0,,
NGC1481,G,1.04,0.78,132,23.37,E-S0,,
NGC1482,G,2.46,1.43,107,23.73,S0-a,,
NGC1483,G,1.87,1.51,153,23.12,SBbc,,
NGC1484,G,2.73,0.68,79,23.66,SBb,,
NGC1485,G,2.23,0.69,21,23.11,Sb,,
NGC1486,G,0.91,0.62,6,23.34,SABb,,
NGC1487,GPair,4.40,,,,,,
NGC1487,G,2.34,2.04,96,22.34,I,,
NGC1487,G,3.72,1.70,91,23.22,S?,,
NGC1489,G,1.69,0.60,19,23.75,SBb,,
NGC1490,G,1.39,1.19,131,23.22,E,,
NGC1491,HII,9.00,6.00,,,,,
NGC1492,G,0.77,0.61,14,22.34,Sa,,
NGC1493,G,3.44,3.18,80,23.19,SBc,,
NGC1494,G,3.51,1.86,180,23.17,Scd,,
NGC1495,G,2.22,0.48,104,22.58,Sc,,
NGC1496,OCl,2.10,,,,,,
NGC1497,G,1.23,0.65,63,23.69,S0,,
NGC1498,OCl,,,,,,,
NGC1499,Neb,160.00,40.00,,,,,California Nebula
NGC1500,G,1.49,1.13,88,24.52,E,,
NGC1501,PN,0.87,,,,,,
NGC1502,OCl,10.20,,,,,,
NGC1503,G,0.96,0.74,141,23.05,S0-a,,
NGC1504,G,0.79,0.70,40,23.64,E-S0,,
NGC1505,G,1.20,0.86,69,23.75,S0,,
NGC1506,G,1.59,0.98,82,23.92,E-S0,,
NGC1507,G,3.78,0.79,12,23.08,SBd,,
NGC1508,G,0.60,0.44,25,22.83,E?,,
NGC1509,G,0.79,0.63,55,22.73,Sa,,
NGC1510,G,1.32,1.13,103,22.82,S0,,
NGC1511,G,3.66,1.47,123,22.91,Sab,,
NGC1511,G,1.85,0.41,108,23.61,SBab,,
NGC1511,G,1.39,0.25,97,23.25,SBcd,,
NGC1512,G,8.43,4.02,63,24.11,Sa,,
NGC1513,OCl,5.10,,,,,,
NGC1514,PN,2.20,,,,,,
NGC1515,G,5.50,1.26,20,23.25,SABb,,
NGC1515,G,0.93,0.49,55,23.50,SBb,,
NGC1516,GPair,1.66,,,,,,
NGC1516,G,0.90,0.55,130,22.47,SABb,,
NGC1516,G,1.26,1.26,90,,Sc,,
NGC1517,G,0.97,0.81,160,22.78,Sc,,
NGC1518,G,3.47,1.30,30,22.80,SBd,,
NGC1519,G,2.47,0.90,107,23.60,SBb,,
NGC1520,OCl,5.40,,,,,,
NGC1521,G,3.25,2.02,9,23.82,E,,
NGC1522,G,1.22,0.87,39,23.14,S0,,
NGC1526,G,0.86,0.56,36,22.67,SABb,,
NGC1527,G,4.58,1.79,78,23.68,E-S0,,
NGC1528,OCl,9.60,,,,,,
NGC1529,G,0.71,0.33,164,22.51,S0,,
NGC1530,G,1.82,1.04,130,22.14,SBb,,
NGC1530,G,1.48,1.35,100,22.77,SABb,,
NGC1531,G,1.50,0.90,123,22.46,E-S0,,
NGC1532,G,11.27,3.09,33,23.78,SBb,,
NGC1533,G,3.27,2.04,149,23.08,E-S0,,
NGC1534,G,1.66,1.04,76,23.42,S0-a,,
NGC1535,PN,0.85,,,,,,
NGC1536,G,1.67,1.21,157,23.11,SBc,,
NGC1537,G,4.35,2.76,102,23.50,E,,
NGC1538,G,0.66,0.45,108,23.68,S0-a,,
NGC1539,G,0.97,0.74,45,,E,,
NGC1540,G,0.77,0.49,150,23.79,Sa,,
NGC1540,G,0.56,0.38,50,21.92,Sa,,
NGC1541,G,1.38,0.49,77,23.92,S0-a,,
NGC1542,G,1.22,0.40,128,23.53,Sab,,
NGC1543,G,3.66,0.86,94,22.94,S0,,
NGC1544,G,1.13,0.87,121,23.04,S0-a,,
NGC1545,OCl,4.20,,,,,,
NGC1546,G,3.72,2.50,143,23.59,S0-a,,
NGC1547,G,1.40,0.58,131,23.17,Sbc,,
NGC1548,OCl,3.60,,,,,,
NGC1549,G,5.09,4.35,138,23.08,E,,
NGC1550,G,1.73,1.54,28,23.23,E,,
NGC1552,G,1.79,1.29,104,24.25,S0-a,,
NGC1553,G,6.25,4.29,150,22.99,S0,,
NGC1555,RfN,1.82,1.35,74,,,,Hind's Nebula/Hind's Variable Nebula
NGC1556,G,1.53,0.58,167,22.50,Sb,,
NGC1557,OCl,7.20,,,,,,
NGC1558,G,3.05,0.95,72,23.50,Sbc,,
NGC1559,G,4.19,2.18,63,22.32,SBc,,
NGC1560,G,8.30,1.68,21,24.08,Scd,,
NGC1561,G,1.37,0.78,167,24.15,E-S0,,
NGC1562,G,0.92,0.69,80,23.73,S0,,
NGC1563,G,0.49,0.44,74,23.00,,,
NGC1564,G,0.73,0.56,33,23.64,S0,,
NGC1565,G,1.02,0.89,86,23.36,Sc,,
NGC1566,G,7.23,5.00,45,23.03,SABb,,
NGC1567,G,1.53,1.31,159,23.24,E,,
NGC1568,G,1.46,0.99,139,24.28,S0-a,,
NGC1569,G,3.91,2.16,119,22.96,IB,,
NGC1570,G,2.15,1.36,180,23.68,E,,
NGC1572,G,1.37,0.93,160,22.53,SBa,,
NGC1573,G,1.95,1.32,35,23.17,E,,
NGC1574,G,4.13,2.32,2,23.10,E-S0,,
NGC1575,G,1.52,1.16,115,22.86,SABb,,
NGC1576,G,1.49,0.88,102,23.93,E-S0,,
NGC1578,G,1.21,0.89,165,22.89,Sa,,
NGC1579,Cl+N,10.20,,,,,,
NGC1580,G,1.03,0.66,121,22.80,Sbc,,
NGC1581,G,2.08,0.81,82,23.84,E-S0,,
NGC1582,OCl,7.80,,,,,,
NGC1583,G,1.04,0.90,95,23.63,E,,
NGC1584,G,0.95,0.76,122,23.62,E-S0,,
NGC1585,G,0.85,0.63,168,22.51,Sc,,
NGC1586,G,1.68,0.85,154,23.44,SBbc,,
NGC1587,G,2.08,1.48,73,23.17,E,,
NGC1588,G,1.26,0.70,167,23.22,E,,
NGC1589,G,3.06,0.98,160,23.28,Sab,,
NGC1590,G,0.90,0.80,110,22.89,Sc,,
NGC1591,G,1.39,0.83,29,22.82,SBab,,
NGC1592,G,1.02,0.61,97,22.75,I,,
NGC1593,G,1.36,0.57,129,24.11,S0,,
NGC1594,G,1.67,1.18,89,23.31,Sbc,,
NGC1595,G,1.50,1.09,12,23.40,E,,
NGC1596,G,3.87,1.02,19,23.59,S0,,
NGC1597,G,1.02,0.79,93,23.70,E-S0,,
NGC1598,G,1.40,0.73,133,22.75,SBc,,
NGC1599,G,0.82,0.77,40,22.35,SBc,,
NGC1600,G,3.33,2.02,5,23.39,E,,
NGC1601,G,0.94,0.73,89,23.43,S0,,
NGC1602,G,1.87,0.99,88,22.94,SBm,,
NGC1603,G,0.88,0.57,57,23.17,S0,,
NGC1604,G,1.35,0.78,69,24.01,S0,,
NGC1605,OCl,3.30,,,,,,
NGC1606,G,0.57,0.49,94,23.73,S0-a,,
NGC1607,G,1.33,0.51,66,,S0-a,,
NGC1609,G,1.24,0.78,103,23.73,S0-a,,
NGC1610,G,1.10,0.70,156,24.37,Sab,,
NGC1611,G,1.80,0.48,99,24.29,S0-a,,
NGC1612,G,1.36,0.94,138,24.12,S0-a,,
NGC1613,G,1.14,0.69,28,23.66,S0-a,,
NGC1614,G,1.26,0.95,20,22.62,SBc,,
NGC1615,G,1.36,0.71,107,21.37,E-S0,,
NGC1616,G,1.91,1.03,33,22.99,SABb,,
NGC1617,G,5.24,2.50,112,23.17,SBa,,
NGC1618,G,2.14,0.71,22,23.13,Sb,,
NGC1620,G,3.48,0.91,23,23.27,SABc,,
NGC1621,G,1.34,0.91,98,24.13,E,,
NGC1622,G,2.86,0.52,29,23.52,SABa,,
NGC1623,G,0.78,0.42,16,24.70,S0-a,,
NGC1624,Cl+N,3.00,,,,,,
NGC1625,G,2.56,0.57,130,22.86,SBb,,
NGC1627,G,1.65,1.37,150,23.20,Sc,,
NGC1628,G,1.91,0.43,6,23.39,Sb,,
NGC1629,GCl,1.70,1.70,,,,,
NGC1630,G,0.78,0.59,138,23.36,S0-a,,
NGC1631,G,1.33,0.89,54,23.49,S0-a,,
NGC1632,G,0.73,0.36,43,23.38,S0-a,,
NGC1633,G,1.09,0.90,5,23.34,SABa,,
NGC1634,G,0.67,0.46,167,22.95,E,,
NGC1635,G,1.53,1.37,175,23.04,S0-a,,
NGC1636,G,1.24,0.97,175,22.98,Sab,,
NGC1637,G,3.18,2.74,16,22.68,Sc,,
NGC1638,G,2.08,1.26,67,23.43,S0,,
NGC1640,G,2.72,2.60,50,23.30,Sb,,
NGC1641,OCl,9.60,,,,,,
NGC1642,G,1.66,1.43,151,23.04,Sc,,
NGC1643,G,1.24,0.81,7,22.94,SBbc,,
NGC1644,GCl,1.80,1.50,150,,,,
NGC1645,G,2.18,0.83,89,24.41,S0-a,,
NGC1646,G,1.49,0.81,155,24.21,E-S0,,
NGC1647,OCl,27.00,,,,,,
NGC1648,G,0.84,0.53,179,23.83,S0,,
NGC1649,GCl,1.50,1.50,0,,,,
NGC1650,G,2.40,1.13,168,23.93,E,,
NGC1651,GCl,2.70,2.70,,,,,
NGC1653,G,1.79,1.68,175,23.06,E,,
NGC1654,G,0.85,0.79,5,22.80,SBa,,
NGC1656,G,1.74,0.96,109,24.23,S0-a,,
NGC1657,G,1.15,0.85,154,23.70,SABb,,
NGC1658,G,1.02,0.60,125,22.69,Sbc,,
NGC1659,G,1.50,0.94,51,22.46,Sbc,,
NGC1660,G,1.14,0.62,31,23.53,Sa,,
NGC1661,G,1.15,0.82,36,23.13,Sbc,,
NGC1662,OCl,13.80,,,,,,
NGC1663,OCl,7.20,,,,,,
NGC1664,OCl,11.40,,,,,,
NGC1665,G,1.79,1.07,56,23.85,S0,,
NGC1666,G,1.35,1.26,160,23.05,S0-a,,
NGC1667,G,1.89,1.47,3,22.68,SABc,,
NGC1668,G,1.58,1.04,97,23.52,E-S0,,
NGC1669,G,0.73,0.40,101,22.74,Sa,,
NGC1670,G,1.61,0.78,68,23.85,S0,,
NGC1671,G,1.34,0.98,127,23.27,S0,,
NGC1672,G,6.14,5.46,95,22.93,Sb,,
NGC1673,OCl,1.00,0.95,40,,,,
NGC1676,OCl,1.10,1.00,40,,,,
NGC1677,G,1.21,0.37,140,24.06,S0,,
NGC1678,G,1.28,0.78,76,23.52,S0,,
NGC1679,G,3.07,2.23,151,23.54,SBm,,
NGC1680,G,1.33,0.54,102,23.10,SBbc,,
NGC1681,G,1.19,0.95,80,22.65,Sb,,
NGC1682,G,0.98,0.80,120,23.23,E-S0,,
NGC1683,G,0.86,0.34,163,23.78,Sa,,
NGC1684,G,2.55,1.66,95,23.88,E,,
NGC1685,G,1.23,0.63,131,24.07,S0-a,,
NGC1686,G,1.85,0.35,27,23.34,Sbc,,
NGC1687,G,1.35,0.53,43,23.55,Sab,,
NGC1688,G,2.47,1.67,166,22.47,SBc,,
NGC1690,G,1.07,0.90,85,23.84,E,,
NGC1691,G,1.54,1.47,30,22.78,S0-a,,
NGC1692,G,1.38,1.21,173,23.48,S0,,
NGC1693,GCl,1.10,1.00,10,,,,
NGC1694,G,1.18,0.73,31,23.75,S0-a,,
NGC1695,GCl,1.40,1.30,100,,,,
NGC1696,OCl,1.10,1.10,,,,,
NGC1697,GCl,2.30,2.30,,,,,
NGC1698,GCl,1.50,1.40,70,,,,
NGC1699,G,1.03,0.74,166,,Sb,,
NGC1700,G,3.11,1.98,87,23.34,E,,
NGC1701,G,1.24,0.94,136,22.65,Sb,,
NGC1702,OCl,1.20,1.20,,,,,
NGC1703,G,2.68,2.51,25,22.85,SBb,,
NGC1704,OCl,1.70,1.60,70,,,,
NGC1705,G,1.87,1.44,53,22.89,E-S0,,
NGC1706,G,1.43,0.97,129,22.84,Sab,,
NGC1708,OCl,6.00,,,,,,
NGC1709,G,0.93,0.69,46,23.59,S0,,
NGC1710,G,1.61,1.26,19,24.00,E-S0,,
NGC1711,GCl,3.50,3.30,40,,,,
NGC1712,*Ass,4.00,3.00,20,,,,
NGC1713,G,1.33,1.10,40,23.36,E,,
NGC1714,Cl+N,1.10,1.10,,,,,
NGC1715,EmN,1.10,1.00,130,,,,
NGC1716,G,1.32,1.12,20,23.15,Sbc,,
NGC1717,G,0.95,0.54,162,24.04,SBa,,
NGC1718,OCl,1.80,1.80,,,,,
NGC1719,G,1.09,0.38,101,22.91,Sa,,
NGC1720,G,1.96,1.22,85,,SBab,,
NGC1721,G,1.58,0.83,130,23.52,S0,,
NGC1722,Cl+N,2.50,2.10,170,,,,
NGC1723,G,3.03,1.88,68,,Sa,,
NGC1724,OCl,3.00,,,,,,
NGC1725,G,1.39,1.30,15,23.29,E-S0,,
NGC1726,G,2.90,1.82,1,23.71,S0,,
NGC1727,Cl+N,2.80,2.00,90,,,,
NGC1728,G,1.24,0.80,179,,Sa,,
NGC1729,G,1.81,1.46,9,,Sc,,
NGC1730,G,2.28,0.96,100,23.34,Sa,,
NGC1731,*Ass,4.80,4.50,90,,,,
NGC1732,OCl,1.10,1.00,50,,,,
NGC1733,OCl,1.50,1.40,20,,,,
NGC1734,OCl,1.20,1.10,50,,,,
NGC1735,OCl,1.80,1.50,140,,,,
NGC1736,EmN,1.90,1.40,170,,,,
NGC1737,HII,1.10,0.95,110,,,,
NGC1738,G,1.35,0.81,36,22.70,SBbc,,
NGC1739,G,1.50,0.72,104,23.23,SBbc,,
NGC1740,G,1.79,1.10,68,23.87,E-S0,,
NGC1741,G,1.21,0.62,65,24.08,Sm,,
NGC1741,G,0.93,0.46,42,23.19,Scd,,
NGC1743,Neb,0.95,0.85,130,,,,
NGC1744,G,5.28,1.99,169,23.23,SBcd,,
NGC1745,Neb,1.20,1.10,90,,,,
NGC1746,OCl,18.00,,,,,,
NGC1747,OCl,4.40,4.40,,,,,
NGC1748,Neb,0.90,0.80,100,,,,
NGC1749,OCl,1.50,1.30,50,,,,
NGC1750,OCl,,,,,,,
NGC1751,GCl,1.60,1.50,60,,,,
NGC1752,G,2.95,0.83,79,23.36,Sc,,
NGC1753,G,1.32,0.42,180,23.57,SBa,,
NGC1754,GCl,1.60,1.60,,,,,
NGC1755,GCl,2.20,1.90,130,,,,
NGC1756,GCl,1.40,1.30,130,,,,
NGC1758,OCl,,,,,,,
NGC1759,G,1.95,1.48,148,24.38,E,,
NGC1760,HII,5.10,2.10,80,,,,
NGC1761,*Ass,4.20,3.00,110,,,,
NGC1762,G,1.75,1.12,177,22.93,Sc,,
NGC1763,Cl+N,5.20,3.60,70,,,,
NGC1764,OCl,1.10,1.10,,,,,
NGC1765,G,1.18,0.96,129,23.18,E,,
NGC1766,OCl,1.00,0.90,30,,,,
NGC1767,OCl,1.30,1.20,30,,,,
NGC1768,OCl,0.65,0.55,50,,,,
NGC1769,EmN,4.10,2.60,60,,,,
NGC1770,Cl+N,4.10,4.10,,,,,
NGC1771,G,1.95,0.59,134,23.40,SABc,,
NGC1772,OCl,1.50,1.40,30,,,,
NGC1773,Neb,2.70,2.10,30,,,,
NGC1774,OCl,1.70,1.50,60,,,,
NGC1775,OCl,1.00,0.90,80,,,,
NGC1776,OCl,1.30,1.20,40,,,,
NGC1777,GCl,2.40,2.40,,,,,
NGC1778,OCl,4.50,,,,,,
NGC1779,G,2.67,1.19,112,23.75,S0-a,,
NGC1780,G,0.92,0.53,86,23.28,S0,,
NGC1781,G,1.27,1.10,76,23.01,S0,,
NGC1782,OCl,1.20,1.10,110,,,,
NGC1783,GCl,5.30,4.70,60,,,,
NGC1784,G,4.00,1.79,96,23.54,Sc,,
NGC1785,*Ass,2.00,1.20,130,,,,
NGC1786,GCl,2.00,2.00,,,,,
NGC1787,OCl,24.00,14.00,140,,,,
NGC1788,RfN,2.00,2.00,,,,,
NGC1789,GCl,1.80,1.80,,,,,
NGC1790,OCl,,,,,,,
NGC1791,OCl,1.20,1.00,30,,,,
NGC1792,G,5.52,2.76,136,22.68,Sbc,,
NGC1793,OCl,1.30,1.10,130,,,,
NGC1795,OCl,1.40,1.30,170,,,,
NGC1796,G,1.93,0.96,101,22.44,SBc,,
NGC1796,G,1.28,0.50,151,23.61,Sab,,
NGC1796,G,1.12,0.25,25,23.65,Sbc,,
NGC1797,G,1.19,0.77,60,23.32,SBa,,
NGC1798,OCl,5.40,,,,,,
NGC1799,G,1.25,0.57,105,,S0,,
NGC1800,G,1.55,1.16,112,22.55,S?,,
NGC1801,GCl,2.20,1.90,160,,,,
NGC1802,OCl,4.80,,,,,,
NGC1803,G,0.93,0.58,61,21.62,SBbc,,
NGC1804,OCl,0.95,0.85,170,,,,
NGC1805,GCl,1.80,1.60,80,,,,
NGC1806,GCl,2.50,2.50,,,,,
NGC1807,OCl,5.40,,,,,,
NGC1808,G,5.42,1.83,135,22.74,Sa,,
NGC1809,G,3.74,1.44,143,24.02,Sc,,
NGC1810,OCl,1.20,1.10,30,,,,
NGC1811,G,1.73,0.42,60,23.75,Sa,,
NGC1812,G,1.27,0.86,7,22.77,Sa,,
NGC1813,OCl,0.95,0.90,140,,,,
NGC1814,Cl+N,1.20,1.10,10,,,,
NGC1815,OCl,1.20,1.00,60,,,,
NGC1816,OCl,0.90,0.75,0,,,,
NGC1817,OCl,9.30,,,,,,
NGC1818,GCl,3.10,2.70,130,,,,
NGC1819,G,1.53,1.05,117,23.34,S0,,
NGC1820,OCl,7.00,5.40,20,,,,
NGC1821,G,1.26,0.86,95,22.82,I,,
NGC1822,OCl,1.20,1.00,100,,,,
NGC1823,OCl,1.00,0.90,10,,,,
NGC1824,G,2.14,0.83,164,22.57,SBm,,
NGC1825,OCl,1.00,0.90,40,,,,
NGC1826,OCl,1.20,1.10,60,,,,
NGC1827,G,3.24,0.65,120,23.21,Sc,,
NGC1828,OCl,1.20,1.10,170,,,,
NGC1829,Cl+N,1.80,1.60,20,,,,
NGC1830,OCl,1.30,1.20,60,,,,
NGC1831,GCl,3.80,3.20,170,,,,
NGC1832,G,2.46,0.94,13,21.60,Sbc,,
NGC1833,Cl+N,1.60,1.10,60,,,,
NGC1834,OCl,0.95,0.85,100,,,,
NGC1835,GCl,2.30,2.00,80,,,,
NGC1836,OCl,1.50,1.40,50,,,,
NGC1837,OCl,1.90,1.50,10,,,,
NGC1838,OCl,1.30,1.20,20,,,,
NGC1839,OCl,1.60,1.60,,,,,
NGC1840,OCl,0.80,0.70,80,,,,
NGC1841,GCl,4.00,4.00,,,,,
NGC1842,OCl,1.50,1.50,,,,,
NGC1843,G,1.80,1.42,123,23.09,SABc,,
NGC1844,OCl,1.60,1.60,,,,,
NGC1845,*Ass,8.90,5.60,30,,,,
NGC1846,GCl,3.80,3.80,,,,,
NGC1847,OCl,1.80,1.60,0,,,,
NGC1848,OCl,2.20,2.00,140,,,,
NGC1849,OCl,1.50,1.50,,,,,
NGC1850,GCl,3.00,3.00,,,,,
NGC1851,GCl,9.00,,,,,,
NGC1852,GCl,1.90,1.90,,,,,
NGC1853,G,1.53,0.52,39,22.47,SBcd,,
NGC1854,GCl,2.30,2.30,,,,,
NGC1855,*Ass,,,,,,,
NGC1856,GCl,2.70,2.40,90,,,,
NGC1857,OCl,4.50,,,,,,
NGC1858,Cl+N,4.40,2.60,170,,,,
NGC1859,OCl,1.50,1.50,,,,,
NGC1860,OCl,1.10,1.10,,,,,
NGC1861,OCl,1.50,1.50,,,,,
NGC1862,OCl,0.90,0.75,10,,,,
NGC1863,OCl,1.40,1.20,50,,,,
NGC1864,OCl,1.10,0.95,110,,,,
NGC1865,OCl,1.40,1.40,,,,,
NGC1866,GCl,5.50,5.50,,,,,
NGC1867,OCl,1.50,1.40,120,,,,
NGC1868,GCl,2.70,2.70,90,,,,
NGC1869,Cl+N,2.00,1.40,100,,,,
NGC1870,GCl,1.10,1.00,10,,,,
NGC1871,Cl+N,2.30,1.60,60,,,,
NGC1872,GCl,1.70,1.70,,,,,
NGC1873,Cl+N,2.80,2.20,120,,,,
NGC1874,Cl+N,1.40,1.10,100,,,,
NGC1875,G,0.79,0.69,47,23.00,E,,
NGC1876,Cl+N,1.50,1.50,,,,,
NGC1877,Neb,1.10,0.60,130,,,,
NGC1878,OCl,1.10,1.00,50,,,,
NGC1879,G,2.42,1.67,60,23.51,SBm,,
NGC1880,HII,1.20,1.00,140,,,,
NGC1881,OCl,1.20,0.85,160,,,,
NGC1882,OCl,1.60,1.40,20,,,,
NGC1883,OCl,5.70,,,,,,
NGC1885,OCl,1.40,1.20,130,,,,
NGC1886,G,3.22,0.35,61,23.52,Sbc,,
NGC1887,OCl,1.50,1.50,,,,,
NGC1888,G,3.32,1.31,148,23.36,SBc,,
NGC1889,G,0.63,0.37,165,21.90,E,,
NGC1890,OCl,1.10,1.00,70,,,,
NGC1891,OCl,,,,,,,
NGC1892,G,3.37,1.02,75,23.21,Sc,,
NGC1893,OCl,6.00,,,,,,
NGC1894,OCl,1.40,1.20,60,,,,
NGC1895,Neb,1.40,1.30,40,,,,
NGC1896,OCl,3.90,,,,,,
NGC1897,OCl,1.10,1.00,170,,,,
NGC1898,OCl,1.60,1.60,,,,,
NGC1899,HII,1.10,1.00,20,,,,
NGC1900,OCl,1.80,1.60,100,,,,
NGC1901,OCl,11.10,,,,,,
NGC1902,OCl,1.70,1.70,,,,,
NGC1903,GCl,1.90,1.90,,,,,
NGC1904,GCl,7.20,,,,,079,
NGC1905,OCl,0.95,0.95,,,,,
NGC1906,G,1.03,0.74,154,,Sc,,
NGC1907,OCl,5.40,,,,,,
NGC1909,RfN,180.00,60.00,,,,,the Witch Head Nebula
NGC1910,Cl+N,3.60,2.80,120,,,,
NGC1911,OCl,0.60,0.60,,,,,
NGC1912,OCl,9.60,,,,,038,
NGC1913,OCl,1.30,1.10,150,,,,
NGC1914,Cl+N,1.50,1.20,150,,,,
NGC1915,*Ass,0.60,0.55,140,,,,
NGC1916,GCl,2.10,2.10,,,,,
NGC1917,GCl,1.70,1.70,,,,,
NGC1918,SNR,3.90,1.70,120,,,,
NGC1919,Neb,1.40,1.20,50,,,,
NGC1920,HII,1.20,1.10,100,,,,
NGC1921,OCl,1.00,0.90,20,,,,
NGC1922,OCl,1.00,0.90,30,,,,
NGC1923,Cl+N,0.95,0.85,80,,,,
NGC1924,G,1.60,1.15,133,22.76,SBbc,,
NGC1925,*Ass,6.00,6.00,,,,,
NGC1926,GCl,1.40,1.20,120,,,,
NGC1928,OCl,1.30,1.30,,,,,
NGC1929,OCl,1.20,1.10,90,,,,
NGC1930,G,1.97,1.18,36,23.56,E-S0,,
NGC1931,Cl+N,4.80,,,,,,
NGC1933,OCl,1.30,1.30,,,,,
NGC1934,Cl+N,1.90,1.30,150,,,,
NGC1935,HII,1.20,1.20,,,,,
NGC1936,EmN,1.00,1.00,,,,,
NGC1937,*Ass,3.20,2.00,70,,,,
NGC1938,GCl,0.90,0.80,90,,,,
NGC1939,GCl,1.40,1.30,80,,,,
NGC1940,GCl,1.20,1.20,,,,,
NGC1941,Cl+N,0.90,0.80,100,,,,
NGC1942,OCl,1.90,1.90,,,,,
NGC1943,GCl,1.10,1.00,140,,,,
NGC1944,GCl,2.70,2.70,,,,,
NGC1945,EmN,10.00,6.00,60,,,,
NGC1946,OCl,1.00,0.90,130,,,,
NGC1947,G,3.48,3.18,89,23.11,E-S0,,
NGC1948,Cl+N,7.00,5.70,30,,,,
NGC1949,Neb,0.95,0.90,100,,,,
NGC1950,OCl,1.70,1.70,,,,,
NGC1951,OCl,1.70,1.50,20,,,,
NGC1952,SNR,8.00,4.00,,,,001,Crab Nebula
NGC1953,GCl,1.20,1.20,,,,,
NGC1954,G,3.62,1.86,149,23.56,Sbc,,
NGC1955,HII,4.00,3.60,20,,,,
NGC1956,G,1.75,0.95,64,23.68,Sa,,
NGC1957,G,0.87,0.82,65,23.28,E-S0,,
NGC1958,GCl,1.50,1.50,,,,,
NGC1959,OCl,1.60,1.60,,,,,
NGC1960,OCl,7.20,,,,,036,
NGC1961,G,4.42,3.10,85,23.47,SABb,,
NGC1962,OCl,1.40,1.40,,,,,
NGC1963,OCl,6.30,,,,,,
NGC1964,G,5.16,2.33,31,23.25,SABb,,
NGC1965,OCl,1.20,1.10,,,,,
NGC1966,OCl,1.10,1.00,30,,,,
NGC1967,OCl,0.95,0.90,100,,,,
NGC1968,*Ass,5.00,2.70,70,,,,
NGC1969,OCl,1.20,1.20,,,,,
NGC1970,OCl,1.50,1.50,,,,,
NGC1971,OCl,1.10,0.95,0,,,,
NGC1972,OCl,0.90,0.80,100,,,,
NGC1973,Neb,5.00,5.00,,,,,
NGC1974,OCl,1.60,1.60,,,,,
NGC1975,Neb,10.00,5.00,,,,,
NGC1976,Cl+N,90.00,60.00,,,,042,Great Orion Nebula/Orion Nebula
NGC1977,Cl+N,10.20,,,,,,the Running Man Nebula
NGC1978,GCl,4.00,2.70,160,,,,
NGC1979,G,1.88,1.81,145,23.04,E-S0,,
NGC1980,Cl+N,9.30,,,,,,Lower Sword
NGC1981,Cl+N,9.00,,,,,,Upper Sword
NGC1982,HII,20.00,15.00,,,,043,Mairan's Nebula
NGC1983,OCl,4.00,3.00,150,,,,
NGC1984,OCl,1.50,1.20,60,,,,
NGC1985,RfN,0.68,0.68,,,,,
NGC1986,GCl,2.80,2.40,140,,,,
NGC1987,GCl,1.70,1.70,90,,,,
NGC1989,G,1.72,1.18,93,24.00,E-S0,,
NGC1992,G,1.22,0.69,51,23.65,S0-a,,
NGC1993,G,1.58,0.87,77,23.33,E-S0,,
NGC1994,OCl,1.60,1.50,170,,,,
NGC1996,OCl,6.00,,,,,,
NGC1997,OCl,1.80,1.80,,,,,
NGC1998,G,0.95,0.47,16,23.75,S0-a,,
NGC1999,RfN,2.00,2.00,,,,,
NGC2000,OCl,1.60,1.50,150,,,,
NGC2001,*Ass,7.30,3.60,40,,,,
NGC2002,GCl,1.90,1.70,20,,,,
NGC2003,GCl,1.70,1.40,70,,,,
NGC2004,GCl,3.00,2.80,90,,,,
NGC2005,GCl,1.60,1.60,,,,,
NGC2006,*Ass,1.60,1.40,140,,,,
NGC2007,G,1.53,0.51,81,23.63,SBc,,
NGC2008,G,1.23,0.62,95,23.27,Sc,,
NGC2009,OCl,1.40,1.20,10,,,,
NGC2010,OCl,1.90,1.70,170,,,,
NGC2011,OCl,1.00,1.00,,,,,
NGC2012,G,1.29,0.76,113,23.29,E-S0,,
NGC2013,OCl,,,,,,,
NGC2014,Neb,5.10,3.50,60,,,,
NGC2015,*Ass,4.70,4.00,110,,,,
NGC2016,OCl,1.80,1.80,,,,,
NGC2017,OCl,5.00,,,,,,
NGC2018,HII,2.80,1.70,170,,,,
NGC2019,GCl,1.50,1.50,,,,,
NGC2020,EmN,3.20,2.90,50,,,,
NGC2021,OCl,0.90,0.90,,,,,
NGC2022,PN,0.32,,,,,,
NGC2023,RfN,10.00,8.00,,,,,
NGC2024,Neb,30.00,30.00,,,,,
NGC2025,OCl,1.90,1.90,,,,,
NGC2026,OCl,4.20,,,,,,
NGC2027,OCl,4.60,2.80,100,,,,
NGC2028,OCl,1.10,1.00,60,,,,
NGC2029,OCl,1.10,0.85,60,,,,
NGC2030,HII,1.70,1.70,,,,,
NGC2031,GCl,3.30,2.80,150,,,,
NGC2032,HII,2.80,1.40,30,,,,
NGC2033,*Ass,5.90,4.60,10,,,,
NGC2034,*Ass,4.50,3.20,,,,,
NGC2035,Neb,1.80,1.30,20,,,,
NGC2036,OCl,1.60,1.60,,,,,
NGC2037,OCl,2.90,1.30,170,,,,
NGC2038,OCl,1.60,1.50,120,,,,
NGC2040,Neb,2.10,1.70,160,,,,
NGC2041,GCl,2.60,2.60,,,,,
NGC2042,OCl,4.50,4.50,,,,,
NGC2043,OCl,0.65,0.55,120,,,,
NGC2044,*Ass,5.50,4.50,100,,,,
NGC2046,OCl,1.10,1.00,110,,,,
NGC2047,OCl,0.95,0.90,90,,,,
NGC2048,EmN,1.40,1.00,100,,,,
NGC2049,G,2.14,0.97,167,23.70,Sa,,
NGC2050,*Ass,3.00,2.40,70,,,,
NGC2051,OCl,1.50,1.50,,,,,
NGC2052,Neb,18.00,12.00,,,,,
NGC2053,OCl,1.50,1.30,10,,,,
NGC2055,*Ass,1.90,1.30,120,,,,
NGC2056,OCl,1.50,1.50,,,,,
NGC2057,OCl,1.30,1.20,20,,,,
NGC2058,OCl,2.10,2.10,,,,,
NGC2059,OCl,1.10,1.00,170,,,,
NGC2060,SNR,2.20,2.00,160,,,,
NGC2061,OCl,,,,,,,
NGC2062,OCl,1.20,1.10,20,,,,
NGC2064,RfN,10.00,10.00,,,,,
NGC2065,OCl,2.30,2.30,,,,,
NGC2066,OCl,1.00,0.90,140,,,,
NGC2067,RfN,8.00,3.00,,,,,
NGC2068,RfN,4.50,,,,,078,
NGC2069,Neb,5.00,2.20,30,,,,
NGC2070,HII,16.00,16.00,,,,,30 Dor Cluster/Tarantula Nebula
NGC2071,Cl+N,7.00,5.00,,,,,
NGC2072,OCl,1.00,0.90,110,,,,
NGC2073,G,1.44,1.38,110,23.00,E-S0,,
NGC2074,Cl+N,4.00,3.40,50,,,,
NGC2075,Cl+N,2.20,1.80,30,,,,
NGC2076,G,2.52,1.50,44,24.63,S0-a,,
NGC2077,Neb,1.30,1.30,,,,,
NGC2078,EmN,1.20,1.10,0,,,,
NGC2079,HII,1.10,0.95,160,,,,
NGC2080,HII,1.70,1.50,130,,,,
NGC2081,Cl+N,8.50,6.00,70,,,,
NGC2082,G,2.06,1.86,50,22.97,SBb,,
NGC2083,Neb,2.00,1.80,70,,,,
NGC2084,Neb,1.70,1.20,40,,,,
NGC2085,Neb,0.95,0.95,,,,,
NGC2086,Neb,0.85,0.80,70,,,,
NGC2087,G,0.81,0.59,133,22.81,SBa,,
NGC2088,OCl,1.50,1.40,10,,,,
NGC2089,G,2.20,1.08,42,23.45,E-S0,,
NGC2090,G,4.47,1.67,17,22.69,Sc,,
NGC2091,OCl,1.30,1.20,80,,,,
NGC2092,OCl,1.00,0.90,90,,,,
NGC2093,*Ass,1.50,1.30,170,,,,
NGC2094,OCl,0.85,0.75,10,,,,
NGC2095,OCl,1.50,1.40,140,,,,
NGC2096,OCl,1.10,0.90,160,,,,
NGC2097,GCl,1.90,1.90,,,,,
NGC2098,OCl,2.20,2.00,140,,,,
NGC2099,OCl,11.40,,,,,037,
NGC2100,GCl,2.50,2.50,,,,,
NGC2101,G,1.24,0.65,94,22.48,IB,,
NGC2102,OCl,0.85,0.85,,,,,
NGC2103,HII,4.00,3.50,40,,,,
NGC2104,G,2.12,0.91,162,22.83,SBm,,
NGC2105,GCl,1.70,1.50,160,,,,
NGC2106,G,2.43,1.22,106,23.77,S0,,
NGC2107,OCl,1.70,1.70,,,,,
NGC2108,GCl,1.80,1.80,,,,,
NGC2109,OCl,1.60,1.60,,,,,
NGC2110,G,1.83,1.45,175,23.56,E-S0,,
NGC2111,OCl,1.50,1.40,60,,,,
NGC2112,OCl,21.00,,,,,,
NGC2113,Cl+N,1.10,1.10,,,,,
NGC2114,OCl,1.40,1.20,30,,,,
NGC2115,GPair,1.33,,,,,,
NGC2115,G,1.21,1.06,59,23.45,E,,
NGC2115,G,0.57,0.47,43,23.56,S0-a,,
NGC2116,OCl,1.20,1.10,160,,,,
NGC2117,OCl,2.00,1.80,90,,,,
NGC2118,OCl,1.60,1.60,,,,,
NGC2119,G,1.26,0.99,145,24.36,E,,
NGC2120,GCl,2.20,2.20,,,,,
NGC2121,GCl,2.70,2.20,30,,,,
NGC2122,Cl+N,6.00,5.00,50,,,,
NGC2123,GCl,1.50,1.50,,,,,
NGC2124,G,2.84,0.81,4,23.58,Sb,,
NGC2125,OCl,1.10,1.10,,,,,
NGC2126,OCl,5.40,,,,,,
NGC2127,OCl,1.50,1.50,,,,,
NGC2128,G,1.44,1.01,63,23.17,E-S0,,
NGC2129,OCl,3.90,,,,,,
NGC2130,GCl,1.40,1.30,160,,,,
NGC2131,G,1.16,0.49,119,22.89,IB,,
NGC2132,OCl,7.80,,,,,,
NGC2133,OCl,1.60,1.60,,,,,
NGC2134,GCl,2.80,2.80,,,,,
NGC2135,GCl,1.50,1.50,,,,,
NGC2136,GCl,2.80,2.50,140,,,,
NGC2137,OCl,1.10,1.00,30,,,,
NGC2138,GCl,1.20,1.20,,,,,
NGC2139,G,2.94,2.16,124,22.80,Sc,,
NGC2140,OCl,1.50,1.50,,,,,
NGC2141,OCl,5.40,,,,,,
NGC2143,OCl,6.90,,,,,,
NGC2144,G,1.46,1.15,86,23.32,Sa,,
NGC2145,OCl,1.50,1.50,,,,,
NGC2146,G,5.31,4.32,123,22.76,SBab,,
NGC2146,G,2.72,1.10,32,23.68,SABc,,
NGC2147,OCl,0.95,0.95,,,,,
NGC2148,G,1.17,0.82,157,23.35,Sb,,
NGC2149,RfN,3.00,2.00,,,,,
NGC2150,G,1.15,0.61,130,22.30,Sab,,
NGC2151,OCl,1.30,1.30,,,,,
NGC2152,G,1.12,0.77,71,23.48,SBa,,
NGC2153,GCl,1.50,1.50,,,,,
NGC2154,GCl,2.40,2.40,,,,,
NGC2155,GCl,2.40,2.40,,,,,
NGC2156,GCl,2.10,2.10,,,,,
NGC2157,GCl,2.80,2.80,,,,,
NGC2158,OCl,8.40,,,,,,
NGC2159,GCl,1.90,1.90,,,,,
NGC2160,OCl,1.40,1.40,,,,,
NGC2161,GCl,2.30,2.30,,,,,
NGC2162,GCl,3.00,3.00,,,,,
NGC2163,RfN,3.00,2.00,,,,,
NGC2164,GCl,2.80,2.80,,,,,
NGC2165,OCl,,,,,,,
NGC2166,OCl,1.40,1.40,,,,,
NGC2168,OCl,24.00,,,,,035,
NGC2169,OCl,7.20,,,,,,
NGC2170,RfN,2.00,2.00,,,,,
NGC2172,OCl,1.70,1.70,,,,,
NGC2173,GCl,2.60,2.60,,,,,
NGC2174,Neb,40.00,30.00,,,,,Monkey Head Nebula
NGC2175,Cl+N,5.40,,,,,,
NGC2176,OCl,1.10,1.00,20,,,,
NGC2177,OCl,1.50,1.40,160,,,,
NGC2178,G,1.27,1.00,73,23.07,E,,
NGC2179,G,1.99,1.44,165,23.39,S0-a,,
NGC2180,OCl,4.20,,,,,,
NGC2181,GCl,1.50,1.50,,,,,
NGC2182,RfN,3.00,2.00,,,,,
NGC2183,HII,12.00,,,,,,
NGC2184,OCl,6.60,,,,,,
NGC2185,Neb,2.00,2.00,,,,,
NGC2186,OCl,4.20,,,,,,
NGC2187,GPair,3.33,,,,,,
NGC2187,G,3.52,1.66,75,24.34,S0-a,,
NGC2187,G,2.67,2.18,87,24.28,E,,
NGC2188,G,5.42,1.33,177,23.26,SBm,,
NGC2190,GCl,2.20,2.20,,,,,
NGC2191,G,1.77,0.86,122,23.16,S0,,
NGC2192,OCl,5.40,,,,,,
NGC2193,GCl,1.70,1.70,,,,,
NGC2194,OCl,8.70,,,,,,
NGC2196,G,2.77,2.16,45,22.78,Sa,,
NGC2197,GCl,1.80,1.60,80,,,,
NGC2199,G,2.21,0.88,38,23.77,Sa,,
NGC2200,G,1.21,0.94,168,23.74,SBc,,
NGC2201,G,1.03,0.72,111,22.86,SABb,,
NGC2202,OCl,4.80,,,,,,
NGC2203,GCl,3.20,3.20,,,,,
NGC2204,OCl,6.30,,,,,,
NGC2205,G,1.30,0.99,77,23.05,E-S0,,
NGC2206,G,2.45,1.07,136,22.96,Sbc,,
NGC2207,G,4.86,2.71,116,23.84,SABc,,
NGC2208,G,1.73,1.00,107,23.91,S0,,
NGC2209,GCl,2.90,2.90,,,,,
NGC2210,GCl,3.30,3.30,,,,,
NGC2211,G,1.39,0.73,24,23.12,S0,,
NGC2212,G,1.28,0.69,147,23.80,S0-a,,
NGC2213,OCl,2.10,2.10,,,,,
NGC2214,OCl,3.10,3.10,,,,,
NGC2215,OCl,8.40,,,,,,
NGC2216,G,1.43,1.11,20,23.00,SABa,,
NGC2217,G,4.63,4.12,113,23.69,S0-a,,
NGC2219,OCl,4.20,,,,,,
NGC2221,G,2.41,0.51,179,23.83,Sa,,
NGC2222,G,1.35,0.38,148,23.07,SBa,,
NGC2223,G,2.82,2.25,9,23.36,Sbc,,
NGC2225,OCl,3.60,,,,,,
NGC2226,OCl,,,,,,,
NGC2227,G,2.27,1.21,21,22.86,Sc,,
NGC2228,G,0.99,0.84,42,23.32,S0,,
NGC2229,G,1.24,0.52,132,23.59,S0-a,,
NGC2230,G,1.32,0.65,93,23.53,E,,
NGC2231,GCl,2.10,2.10,,,,,
NGC2232,OCl,9.90,,,,,,
NGC2233,G,0.98,0.37,43,23.68,E,,
NGC2234,OCl,4.20,,,,,,
NGC2235,G,1.41,1.15,57,23.61,E,,
NGC2236,OCl,5.40,,,,,,
NGC2237,Neb,80.00,50.00,,,,,Rosette A
NGC2238,HII,80.00,60.00,,,,,Rosette Nebula
NGC2239,Cl+N,9.30,,,,,,
NGC2240,OCl,3.60,,,,,,
NGC2241,OCl,1.60,1.60,,,,,
NGC2242,PN,0.45,,,,,,
NGC2243,OCl,5.10,,,,,,
NGC2245,RfN,2.00,2.00,,,,,
NGC2246,Neb,10.00,10.00,90,,,,Rosette B
NGC2247,RfN,2.00,2.00,,,,,
NGC2249,GCl,2.30,2.30,,,,,
NGC2250,OCl,5.10,,,,,,
NGC2251,OCl,5.70,,,,,,
NGC2252,OCl,6.60,,,,,,
NGC2253,G,1.43,1.05,130,22.38,Sc,,
NGC2254,OCl,4.20,,,,,,
NGC2255,G,1.47,0.78,159,23.20,Sc,,
NGC2256,G,2.17,1.97,65,24.38,E-S0,,
NGC2257,GCl,4.00,4.00,,,,,
NGC2258,G,3.02,1.91,150,24.13,S0,,
NGC2259,OCl,6.00,,,,,,
NGC2260,OCl,,,,,,,
NGC2261,RfN,2.00,1.00,,,,,Hubble's Nebula
NGC2262,OCl,3.90,,,,,,
NGC2263,G,2.86,1.77,144,23.58,SBab,,
NGC2264,Cl+N,11.40,,,,,,Christmas Tree Cluster
NGC2265,OCl,4.50,,,,,,
NGC2266,OCl,4.20,,,,,,
NGC2267,G,1.71,1.44,110,23.16,S0,,
NGC2268,G,2.14,0.93,73,22.02,Sbc,,
NGC2269,OCl,4.80,,,,,,
NGC2270,OCl,5.40,,,,,,
NGC2271,G,1.77,1.29,78,23.18,E-S0,,
NGC2272,G,2.19,1.54,118,23.31,E-S0,,
NGC2273,G,2.29,1.39,63,22.93,Sa,,
NGC2273,G,2.00,1.19,119,23.25,SABc,,
NGC2273,G,1.48,0.61,47,22.24,Sc,,
NGC2274,G,1.78,1.77,170,23.65,E,,
NGC2275,G,2.51,0.78,3,24.07,Sa,,
NGC2276,G,2.23,1.73,19,22.26,SABc,,
NGC2280,G,6.53,2.84,164,23.17,Sc,,
NGC2281,OCl,10.80,,,,,,
NGC2282,HII,3.00,3.00,,,,,
NGC2283,G,2.76,2.01,178,23.62,Sc,,
NGC2286,OCl,5.40,,,,,,
NGC2287,OCl,12.00,,,,,041,
NGC2288,G,0.17,0.17,105,20.22,,,
NGC2289,G,1.21,0.81,110,23.39,S0,,
NGC2290,G,0.81,0.52,57,22.07,Sa,,
NGC2291,G,0.93,0.89,165,22.84,S0,,
NGC2292,G,4.34,3.78,154,23.76,S0,,
NGC2293,G,4.41,3.44,130,24.17,S0-a,,
NGC2294,G,0.91,0.33,5,23.49,E,,
NGC2295,G,2.31,0.64,49,23.44,Sab,,
NGC2296,G,1.20,0.96,20,22.77,E,,
NGC2297,G,1.48,0.90,4,22.62,Sbc,,
NGC2298,GCl,4.80,,,,,,
NGC2299,OCl,4.80,,,,,,
NGC2300,G,3.05,2.34,74,23.33,E-S0,,
NGC2301,OCl,10.20,,,,,,Great Bird Cluster
NGC2303,G,1.53,1.36,71,23.73,E,,
NGC2304,OCl,4.80,,,,,,
NGC2305,G,1.94,1.04,137,23.02,E,,
NGC2306,OCl,6.60,,,,,,
NGC2307,G,1.85,1.72,145,22.98,SBb,,
NGC2308,G,1.47,0.98,171,23.68,Sab,,
NGC2309,OCl,5.40,,,,,,
NGC2310,G,4.52,0.95,46,23.85,S0,,
NGC2311,OCl,6.00,,,,,,
NGC2312,OCl,3.00,,,,,,
NGC2314,G,1.32,1.03,17,22.58,E,,
NGC2315,G,1.57,0.30,116,23.78,S0-a,,
NGC2316,Neb,4.00,3.00,,,,,
NGC2317,Neb,,,,,,,
NGC2318,OCl,4.50,,,,,,
NGC2319,OCl,6.00,,,,,,
NGC2320,G,1.48,0.83,138,22.61,E,,
NGC2321,G,1.28,1.04,128,23.99,Sa,,
NGC2322,G,1.11,0.41,134,23.07,SBa,,
NGC2323,OCl,14.10,,,,,050,
NGC2324,OCl,8.70,,,,,,
NGC2325,G,3.97,2.31,4,24.13,E,,
NGC2326,G,2.05,1.69,105,24.08,Sb,,
NGC2326,G,0.81,0.64,6,23.53,Sm,,
NGC2327,RfN,1.00,1.00,,,,,
NGC2328,G,1.59,1.44,120,22.94,E-S0,,
NGC2329,G,1.41,1.17,175,23.04,E-S0,,
NGC2330,G,0.65,0.52,55,23.67,E,,
NGC2331,OCl,4.80,,,,,,
NGC2332,G,1.72,1.17,65,23.80,S0,,
NGC2333,G,1.00,0.70,38,22.61,Sa,,
NGC2334,G,1.20,0.87,70,23.69,S0,,
NGC2335,OCl,8.70,,,,,,
NGC2336,G,5.01,2.81,175,22.98,Sbc,,
NGC2337,G,2.18,1.61,114,23.33,IB,,
NGC2338,OCl,3.30,,,,,,
NGC2339,G,2.42,1.53,180,22.77,Sbc,,
NGC2340,G,3.16,1.64,71,24.06,E,,
NGC2341,G,0.82,0.79,60,22.17,Sc,,
NGC2342,G,1.17,0.84,66,22.16,Sc,,
NGC2343,OCl,7.50,,,,,,
NGC2344,G,2.07,1.87,145,23.12,SABb,,
NGC2345,OCl,6.90,,,,,,
NGC2346,PN,0.87,,,,,,
NGC2347,G,1.64,1.19,5,22.90,Sb,,
NGC2348,OCl,5.70,,,,,,
NGC2349,OCl,5.10,,,,,,
NGC2350,G,1.38,0.70,110,23.29,S0-a,,
NGC2351,OCl,3.00,,,,,,
NGC2352,OCl,4.80,,,,,,
NGC2353,OCl,6.60,,,,,,
NGC2354,OCl,4.80,,,,,,
NGC2355,OCl,6.00,,,,,,
NGC2357,G,3.22,0.48,120,24.15,Sc,,
NGC2358,OCl,9.60,,,,,,
NGC2359,HII,10.00,5.00,,,,,
NGC2360,OCl,9.00,,,,,,Caroline's Cluster
NGC2361,Neb,,,,,,,
NGC2362,OCl,7.20,,,,,,
NGC2363,G,1.13,0.64,17,24.18,I,,
NGC2364,OCl,,,,,,,
NGC2365,G,2.75,1.47,170,24.15,Sa,,
NGC2366,G,4.37,1.44,31,22.52,IB,,
NGC2367,OCl,5.40,,,,,,
NGC2368,OCl,4.50,,,,,,
NGC2369,G,3.03,0.68,175,23.68,Sa,,
NGC2369,G,2.01,1.21,37,23.48,SABb,,
NGC2369,G,1.48,1.24,3,24.56,SBbc,,
NGC2370,G,1.20,0.70,44,22.99,SABb,,
NGC2371,PN,2.20,0.96,125,,,,
NGC2373,G,0.59,0.42,176,21.89,Sb,,
NGC2374,OCl,9.00,,,,,,
NGC2375,G,1.00,0.80,65,23.45,Sb,,
NGC2376,G,0.65,0.57,31,22.54,Scd,,
NGC2377,G,1.60,1.11,3,22.96,Sc,,
NGC2379,G,0.98,0.70,121,23.30,S0,,
NGC2380,G,2.52,2.40,150,23.06,S0,,
NGC2381,G,1.53,1.24,107,23.08,SBa,,
NGC2383,OCl,4.20,,,,,,
NGC2384,OCl,4.80,,,,,,
NGC2385,G,0.94,0.68,53,23.41,Sab,,
NGC2387,G,0.48,0.44,145,22.79,Sbc,,
NGC2388,G,0.87,0.56,66,22.77,Sb,,
NGC2389,G,1.56,0.89,79,22.63,SABc,,
NGC2392,PN,0.86,,,,,,Eskimo Nebula
NGC2393,G,1.07,0.67,103,23.30,Sc,,
NGC2394,OCl,,,,,,,
NGC2395,OCl,4.62,,,,,,
NGC2396,OCl,6.60,,,,,,
NGC2397,G,2.51,0.76,116,22.62,SBb,,
NGC2397,G,1.10,0.84,169,23.51,SBc,,
NGC2397,G,1.20,0.57,99,23.45,IB,,
NGC2398,G,1.20,0.74,126,24.21,E,,
NGC2401,OCl,2.70,,,,,,
NGC2402,GPair,1.50,,,,,,
NGC2402,G,1.23,0.72,55,24.09,Sa,,
NGC2402,G,0.91,0.68,16,23.94,,,
NGC2403,G,19.95,10.07,126,23.48,SABc,,
NGC2404,HII,,,,,,,
NGC2405,G,0.94,0.55,100,23.46,,,
NGC2406,G,0.69,0.61,53,23.39,E,,
NGC2407,G,1.37,0.95,66,24.38,E-S0,,
NGC2408,OCl,,,,,,,
NGC2409,OCl,0.11,,,,,,
NGC2410,G,2.17,0.65,33,23.37,Sb,,
NGC2411,G,1.00,0.65,48,23.20,S0-a,,
NGC2413,OCl,4.80,,,,,,
NGC2414,OCl,5.40,,,,,,
NGC2415,G,0.83,0.83,5,20.89,Sm,,
NGC2416,G,0.87,0.18,95,21.93,Sc,,
NGC2417,G,2.48,1.78,83,23.47,SBbc,,
NGC2418,G,1.59,1.53,65,23.54,E,,
NGC2419,GCl,4.50,,,,,,
NGC2420,OCl,7.50,,,,,,
NGC2421,OCl,5.10,,,,,,
NGC2422,OCl,19.80,,,,,047,
NGC2423,OCl,11.70,,,,,,
NGC2424,G,3.37,0.52,82,23.77,Sb,,
NGC2425,OCl,5.40,,,,,,
NGC2426,G,1.10,1.10,30,23.46,E,,
NGC2427,G,5.74,2.46,122,24.09,SABd,,
NGC2428,OCl,4.50,,,,,,
NGC2429,GPair,2.30,,,,,,
NGC2429,G,1.68,0.31,147,24.23,S0-a,,
NGC2429,G,0.41,0.22,55,,Sbc,,
NGC2430,OCl,4.20,,,,,,
NGC2431,G,0.86,0.78,115,22.86,SBa,,
NGC2432,OCl,5.40,,,,,,
NGC2434,G,2.69,2.20,140,23.35,E,,
NGC2435,G,2.17,0.42,36,23.39,SABa,,
NGC2437,OCl,21.00,,,,,046,
NGC2438,PN,1.07,,,,,,
NGC2439,OCl,8.70,,,,,,
NGC2440,PN,0.27,,,,,,
NGC2441,G,1.98,1.81,155,23.16,SABb,,
NGC2442,G,4.68,3.09,23,23.21,Sbc,,
NGC2444,G,1.07,0.66,35,23.09,S0,,
NGC2445,G,1.86,1.12,167,23.49,Sm,,
NGC2446,G,1.75,0.91,128,23.29,Sb,,
NGC2447,OCl,15.00,,,,,093,
NGC2448,OCl,6.00,,,,,,
NGC2449,G,1.44,0.57,135,23.05,SBab,,
NGC2450,G,0.97,0.30,156,23.07,Sb,,
NGC2451,OCl,37.50,,,,,,
NGC2452,PN,0.32,,,,,,
NGC2453,OCl,3.00,,,,,,
NGC2454,G,1.18,0.51,101,23.49,S0-a,,
NGC2455,OCl,4.50,,,,,,
NGC2456,G,1.15,0.79,30,23.41,E,,
NGC2457,G,0.50,0.26,131,23.05,,,
NGC2458,G,0.46,0.33,145,,E-S0,,
NGC2459,OCl,2.70,,,,,,
NGC2460,G,1.83,1.37,43,22.50,Sab,,
NGC2462,G,0.60,0.35,155,22.52,S0-a,,
NGC2463,G,0.60,0.60,145,22.56,E,,
NGC2466,G,1.51,1.46,45,23.32,Sc,,
NGC2467,Cl+N,4.20,,,,,,
NGC2468,G,1.51,0.52,50,24.33,S0,,
NGC2469,G,0.90,0.64,163,21.39,Sbc,,
NGC2470,G,1.95,0.60,127,23.14,Sab,,
NGC2472,G,0.65,0.56,14,23.35,Sab,,
NGC2473,G,0.52,0.38,80,,,,
NGC2474,G,1.14,1.02,130,23.25,E,,
NGC2475,G,1.07,0.96,68,23.08,E,,
NGC2476,G,1.26,0.68,143,22.89,E,,
NGC2477,OCl,18.60,,,,,,
NGC2479,OCl,6.30,,,,,,
NGC2480,G,1.32,0.51,163,23.47,SBm,,
NGC2481,G,1.40,0.58,19,22.89,S0-a,,
NGC2482,OCl,6.60,,,,,,
NGC2483,OCl,3.30,,,,,,
NGC2484,G,1.69,1.04,141,24.05,S0,,
NGC2485,G,1.57,1.46,5,22.93,Sa,,
NGC2486,G,1.49,0.85,89,23.64,SBa,,
NGC2487,G,1.73,1.39,55,23.15,Sb,,
NGC2488,G,1.45,0.83,100,22.96,E-S0,,
NGC2489,OCl,4.20,,,,,,
NGC2490,G,0.63,0.47,23,22.87,E-S0,,
NGC2491,G,0.69,0.53,78,23.79,,,
NGC2492,G,1.11,0.88,100,22.71,E-S0,,
NGC2493,G,1.87,1.85,30,23.21,S0,,
NGC2494,G,0.97,0.80,89,22.94,S0-a,,
NGC2495,G,0.55,0.32,23,22.68,Sd,,
NGC2496,G,1.86,1.48,173,24.54,E,,
NGC2497,G,1.58,1.36,25,24.22,E,,
NGC2498,G,1.04,0.67,127,22.92,Sa,,
NGC2499,G,0.86,0.60,175,23.03,SABc,,
NGC2500,G,2.47,2.34,15,22.88,Scd,,
NGC2501,G,1.73,1.16,120,24.41,S0,,
NGC2502,G,2.21,1.12,118,23.61,S0,,
NGC2503,G,0.95,0.79,4,23.29,Sbc,,
NGC2504,G,0.62,0.37,126,21.88,SABc,,
NGC2505,G,1.19,0.57,1,23.04,SBa,,
NGC2506,OCl,10.80,,,,,,
NGC2507,G,1.52,1.43,60,23.54,S0-a,,
NGC2508,G,1.95,1.55,126,24.16,E,,
NGC2509,OCl,4.80,,,,,,
NGC2510,G,0.97,0.67,114,23.18,S0,,
NGC2511,G,1.04,0.57,118,23.37,Sab,,
NGC2512,G,1.35,0.78,116,22.89,SBb,,
NGC2513,G,1.91,1.43,153,22.89,E,,
NGC2514,G,1.20,1.13,30,23.10,Sc,,
NGC2516,OCl,24.30,,,,,,
NGC2517,G,1.74,1.49,44,22.80,S0,,
NGC2518,G,1.28,1.04,35,23.40,E-S0,,
NGC2520,OCl,9.30,,,,,,
NGC2521,G,0.96,0.54,35,22.68,E-S0,,
NGC2522,G,1.15,0.33,33,22.82,S0-a,,
NGC2523,G,2.79,1.78,66,23.25,Sbc,,
NGC2523,G,1.11,0.95,80,23.35,Sc,,
NGC2523,G,1.87,0.25,91,23.53,Sb,,
NGC2523,G,1.49,0.87,92,23.96,E,,
NGC2524,G,1.47,1.03,124,23.17,S0-a,,
NGC2525,G,3.08,2.17,71,23.18,Sc,,
NGC2526,G,0.91,0.46,137,22.68,Sab,,
NGC2528,G,1.39,1.24,86,23.00,SABb,,
NGC2530,G,1.40,0.95,171,23.64,Scd,,
NGC2532,G,1.66,1.36,26,22.73,SABc,,
NGC2533,OCl,4.98,,,,,,
NGC2534,G,1.40,1.30,50,23.35,E,,
NGC2535,G,1.93,0.94,62,22.88,SBc,,
NGC2536,G,0.73,0.45,53,22.40,Sc,,
NGC2537,G,2.07,1.96,165,22.54,SBm,,Bear Claw Nebula/Bear-Paw Galaxy
NGC2537,G,0.55,0.50,115,23.73,Sc,,
NGC2538,G,1.58,1.12,30,23.26,SBa,,
NGC2539,OCl,12.30,,,,,,
NGC2540,G,1.24,0.65,123,23.09,Sc,,
NGC2541,G,3.02,1.60,170,22.85,SABc,,
NGC2543,G,2.43,1.13,52,23.20,Sb,,
NGC2544,G,1.53,1.06,67,23.35,Sa,,
NGC2545,G,1.95,1.06,169,23.00,Sab,,
NGC2546,OCl,16.50,,,,,,
NGC2547,OCl,7.80,,,,,,
NGC2548,OCl,28.20,,,,,048,
NGC2549,G,3.63,0.92,179,23.55,S0,,
NGC2550,G,0.95,0.36,105,21.01,Sb,,
NGC2550,G,1.60,1.33,174,23.09,Sc,,
NGC2551,G,1.57,1.09,53,22.69,S0-a,,
NGC2552,G,2.99,1.61,60,23.26,SABm,,
NGC2553,G,1.11,0.67,57,23.32,Sa,,
NGC2554,G,2.04,1.31,154,23.13,S0-a,,
NGC2555,G,1.85,1.39,111,23.28,Sab,,
NGC2556,G,0.62,0.40,126,23.28,E,,
NGC2557,G,1.08,0.87,50,23.15,S0,,
NGC2558,G,1.43,0.92,159,23.12,Sab,,
NGC2559,G,2.81,1.34,7,22.25,SBc,,
NGC2560,G,1.60,0.38,92,23.79,S0-a,,
NGC2561,G,1.06,0.58,142,22.34,SBbc,,
NGC2562,G,1.03,0.79,1,22.73,S0-a,,
NGC2563,G,2.02,1.68,79,23.61,S0,,
NGC2564,G,1.36,0.86,60,24.08,E-S0,,
NGC2565,G,1.67,0.73,166,22.53,Sbc,,
NGC2566,G,3.98,2.75,56,23.30,Sb,,
NGC2567,OCl,6.00,,,,,,
NGC2568,OCl,,,,,,,
NGC2569,G,0.72,0.55,118,23.30,E,,
NGC2570,G,0.70,0.37,71,22.80,Sab,,
NGC2571,OCl,7.20,,,,,,
NGC2572,G,1.22,0.52,135,23.55,SBa,,
NGC2573,G,1.92,0.74,78,23.47,Sc,,Polarissima Australis
NGC2573,G,1.13,0.35,122,23.25,IB,,
NGC2574,G,2.17,1.08,172,23.21,SBab,,
NGC2575,G,1.37,1.08,129,23.05,Sc,,
NGC2576,G,1.61,0.30,40,23.81,SABb,,
NGC2577,G,1.55,0.88,105,23.10,E-S0,,
NGC2578,G,2.19,1.10,83,23.75,S0-a,,
NGC2579,Cl+N,3.30,,,,,,
NGC2580,OCl,3.00,,,,,,
NGC2581,G,0.96,0.70,4,22.97,SABb,,
NGC2582,G,1.19,1.13,135,23.07,Sb,,
NGC2583,G,0.86,0.75,18,22.93,E,,
NGC2584,G,0.99,0.54,179,23.04,SBbc,,
NGC2585,G,1.55,0.57,119,23.47,Sb,,
NGC2587,OCl,6.00,,,,,,
NGC2588,OCl,3.90,,,,,,
NGC2590,G,2.08,0.51,77,23.23,SABb,,
NGC2591,G,2.95,0.64,33,22.73,Sc,,
NGC2592,G,1.47,1.19,47,23.30,E,,
NGC2593,G,0.97,0.53,171,23.37,S0-a,,
NGC2594,G,0.91,0.56,20,23.44,S0,,
NGC2595,G,1.66,1.12,175,22.68,Sc,,
NGC2596,G,1.38,0.51,64,22.96,Sb,,
NGC2598,G,1.19,0.38,3,23.22,SBa,,
NGC2599,G,1.56,1.32,108,22.81,Sa,,
NGC2600,G,1.21,0.41,72,23.45,Sb,,
NGC2601,G,1.69,1.15,114,23.17,S0-a,,
NGC2602,G,0.65,0.41,26,23.15,S0-a,,
NGC2603,G,0.40,0.34,164,23.44,Sbc,,
NGC2604,G,1.48,1.37,50,23.39,SBc,,
NGC2604,G,0.56,0.23,58,22.81,Sd,,
NGC2605,G,0.45,0.35,27,23.33,SBb,,
NGC2606,G,0.87,0.45,56,22.86,Sb,,
NGC2607,G,0.84,0.80,160,23.34,Sc,,
NGC2608,G,1.95,0.95,64,22.63,Sb,,
NGC2609,OCl,3.60,,,,,,
NGC2610,PN,0.63,,,,,,
NGC2611,G,0.80,0.26,51,23.27,S0-a,,
NGC2612,G,2.60,0.80,117,24.21,E-S0,,
NGC2613,G,7.62,1.79,113,23.28,Sb,,
NGC2614,G,2.04,1.67,132,23.95,Sc,,
NGC2615,G,1.20,0.82,44,22.55,Sb,,
NGC2616,G,1.43,0.98,147,23.06,S0,,
NGC2617,G,1.40,1.10,127,23.07,SBc,,
NGC2618,G,2.07,0.88,141,23.81,Sab,,
NGC2619,G,1.93,1.17,38,23.19,Sbc,,
NGC2620,G,2.00,0.50,93,24.07,Sab,,
NGC2621,G,0.73,0.47,176,23.26,Sab,,
NGC2622,G,0.94,0.60,10,23.07,SBb,,
NGC2623,G,2.39,0.70,36,23.81,Sb,,
NGC2624,G,0.77,0.47,35,22.96,E,,
NGC2625,G,0.53,0.44,32,22.50,SBcd,,
NGC2626,RfN,5.00,5.00,,,,,
NGC2627,OCl,5.40,,,,,,
NGC2628,G,1.04,0.93,30,22.83,SABc,,
NGC2629,G,1.97,1.42,100,23.52,E-S0,,
NGC2632,OCl,108.60,,,,,044,Beehive/Praesepe Cluster
NGC2633,G,2.31,1.45,175,23.08,Sb,,
NGC2634,G,1.72,1.66,30,22.96,E,,
NGC2634,G,1.19,0.37,67,22.77,SBbc,,
NGC2635,OCl,5.10,,,,,,
NGC2636,G,0.34,0.34,30,21.18,E,,
NGC2637,G,0.51,0.43,48,22.91,SBc,,
NGC2638,G,1.66,0.59,70,23.40,S0-a,,
NGC2639,G,1.61,1.21,140,22.24,Sa,,
NGC2640,G,4.67,4.00,104,24.18,E-S0,,
NGC2641,G,1.26,1.04,178,24.07,S0,,
NGC2642,G,1.92,1.43,145,23.35,Sbc,,
NGC2643,G,0.68,0.37,19,23.27,S0-a,,
NGC2644,G,1.64,0.65,12,22.73,Sc,,
NGC2645,OCl,6.60,,,,,,
NGC2646,G,1.47,1.05,47,22.73,S0,,
NGC2647,G,0.72,0.57,50,23.08,S0-a,,
NGC2648,G,3.15,1.08,151,23.61,Sa,,
NGC2649,G,1.47,1.38,60,22.93,SABb,,
NGC2650,G,1.38,0.99,82,23.37,Sb,,
NGC2651,G,0.53,0.44,124,22.95,Sbc,,
NGC2654,G,4.45,0.89,64,23.79,SBab,,
NGC2655,G,3.93,2.06,16,22.51,S0-a,,
NGC2656,G,1.31,1.18,65,24.24,E-S0,,
NGC2657,G,1.28,1.09,116,23.18,SBcd,,
NGC2658,OCl,7.20,,,,,,
NGC2659,OCl,5.10,,,,,,
NGC2660,OCl,3.60,,,,,,
NGC2661,G,1.48,1.35,5,23.36,Sc,,
NGC2662,G,1.23,1.15,10,23.77,E,,
NGC2663,G,3.90,2.75,111,23.70,E,,
NGC2664,OCl,6.60,,,,,,
NGC2665,G,2.00,1.72,55,22.64,Sa,,
NGC2666,OCl,,,,,,,
NGC2667,G,1.03,0.37,78,23.13,Sa,,
NGC2667,G,0.85,0.28,43,23.21,Sbc,,
NGC2668,G,1.23,0.66,151,23.63,Sab,,
NGC2669,OCl,8.40,,,,,,
NGC2670,OCl,4.20,,,,,,
NGC2671,OCl,5.10,,,,,,
NGC2672,G,3.20,2.87,100,24.04,E,,
NGC2673,G,1.23,0.81,167,23.43,E,,
NGC2674,G,1.04,0.49,65,24.38,Sa,,
NGC2675,G,1.51,1.05,83,24.05,E,,
NGC2676,G,1.20,1.12,175,23.60,S0,,
NGC2677,G,0.70,0.41,169,23.09,E?,,
NGC2678,OCl,10.00,10.00,0,,,,
NGC2679,G,1.85,1.85,165,24.10,S0,,
NGC2681,G,3.97,3.97,70,22.88,S0-a,,
NGC2682,OCl,33.00,,,,,067,
NGC2683,G,9.48,2.70,44,22.76,Sb,,
NGC2684,G,1.10,0.84,49,22.43,SABb,,
NGC2685,G,4.33,2.31,38,24.03,S0-a,,Helix Galaxy
NGC2686,GPair,1.60,,,,,,
NGC2686,G,0.88,0.51,71,24.20,E,,
NGC2686,G,0.48,0.35,63,24.05,E,,
NGC2687,GPair,1.30,,,,,,
NGC2687,G,0.23,0.11,,,,,
NGC2687,G,0.69,0.39,28,23.50,E-S0,,
NGC2688,G,0.47,0.36,87,23.37,Sb,,
NGC2689,G,0.41,0.30,99,23.85,E,,
NGC2690,G,1.70,0.39,20,23.02,Sab,,
NGC2691,G,1.26,0.90,166,23.01,Sa,,
NGC2692,G,1.25,0.55,163,22.71,Sab,,
NGC2693,G,2.00,1.37,158,23.17,E,,
NGC2694,G,0.81,0.50,177,23.56,E,,
NGC2695,G,1.63,1.45,161,22.65,S0,,
NGC2696,G,1.03,0.95,25,24.19,E,,
NGC2697,G,1.63,0.96,123,23.26,S0-a,,
NGC2698,G,1.47,0.53,96,22.75,S0-a,,
NGC2699,G,1.41,0.76,40,23.25,E,,
NGC2701,G,1.94,1.30,25,22.62,Sc,,
NGC2704,G,1.04,1.01,120,23.15,Sab,,
NGC2706,G,1.67,0.57,168,22.75,Sbc,,
NGC2708,G,2.93,1.06,18,23.18,SABb,,
NGC2709,G,0.79,0.65,95,23.21,S0,,
NGC2710,G,2.02,0.97,119,23.48,SBb,,
NGC2711,G,0.56,0.38,158,22.18,SBa,,
NGC2712,G,2.93,1.59,1,23.41,SBb,,
NGC2713,G,3.37,1.15,106,23.48,SBb,,
NGC2714,G,1.37,1.18,50,23.50,E,,
NGC2715,G,4.20,1.41,20,23.00,SABc,,
NGC2716,G,1.63,1.14,45,22.84,S0-a,,
NGC2717,G,2.03,1.69,12,23.68,E-S0,,
NGC2718,G,1.72,1.09,152,23.12,Sab,,
NGC2719,G,1.17,0.30,132,21.89,IB,,
NGC2719,G,0.49,0.40,150,21.50,I,,
NGC2720,G,1.26,1.11,40,23.47,E-S0,,
NGC2721,G,1.85,1.33,164,22.94,SBbc,,
NGC2722,G,1.83,0.95,80,23.00,Sbc,,
NGC2723,G,1.14,1.04,65,23.30,S0,,
NGC2724,G,1.20,0.68,175,23.63,Sc,,
NGC2725,G,0.67,0.58,14,22.17,SABb,,
NGC2726,G,1.53,0.46,87,22.45,Sa,,
NGC2728,G,0.98,0.63,55,23.62,SABb,,
NGC2729,G,1.06,0.64,1,23.09,S0,,
NGC2730,G,1.45,0.95,72,23.11,Sd,,
NGC2731,G,0.72,0.49,72,21.85,SABb,,
NGC2732,G,1.81,0.71,66,22.82,S0,,
NGC2734,G,0.92,0.78,88,24.30,S0-a,,
NGC2735,G,1.42,0.53,96,22.95,SABb,,
NGC2735,G,0.30,0.27,52,21.23,I,,
NGC2736,HII,30.00,7.00,,,,,Pencil Nebula
NGC2737,G,0.95,0.38,61,22.55,Sab,,
NGC2738,G,1.36,0.62,53,22.75,Sbc,,
NGC2739,G,0.86,0.35,93,23.49,Sa,,
NGC2740,G,0.73,0.61,52,23.12,SBab,,
NGC2741,G,0.67,0.44,77,23.14,Sab,,
NGC2742,G,2.86,1.49,87,22.56,Sc,,
NGC2742,G,1.57,0.67,89,23.17,Sb,,
NGC2743,G,1.10,0.75,99,22.76,Sd,,
NGC2744,GPair,1.20,,,,,,
NGC2744,G,0.27,0.17,44,,S?,,
NGC2744,G,1.66,0.81,114,23.12,SBab,,
NGC2745,G,0.60,0.50,170,23.42,E,,
NGC2746,G,1.57,1.31,51,23.73,Sa,,
NGC2747,G,0.56,0.35,172,23.12,S0-a,,
NGC2748,G,2.60,1.11,39,22.55,Sbc,,
NGC2749,G,1.92,1.77,65,23.07,E,,
NGC2750,G,2.03,1.46,82,22.75,SABc,,
NGC2751,G,0.87,0.48,134,22.96,SBb,,
NGC2752,G,1.74,0.33,61,23.55,SBb,,
NGC2753,G,0.55,0.34,17,21.89,SBab,,
NGC2754,G,0.78,0.68,140,23.50,S0,,
NGC2755,G,1.15,0.76,127,23.06,Sbc,,
NGC2756,G,1.50,1.00,0,22.45,Sb,,
NGC2758,G,1.87,0.41,18,23.03,SBbc,,
NGC2759,G,1.27,0.90,49,23.26,E-S0,,
NGC2760,G,1.21,0.27,100,,E-S0,,
NGC2761,G,0.76,0.43,164,22.70,Sm,,
NGC2762,G,0.51,0.36,180,23.17,S0,,
NGC2763,G,2.43,1.88,136,23.10,SBc,,
NGC2764,G,1.15,0.67,18,22.67,S0,,
NGC2765,G,2.74,0.93,105,24.02,S0,,
NGC2766,G,1.20,0.53,129,23.19,SBab,,
NGC2767,G,0.72,0.63,167,22.54,E-S0,,
NGC2768,G,5.64,2.24,93,23.38,E,,
NGC2769,G,1.61,0.37,145,23.05,Sa,,
NGC2770,G,3.45,0.81,146,23.02,Sc,,
NGC2771,G,1.73,1.49,42,23.76,Sab,,
NGC2772,G,1.71,1.07,170,23.77,SBb,,
NGC2773,G,0.65,0.29,84,22.07,Sab,,
NGC2774,G,1.19,1.17,60,23.85,E,,
NGC2775,G,4.25,3.36,159,22.88,Sab,,
NGC2776,G,2.14,0.91,111,21.89,SABc,,
NGC2777,G,0.76,0.59,169,22.22,Sb,,
NGC2778,G,1.30,0.98,46,22.77,E,,
NGC2779,G,0.72,0.61,25,23.50,S0-a,,
NGC2780,G,1.06,0.77,147,22.96,Sb,,
NGC2781,G,2.52,1.26,78,23.20,S0-a,,
NGC2782,G,3.25,2.41,20,23.47,SABa,,
NGC2783,G,1.98,1.10,165,23.86,E,,
NGC2783,G,1.45,0.28,76,23.56,SBb,,
NGC2784,G,4.82,1.85,73,23.34,S0,,
NGC2785,G,1.44,0.58,120,23.35,SBm,,
NGC2786,G,0.83,0.59,77,22.09,Sa,,
NGC2787,G,3.24,1.81,114,22.84,S0-a,,
NGC2788,G,1.67,0.39,116,22.30,Sab,,
NGC2788,G,2.51,0.49,55,23.53,Sb,,
NGC2788,G,1.55,0.56,164,23.47,Sb,,
NGC2789,G,1.15,0.96,36,22.87,S0-a,,
NGC2790,G,0.60,0.55,65,22.50,S0-a,,
NGC2791,G,0.89,0.32,160,24.07,S0-a,,
NGC2792,PN,0.22,,,,,,
NGC2793,G,1.12,0.93,,22.21,Sm,,
NGC2794,G,1.22,0.93,57,22.95,SABb,,
NGC2795,G,1.19,1.02,166,23.21,E,,
NGC2796,G,1.21,0.85,77,23.50,Sa,,
NGC2797,G,0.66,0.58,28,22.36,Sab,,
NGC2798,G,2.43,0.83,154,23.21,Sa,,
NGC2799,G,1.76,0.47,122,23.58,SBd,,
NGC2800,G,1.42,0.87,17,23.52,E,,
NGC2801,G,0.96,0.78,51,23.78,Sc,,
NGC2802,G,1.10,0.56,132,23.86,S0-a,,
NGC2803,G,0.98,0.72,138,23.85,E-S0,,
NGC2804,G,1.39,1.24,56,23.42,S0,,
NGC2805,G,3.39,2.76,154,23.00,SABc,,
NGC2807,GPair,1.50,,,,,,
NGC2807,G,0.56,0.36,81,22.75,Sbc,,
NGC2807,G,0.82,0.60,165,23.45,S0,,
NGC2808,GCl,9.00,,,,,,
NGC2809,G,1.24,1.08,162,23.20,S0,,
NGC2810,G,1.69,1.69,130,23.27,E,,
NGC2811,G,3.05,1.03,20,22.93,SBa,,
NGC2812,G,0.75,0.23,154,23.18,Sbc,,
NGC2813,G,1.02,0.82,146,23.73,S0,,
NGC2814,G,1.05,0.23,179,22.16,SBb,,
NGC2815,G,3.51,1.41,13,23.60,SBb,,
NGC2817,G,1.37,1.27,0,23.04,Sc,,
NGC2818,PN,0.83,,,,,,
NGC2818,Cl+N,6.90,,,,,,
NGC2819,G,1.44,1.08,57,23.89,E,,
NGC2820,G,3.75,0.35,61,23.02,SBc,,
NGC2820,G,0.47,0.16,9,22.08,Sa,,
NGC2821,G,2.10,0.44,103,23.10,Sbc,,
NGC2822,G,3.96,2.72,94,23.39,E,,
NGC2823,G,1.03,0.62,32,23.93,Sa,,
NGC2824,G,0.97,0.57,159,22.87,S0,,
NGC2825,G,1.10,0.55,86,23.61,Sa,,
NGC2826,G,1.47,0.22,141,23.85,S0-a,,
NGC2827,G,1.02,0.38,5,23.70,Sab,,
NGC2828,G,0.72,0.44,44,23.64,S0,,
NGC2829,GPair,0.60,,,,,,
NGC2829,G,0.48,0.38,30,23.98,E,,
NGC2829,G,0.40,0.30,176,23.72,E,,
NGC2830,G,1.24,0.24,112,24.00,S0-a,,
NGC2831,G,0.89,0.66,2,23.02,E,,
NGC2832,G,3.20,2.07,172,24.16,E,,
NGC2833,G,1.14,0.54,165,23.94,Sa,,
NGC2834,G,0.83,0.66,57,23.82,E,,
NGC2835,G,6.43,3.72,179,23.39,Sc,,
NGC2836,G,1.66,0.59,111,21.91,Sbc,,
NGC2838,G,1.28,1.08,123,23.78,E,,
NGC2839,G,1.23,1.17,165,24.06,E,,
NGC2840,G,1.05,0.89,107,23.27,Sbc,,
NGC2841,G,6.90,3.31,147,22.48,SBb,,
NGC2842,G,2.25,1.63,107,23.80,S0-a,,
NGC2843,G,0.47,0.26,65,23.56,S0-a,,
NGC2844,G,1.77,0.82,11,23.36,Sa,,
NGC2845,G,1.87,1.30,69,23.21,S0-a,,
NGC2847,HII,,,,,,,
NGC2848,G,2.69,2.02,29,23.10,SABc,,
NGC2849,OCl,2.40,,,,,,
NGC2850,G,0.90,0.64,17,23.54,S0,,
NGC2851,G,1.43,0.53,8,23.78,S0,,
NGC2852,G,0.94,0.89,140,22.71,SABa,,
NGC2853,G,1.67,0.96,25,24.29,S0-a,,
NGC2854,G,1.28,0.56,52,22.58,SBb,,
NGC2855,G,3.45,1.85,120,23.84,S0-a,,
NGC2856,G,1.22,0.58,132,22.56,SBbc,,
NGC2857,G,1.89,1.51,90,22.92,Sc,,
NGC2858,G,1.76,0.84,116,23.72,S0-a,,
NGC2859,G,3.19,2.78,85,23.11,S0-a,,
NGC2860,G,1.31,0.57,95,23.46,SBa,,
NGC2861,G,1.28,1.17,50,23.11,SBbc,,
NGC2862,G,2.64,0.50,115,23.32,SBbc,,
NGC2863,G,1.37,1.18,170,,Sm,,
NGC2864,G,0.71,0.47,4,22.78,SBb,,
NGC2865,G,2.44,2.03,155,23.24,E,,
NGC2866,OCl,2.70,,,,,,
NGC2867,PN,0.23,,,,,,
NGC2868,G,1.14,0.57,70,24.23,E-S0,,
NGC2870,G,2.44,0.66,121,23.64,SBbc,,
NGC2872,G,1.75,1.55,161,22.93,E,,
NGC2873,G,0.73,0.41,118,23.85,Sab,,
NGC2874,G,2.04,0.68,38,22.76,Sbc,,
NGC2876,G,1.73,0.98,91,24.04,S0,,
NGC2877,G,0.67,0.64,165,22.53,S0-a,,
NGC2878,G,1.04,0.37,173,23.31,SABa,,
NGC2880,G,2.33,1.40,142,23.08,E-S0,,
NGC2881,GPair,1.20,,,,,,
NGC2881,G,0.67,0.32,51,,,,
NGC2881,G,1.17,0.63,167,24.13,,,
NGC2882,G,1.49,0.75,84,22.58,SABc,,
NGC2883,G,2.02,0.80,178,23.09,IB,,
NGC2884,G,2.16,0.76,173,23.71,S0-a,,
NGC2885,G,1.26,0.82,79,23.85,S0-a,,
NGC2887,G,2.55,1.63,80,23.52,E-S0,,
NGC2888,G,1.96,1.49,155,23.85,E,,
NGC2889,G,1.95,1.75,26,22.60,SABc,,
NGC2890,G,0.87,0.25,69,23.75,E-S0,,
NGC2891,G,1.60,1.52,0,23.24,E-S0,,
NGC2892,G,1.40,1.40,0,23.96,E,,
NGC2893,G,1.02,0.82,83,22.57,S0-a,,
NGC2894,G,1.90,0.96,29,23.12,Sa,,
NGC2895,G,0.91,0.80,65,22.98,Sbc,,
NGC2896,G,1.20,1.20,90,23.89,S0-a,,
NGC2897,G,0.84,0.62,177,24.33,S0,,
NGC2898,G,1.04,0.67,124,23.55,S0-a,,
NGC2899,PN,1.50,,,,,,
NGC2900,G,0.99,0.78,86,23.22,SBc,,
NGC2902,G,1.72,1.41,22,23.15,S0,,
NGC2903,G,11.94,5.28,22,23.02,Sbc,,
NGC2904,G,1.47,1.09,89,23.09,E-S0,,
NGC2906,G,1.36,0.81,71,22.13,Sc,,
NGC2907,G,2.82,2.06,112,23.54,Sa,,
NGC2908,G,0.74,0.52,145,22.20,Sbc,,
NGC2910,OCl,4.80,,,,,,
NGC2911,G,3.46,2.13,135,24.13,S0,,
NGC2913,G,1.12,0.69,132,22.84,Sc,,
NGC2914,G,0.95,0.58,12,22.39,SBab,,
NGC2915,G,1.82,0.98,132,22.88,SBab,,
NGC2916,G,2.40,1.59,16,23.09,Sb,,
NGC2917,G,1.34,0.37,170,23.65,S0-a,,
NGC2918,G,1.56,1.06,66,23.42,E,,
NGC2919,G,1.52,0.53,159,22.56,SABb,,
NGC2920,G,0.86,0.61,121,22.20,Sa,,
NGC2921,G,2.86,0.92,85,23.55,SABa,,
NGC2922,G,1.07,0.45,99,22.61,Sm,,
NGC2923,G,0.53,0.31,28,22.90,Sb,,
NGC2924,G,2.04,1.62,142,23.74,E,,
NGC2925,OCl,7.50,,,,,,
NGC2926,G,0.83,0.74,120,22.74,SBbc,,
NGC2927,G,1.31,0.78,155,22.96,Sb,,
NGC2928,G,1.21,0.70,41,23.88,SBa,,
NGC2929,G,1.10,0.38,144,22.63,Sbc,,
NGC2930,G,0.50,0.22,142,21.81,Sbc,,
NGC2931,G,0.75,0.54,68,22.76,Sb,,
NGC2932,*Ass,4.80,,,,,,
NGC2933,G,0.97,0.31,31,23.07,Sbc,,
NGC2934,G,0.44,0.31,7,23.73,SBa,,
NGC2935,G,4.21,3.16,164,23.90,Sb,,
NGC2936,G,0.94,0.52,78,22.64,E,,
NGC2937,G,0.75,0.54,22,22.84,E,,
NGC2938,G,1.24,0.85,97,23.26,Sc,,
NGC2939,G,2.12,0.74,154,23.29,Sbc,,
NGC2940,G,0.97,0.77,91,23.42,E-S0,,
NGC2941,G,0.70,0.57,167,23.22,S0-a,,
NGC2942,G,1.67,1.32,152,23.12,Sc,,
NGC2943,G,2.16,1.08,128,24.20,E,,
NGC2944,GPair,1.00,,,,,,
NGC2944,G,0.91,0.29,100,22.71,SBc,,
NGC2944,G,0.32,0.19,161,23.77,Sc,,
NGC2945,G,1.66,1.31,160,23.18,E-S0,,
NGC2946,G,1.10,0.34,15,23.14,SBb,,
NGC2947,G,1.63,1.20,28,,SABb,,
NGC2948,G,1.43,0.78,1,22.86,Sbc,,
NGC2949,GPair,0.42,0.31,15,,,,
NGC2950,G,2.62,1.65,142,22.74,S0,,
NGC2951,GPair,1.34,0.51,85,23.69,E,,
NGC2952,G,0.80,0.55,90,23.02,Sd,,
NGC2954,G,1.43,0.99,155,22.95,E,,
NGC2955,G,1.59,0.87,160,22.89,SABb,,
NGC2956,G,0.86,0.38,58,23.17,SBb,,
NGC2957,GPair,1.00,,,,,,
NGC2957,G,0.91,0.33,,,E,,
NGC2957,G,0.77,0.34,49,23.19,Sa,,
NGC2958,G,0.98,0.72,10,22.48,Sbc,,
NGC2959,G,1.38,1.17,113,23.00,Sab,,
NGC2960,G,1.11,0.86,40,22.64,Sa,,
NGC2961,G,0.86,0.32,145,23.24,SABb,,
NGC2962,G,2.31,1.16,2,23.41,S0-a,,
NGC2963,G,1.18,0.64,158,23.06,SBab,,
NGC2964,G,2.92,2.18,97,22.88,Sbc,,
NGC2965,G,1.30,0.92,77,23.60,S0,,
NGC2966,G,2.12,0.68,76,23.55,Sc,,
NGC2967,G,2.14,2.01,135,22.62,Sc,,
NGC2968,G,2.48,1.63,54,23.27,Sa,,
NGC2969,G,1.32,0.60,25,22.49,Sc,,
NGC2970,G,0.85,0.75,67,22.93,E,,
NGC2971,G,1.13,0.78,131,23.52,Sb,,
NGC2972,OCl,3.60,,,,,,
NGC2974,G,3.48,2.13,44,23.42,E,,
NGC2975,G,0.84,0.63,80,24.10,E-S0,,
NGC2976,G,5.77,3.01,143,22.81,Sc,,
NGC2977,G,2.08,1.05,145,23.12,Sb,,
NGC2978,G,1.07,0.87,112,22.69,SABb,,
NGC2979,G,2.06,1.25,21,,SABa,,
NGC2980,G,1.79,0.86,164,23.01,Sc,,
NGC2981,G,1.06,0.70,86,23.38,SABb,,
NGC2982,OCl,4.2,,,,,,
NGC2983,G,2.37,1.16,86,23.29,S0-a,,
NGC2984,G,0.85,0.83,155,22.74,E-S0,,
NGC2985,G,3.61,2.92,177,22.60,Sab,,
NGC2986,G,4.81,3.85,42,23.96,E,,
NGC2987,G,1.31,0.60,163,22.92,Sab,,
NGC2988,G,0.91,0.33,37,23.18,Sbc,,
NGC2989,G,1.69,1.16,38,23.13,SABb,,
NGC2990,G,0.93,0.44,86,21.12,SABc,,
NGC2991,G,0.99,0.80,124,22.27,S0,,
NGC2992,G,2.92,0.69,17,23.55,Sa,,
NGC2993,G,1.36,1.13,94,22.41,Sa,,
NGC2994,G,0.95,0.52,127,22.61,S0,,
NGC2995,*Ass,,,,,,,
NGC2996,G,1.36,1.36,150,23.06,S0-a,,
NGC2997,G,10.26,6.21,97,23.42,SABc,,
NGC2998,G,2.44,1.23,54,23.23,SABc,,
NGC3001,G,3.02,2.26,5,23.50,Sbc,,
NGC3003,G,4.74,1.06,79,23.22,Sbc,,
NGC3005,G,1.14,0.30,150,23.29,SABc,,
NGC3006,G,0.82,0.29,83,23.18,Sbc,,
NGC3007,G,1.61,0.78,81,23.98,S0-a,,
NGC3008,G,0.75,0.47,136,23.18,S0-a,,
NGC3009,G,0.77,0.74,60,22.53,SBbc,,
NGC3010,G,0.98,0.58,47,23.79,E,,
NGC3010,G,0.39,0.20,125,21.51,S0,,
NGC3010,G,0.68,0.51,36,23.22,SABc,,
NGC3011,G,0.82,0.69,61,22.79,S0,,
NGC3012,G,1.24,1.18,145,23.98,E,,
NGC3013,G,0.81,0.56,64,23.61,Sab,,
NGC3014,G,0.93,0.49,154,23.77,Sbc,,
NGC3015,G,0.53,0.40,92,21.66,S0-a,,
NGC3016,G,1.12,0.95,71,22.68,Sb,,
NGC3017,G,1.02,0.88,87,23.32,E,,
NGC3018,G,1.17,0.54,28,22.40,SBbc,,
NGC3019,G,0.76,0.49,33,23.18,Sc,,
NGC3020,G,2.34,1.28,100,23.54,Sc,,
NGC3021,G,1.36,0.81,110,21.55,Sbc,,
NGC3022,G,1.70,1.56,0,24.37,S0,,
NGC3023,G,1.82,0.94,80,23.00,SABc,,
NGC3024,G,1.71,0.50,124,22.95,Sc,,
NGC3025,G,1.59,1.05,118,23.68,S0,,
NGC3026,G,2.22,0.60,82,23.17,SBm,,
NGC3027,G,3.35,1.27,128,22.73,Sc,,
NGC3028,G,1.08,0.84,70,22.28,Sb,,
NGC3029,G,1.35,0.87,140,23.55,SABc,,
NGC3030,G,1.24,0.92,137,23.58,E-S0,,
NGC3031,G,21.63,11.25,157,22.78,Sab,081,Bode's Galaxy
NGC3032,G,1.43,1.31,90,22.59,S0,,
NGC3033,OCl,4.80,,,,,,
NGC3034,G,10.99,5.11,66,22.22,S?,082,Cigar Galaxy
NGC3035,G,1.47,1.19,0,,Sbc,,
NGC3036,OCl,4.80,,,,,,
NGC3037,G,1.29,1.13,57,22.89,Sm,,
NGC3038,G,2.80,1.69,126,23.06,Sb,,
NGC3039,G,1.32,0.69,16,23.24,Sab,,
NGC3040,GPair,1.80,,,,,,
NGC3040,G,0.87,0.39,148,23.90,Sab,,
NGC3040,G,1.51,0.91,165,23.89,S0-a,,
NGC3041,G,3.22,2.07,93,23.21,SABc,,
NGC3042,G,1.02,0.74,110,22.77,S0-a,,
NGC3043,G,1.66,0.61,82,22.50,SBb,,
NGC3044,G,4.20,0.70,114,22.88,SBc,,
NGC3045,G,1.43,0.64,20,22.74,SBb,,
NGC3047,GPair,1.20,,,,,,
NGC3047,G,0.60,0.60,30,22.32,E,,
NGC3047,G,0.59,0.45,44,22.91,E,,
NGC3048,GPair,1.00,,,,,,
NGC3048,G,0.71,0.40,110,23.18,I,,
NGC3048,G,0.41,0.28,16,23.36,Sb,,
NGC3049,G,2.11,1.22,28,23.61,SBb,,
NGC3051,G,2.20,1.39,169,23.35,E-S0,,
NGC3052,G,2.15,1.42,109,22.86,SABc,,
NGC3053,G,1.59,0.70,139,23.21,Sa,,
NGC3054,G,3.56,2.18,112,23.47,Sb,,
NGC3055,G,1.96,1.11,63,22.39,Sc,,
NGC3056,G,2.26,1.39,20,23.05,S0-a,,
NGC3057,G,1.45,0.92,8,22.73,Sd,,
NGC3058,GPair,1.40,,,,,,
NGC3058,G,0.62,0.35,145,,,,
NGC3058,G,1.26,0.48,55,22.94,Sd,,
NGC3059,G,3.80,3.56,50,23.32,SBbc,,
NGC3060,G,2.02,0.42,77,22.99,Sb,,
NGC3061,G,1.58,1.23,140,23.01,Sc,,
NGC3062,G,0.83,0.40,63,23.01,Sb,,
NGC3064,G,1.15,0.33,25,23.04,Sbc,,
NGC3065,G,1.87,1.78,160,21.87,S0,,
NGC3066,G,1.12,1.06,75,22.45,SABb,,
NGC3067,G,2.06,0.66,104,22.36,SABa,,
NGC3068,G,0.87,0.70,92,23.55,E-S0,,
NGC3069,G,0.86,0.37,166,23.15,SABa,,
NGC3070,G,1.55,1.28,51,23.07,E,,
NGC3071,G,0.66,0.46,176,23.26,S0,,
NGC3072,G,1.82,0.62,70,23.74,S0-a,,
NGC3073,G,1.20,1.07,130,23.25,E-S0,,
NGC3074,G,1.96,1.69,150,23.54,SABc,,
NGC3075,G,1.50,0.64,132,23.34,Sc,,
NGC3076,G,0.87,0.84,25,22.52,Sab,,
NGC3077,G,5.21,4.32,49,22.80,S?,,
NGC3078,G,3.04,2.48,177,23.34,E,,
NGC3079,G,8.18,1.29,166,23.17,SBc,,
NGC3080,G,0.80,0.77,50,23.14,SABa,,
NGC3081,G,2.67,1.59,71,23.62,S0-a,,
NGC3082,G,2.14,0.77,29,23.90,E-S0,,
NGC3083,G,0.99,0.34,50,22.61,SBa,,
NGC3084,G,1.66,1.23,100,22.88,Sab,,
NGC3085,G,1.24,0.41,118,23.18,S0,,
NGC3086,G,1.16,0.40,147,23.02,Sb,,
NGC3087,G,2.28,2.02,46,23.29,E,,
NGC3088,GPair,2.00,,,,,,
NGC3088,G,1.35,0.83,114,23.50,SBab,,
NGC3088,G,0.93,0.26,139,23.66,Sbc,,
NGC3089,G,1.95,1.13,144,23.02,SABb,,
NGC3090,G,1.63,1.30,15,23.53,E,,
NGC3091,G,3.69,2.18,144,23.80,E,,
NGC3092,G,1.30,0.50,27,23.95,S0-a,,
NGC3093,G,0.77,0.36,51,23.60,E,,
NGC3094,G,1.34,0.98,63,22.65,SBa,,
NGC3095,G,3.61,1.81,129,23.33,Sc,,
NGC3096,G,1.17,1.03,70,23.45,S0,,
NGC3098,G,2.33,0.50,90,23.32,S0,,
NGC3099,G,1.15,0.62,147,24.28,E,,
NGC3100,G,3.56,2.48,148,23.52,S0,,
NGC3101,G,1.22,0.21,150,23.80,Sa,,
NGC3102,G,0.98,0.98,110,22.97,E-S0,,
NGC3104,G,2.99,2.03,36,24.57,IAB,,
NGC3105,OCl,4.08,,,,,,
NGC3106,G,0.89,0.25,124,21.74,S0,,
NGC3107,G,0.77,0.63,140,21.59,SABb,,
NGC3108,G,2.54,2.22,59,23.50,S0-a,,
NGC3109,G,16.00,2.74,93,23.59,SBm,,
NGC3110,G,1.87,0.90,171,22.55,SBb,,
NGC3111,G,1.42,1.34,150,23.61,E-S0,,
NGC3112,G,1.10,0.30,47,23.90,Sbc,,
NGC3113,G,3.43,1.05,86,23.71,SABc,,
NGC3114,OCl,12.30,,,,,,
NGC3115,G,7.10,3.01,43,23.02,E-S0,,Spindle Galaxy
NGC3116,G,0.70,0.64,45,23.40,E,,
NGC3117,G,0.96,0.91,110,23.39,E,,
NGC3118,G,2.08,0.44,39,23.54,Sbc,,
NGC3119,G,1.05,0.81,20,23.11,E,,
NGC3120,G,1.68,1.17,7,23.09,SABb,,
NGC3124,G,2.70,2.10,174,23.66,Sbc,,
NGC3125,G,1.21,0.97,110,22.63,E,,
NGC3126,G,3.10,0.66,123,23.76,SABb,,
NGC3127,G,1.62,0.28,55,23.46,Sb,,
NGC3128,G,1.54,0.63,173,23.14,SBb,,
NGC3130,G,1.07,0.61,28,23.27,S0-a,,
NGC3131,G,2.16,0.67,58,23.51,Sb,,
NGC3132,PN,0.50,,,,,,Eight-Burst Nebula
NGC3133,G,0.68,0.29,27,,Sb,,
NGC3134,G,1.49,0.40,55,23.60,SBab,,
NGC3135,G,1.00,0.60,88,22.80,Sbc,,
NGC3136,G,4.20,2.94,27,23.66,E,,
NGC3136,G,1.60,0.33,88,23.88,IB,,
NGC3136,G,1.75,1.35,23,22.85,E,,
NGC3137,G,5.57,3.85,4,24.27,SABc,,
NGC3138,G,1.10,0.21,80,23.32,Sbc,,
NGC3139,G,1.21,0.97,68,23.73,S0,,
NGC3140,G,0.96,0.68,130,23.25,Sc,,
NGC3141,G,0.76,0.47,25,23.89,Sc,,
NGC3142,G,0.86,0.30,171,23.15,S0,,
NGC3143,G,0.82,0.67,103,23.07,SBb,,
NGC3144,G,1.12,0.74,4,23.04,SBab,,
NGC3145,G,2.87,1.37,20,22.86,SBbc,,
NGC3146,G,1.01,0.79,131,22.62,SBb,,
NGC3147,G,4.11,3.55,152,22.95,Sbc,,
NGC3149,G,1.15,0.94,23,22.38,Sb,,
NGC3150,G,1.04,0.77,154,23.88,Sb,,
NGC3151,G,0.93,0.42,164,23.46,S0,,
NGC3152,G,0.74,0.65,54,23.44,S0,,
NGC3153,G,1.73,0.89,165,23.21,Sc,,
NGC3154,G,0.83,0.39,121,22.21,SBa,,
NGC3155,G,1.21,0.64,37,22.71,Sbc,,
NGC3156,G,1.91,1.02,50,23.18,S0,,
NGC3157,G,1.70,0.44,39,22.78,SBc,,
NGC3158,G,2.32,1.94,152,23.59,E,,
NGC3159,G,0.96,0.76,156,23.35,E,,
NGC3160,G,1.25,0.25,140,23.36,Sab,,
NGC3161,G,0.46,0.28,6,22.31,E,,
NGC3162,G,2.09,1.69,26,22.45,SABc,,
NGC3163,G,1.14,0.97,40,23.38,E-S0,,
NGC3164,G,0.80,0.57,178,22.76,Sb,,
NGC3165,G,1.17,0.54,175,22.90,Sm,,
NGC3166,G,4.50,2.84,87,23.27,S0-a,,
NGC3168,G,0.91,0.79,35,23.18,E,,
NGC3169,G,4.34,2.65,49,22.93,Sa,,
NGC3171,G,1.87,1.25,173,24.14,E-S0,,
NGC3172,G,1.14,1.00,85,23.90,S0,,Polarissima Borealis
NGC3173,G,1.90,1.71,19,23.69,Sc,,
NGC3175,G,5.25,1.95,55,23.84,Sab,,
NGC3177,G,1.44,1.10,140,22.34,Sb,,
NGC3178,G,1.47,0.93,71,22.87,Sc,,
NGC3179,G,1.86,0.41,48,24.04,S0,,
NGC3180,HII,,,,,,,
NGC3181,HII,2.84,0.83,123,,,,
NGC3182,G,1.92,1.59,145,23.15,S0-a,,
NGC3183,G,2.22,1.38,160,22.78,SBbc,,
NGC3184,G,7.40,7.18,117,23.47,SABc,,
NGC3185,G,2.15,1.23,131,23.07,Sa,,
NGC3186,G,1.08,1.08,110,24.08,E,,
NGC3187,G,2.24,0.74,108,23.35,SBc,,
NGC3188,G,0.84,0.63,180,23.24,Sab,,
NGC3188,G,0.44,0.21,77,23.34,SBc,,
NGC3189,G,3.64,1.22,124,22.97,Sa,,
NGC3191,G,0.71,0.52,4,21.94,SBbc,,
NGC3193,G,2.36,2.16,20,22.73,E,,
NGC3195,PN,0.70,,,,,,
NGC3196,G,0.46,0.26,121,23.30,E,,
NGC3197,G,1.11,0.80,161,23.14,Sbc,,
NGC3198,G,6.46,1.84,30,22.68,Sc,,
NGC3199,Neb,20.00,15.00,,,,,
NGC3200,G,4.07,1.14,168,23.48,Sc,,
NGC3201,GCl,9.60,,,,,,
NGC3202,G,1.27,0.81,25,23.17,Sa,,
NGC3203,G,3.16,0.64,60,24.20,S0-a,,
NGC3204,G,1.25,0.88,106,23.54,Sb,,
NGC3205,G,1.31,1.11,158,23.51,Sa,,
NGC3206,G,2.30,1.17,7,23.39,SBc,,
NGC3207,G,1.24,0.83,87,23.58,S0,,
NGC3208,G,1.78,1.55,55,23.44,Sc,,
NGC3209,G,1.57,1.21,80,23.75,E,,
NGC3211,PN,0.27,,,,,,
NGC3212,G,0.83,0.75,88,22.72,SBb,,
NGC3213,G,1.05,0.83,128,22.85,Sbc,,
NGC3214,G,1.08,0.45,35,23.75,S0-a,,
NGC3215,G,0.95,0.52,40,22.32,SBbc,,
NGC3216,G,1.71,1.07,176,24.47,E,,
NGC3217,G,0.53,0.40,22,22.42,Sc,,
NGC3219,G,1.08,0.63,70,24.13,E-S0,,
NGC3220,G,1.18,0.48,96,22.57,Sb,,
NGC3221,G,1.70,0.76,166,23.26,Sc,,
NGC3222,G,1.12,1.01,25,22.72,S0,,
NGC3223,G,4.28,2.79,132,23.36,Sb,,
NGC3224,G,1.72,1.41,120,23.23,E,,
NGC3225,G,1.65,0.75,154,22.98,Sc,,
NGC3226,G,3.13,2.26,13,23.69,E,,
NGC3227,G,3.98,1.86,156,22.88,SABa,,
NGC3228,OCl,6.60,,,,,,
NGC3230,G,2.02,0.64,114,24.72,S0,,
NGC3231,OCl,,,,,,,
NGC3232,G,0.85,0.69,57,23.70,SABa,,
NGC3233,G,1.52,0.64,141,23.07,S0-a,,
NGC3234,G,1.34,0.96,85,23.82,E-S0,,
NGC3236,G,0.95,0.67,52,23.87,E,,
NGC3237,G,1.07,1.04,37,22.98,S0,,
NGC3238,G,1.11,0.91,151,23.03,S0,,
NGC3239,G,3.61,2.71,80,22.95,IB,,
NGC3240,G,1.19,1.03,78,22.90,Sc,,
NGC3241,G,2.29,1.55,122,23.27,SABa,,
NGC3242,PN,0.42,,,,,,Jupiter's Ghost Nebula
NGC3243,G,1.73,1.19,120,24.30,S0,,
NGC3244,G,2.18,1.46,170,23.02,Sc,,
NGC3245,G,3.61,2.30,176,23.17,S0,,
NGC3245,G,2.32,0.30,148,24.43,SBb,,
NGC3246,G,1.94,0.95,98,23.43,Sd,,
NGC3247,HII,5.00,5.00,,,,,
NGC3248,G,1.70,0.94,135,23.77,S0,,
NGC3249,G,1.57,1.40,126,23.44,Sc,,
NGC3250,G,2.96,2.20,140,23.38,E,,
NGC3250,G,1.62,0.32,88,24.28,Sb,,
NGC3250,G,2.77,0.80,6,24.12,SBa,,
NGC3250,G,1.91,0.70,58,23.77,SABa,,
NGC3250,G,1.89,0.33,26,24.36,S0,,
NGC3250,G,1.82,1.45,133,23.15,Sc,,
NGC3251,G,2.06,0.50,55,23.34,SBbc,,
NGC3252,G,1.87,0.66,36,23.30,SBcd,,
NGC3253,G,1.15,1.07,150,23.30,Sbc,,
NGC3254,G,2.34,1.12,50,22.31,Sbc,,
NGC3255,OCl,4.80,,,,,,
NGC3256,G,3.29,2.26,83,23.12,Sbc,,
NGC3256,G,1.33,0.65,85,23.78,SBm,,
NGC3256,G,2.10,0.61,135,23.21,SBbc,,
NGC3256,G,1.91,1.30,90,23.13,SBcd,,
NGC3257,G,1.08,0.87,170,23.01,E-S0,,
NGC3258,G,2.94,2.34,67,23.70,E,,
NGC3258,G,1.22,0.44,170,23.24,S0-a,,
NGC3258,G,1.06,0.35,47,24.00,S0-a,,
NGC3258,G,1.11,0.74,47,23.27,Sa,,
NGC3258,G,1.98,0.84,9,23.53,Sb,,
NGC3258,G,1.57,0.37,29,24.08,Sb,,
NGC3259,G,1.72,0.90,16,22.60,SABb,,
NGC3260,G,1.41,1.22,9,23.35,E,,
NGC3261,G,3.65,2.84,76,23.46,Sbc,,
NGC3262,G,1.17,0.91,109,23.22,S0,,
NGC3263,G,7.83,1.84,99,24.40,SBc,,
NGC3264,G,2.09,0.62,2,21.88,Sd,,
NGC3265,G,0.97,0.71,73,22.83,E,,
NGC3266,G,1.39,1.21,107,22.93,S0,,
NGC3267,G,1.55,0.73,155,23.20,S0,,
NGC3268,G,3.50,2.62,71,23.90,E,,
NGC3269,G,2.51,1.02,9,23.87,S0-a,,
NGC3270,G,2.34,0.62,12,23.59,SABb,,
NGC3271,G,3.01,1.67,109,23.92,S0,,
NGC3273,G,1.91,0.88,96,23.64,S0,,
NGC3274,G,1.63,0.81,93,22.40,Scd,,
NGC3275,G,2.81,2.05,121,23.33,Sab,,
NGC3276,G,1.26,0.74,69,23.62,S0,,
NGC3277,G,2.11,1.59,29,22.66,Sab,,
NGC3278,G,1.35,1.04,60,22.26,Sc,,
NGC3279,G,2.48,0.41,151,23.18,Sc,,
NGC3280,GTrpl,1.40,,,,,,
NGC3280,G,0.65,0.57,29,23.51,E-S0,,
NGC3280,G,1.02,0.58,122,23.86,S0,,
NGC3280,G,1.23,0.54,22,24.62,E-S0,,
NGC3281,G,3.10,1.27,140,23.34,Sab,,
NGC3281,G,1.25,0.89,121,23.64,S0,,
NGC3281,G,1.31,0.64,65,24.42,E-S0,,
NGC3281,G,1.13,0.41,159,23.35,S0,,
NGC3281,G,2.06,0.39,159,23.57,SBcd,,
NGC3282,G,1.77,0.65,81,23.98,S0,,
NGC3283,G,2.86,2.07,166,23.58,S0,,
NGC3284,G,1.36,0.83,80,23.81,E,,
NGC3285,G,2.97,1.52,109,23.80,Sa,,
NGC3285,G,1.21,0.87,174,23.33,Sc,,
NGC3285,G,1.64,1.04,52,23.27,Sb,,
NGC3287,G,1.78,0.85,18,22.26,SBd,,
NGC3288,G,0.89,0.70,8,23.33,SABb,,
NGC3289,G,1.99,0.47,152,23.59,S0-a,,
NGC3290,G,1.05,0.60,58,22.79,Sbc,,
NGC3292,G,1.11,0.85,178,23.76,S0,,
NGC3293,OCl,5.10,,,,,,
NGC3294,G,3.08,1.60,119,22.78,SABc,,
NGC3296,G,1.11,0.99,56,23.93,E,,
NGC3297,G,0.87,0.51,161,23.84,S0,,
NGC3298,G,1.10,0.70,157,23.86,E,,
NGC3299,G,1.79,1.32,3,23.62,SABd,,
NGC3300,G,1.53,0.78,174,22.99,S0,,
NGC3301,G,3.63,1.06,53,23.66,S0-a,,
NGC3302,G,1.93,1.28,115,23.71,S0,,
NGC3303,GPair,1.20,,,,,,
NGC3303,G,0.59,0.35,97,22.83,Sbc,,
NGC3303,G,1.10,0.74,157,23.24,Sa,,
NGC3304,G,1.55,0.53,160,23.65,Sa,,
NGC3305,G,1.17,1.11,130,22.97,E,,
NGC3306,G,1.04,0.45,136,22.23,SBcd,,
NGC3307,G,0.95,0.32,28,23.70,S0-a,,
NGC3308,G,1.21,0.72,34,22.51,E-S0,,
NGC3309,G,1.82,1.57,94,22.73,E,,
NGC3310,G,1.80,1.73,10,21.27,SABb,,
NGC3311,G,2.63,2.33,57,23.65,E-S0,,
NGC3312,G,3.31,1.07,172,23.35,Sb,,
NGC3313,G,2.96,2.02,110,23.40,Sab,,
NGC3314,GPair,1.20,,,,,,
NGC3314,G,1.17,0.64,145,22.84,SBab,,
NGC3314,G,0.64,0.46,46,21.01,Sc,,
NGC3315,G,1.20,1.04,119,23.50,E-S0,,
NGC3316,G,0.96,0.78,8,22.51,S0,,
NGC3318,G,2.52,1.36,82,22.61,Sbc,,
NGC3318,G,1.29,0.58,4,24.35,SABc,,
NGC3318,G,1.54,1.12,113,23.32,Sc,,
NGC3319,G,3.63,1.77,38,22.70,SBc,,
NGC3320,G,1.95,0.87,24,22.46,Sc,,
NGC3321,G,2.30,1.11,29,23.56,SABc,,
NGC3323,G,0.95,0.52,171,22.64,SBbc,,
NGC3324,Cl+N,4.80,,,,,,
NGC3325,G,1.26,1.07,64,23.35,E,,
NGC3326,G,0.97,0.87,154,22.88,Sa,,
NGC3327,G,1.26,0.86,81,23.08,Sb,,
NGC3329,G,1.91,1.14,139,22.73,Sb,,
NGC3330,OCl,5.10,,,,,,
NGC3331,G,1.19,0.95,9,22.91,SBc,,
NGC3332,G,1.37,1.14,145,23.05,E-S0,,
NGC3333,G,1.44,0.41,159,22.41,Sbc,,
NGC3334,G,1.21,1.13,150,23.00,S0,,
NGC3335,G,1.10,0.91,117,23.02,S0-a,,
NGC3336,G,1.97,1.74,117,23.04,SABc,,
NGC3337,G,1.16,0.57,51,24.13,E-S0,,
NGC3338,G,1.23,0.71,98,20.18,Sc,,
NGC3340,G,1.29,0.94,166,22.81,SBbc,,
NGC3341,G,1.07,0.31,23,23.73,,,
NGC3343,G,1.34,0.93,55,24.11,E,,
NGC3344,G,6.70,6.37,150,23.33,Sbc,,
NGC3346,G,2.64,2.20,119,23.31,Sc,,
NGC3347,G,4.05,1.14,177,22.99,SBb,,
NGC3347,G,2.21,0.84,179,23.11,SBc,,
NGC3347,G,2.99,0.57,91,23.48,SBcd,,
NGC3347,G,1.35,0.94,25,23.93,Scd,,
NGC3348,G,2.13,2.13,65,22.46,E,,
NGC3349,G,0.70,0.64,70,22.94,Sbc,,
NGC3350,G,0.65,0.60,80,23.12,S0-a,,
NGC3351,G,7.23,4.45,11,23.26,Sb,095,
NGC3352,G,1.43,0.95,179,23.05,S0,,
NGC3353,G,1.36,0.98,76,22.37,SABb,,
NGC3354,G,1.02,0.82,169,22.35,Sc,,
NGC3355,G,1.25,0.93,51,23.18,SABm,,
NGC3356,G,1.69,0.82,98,23.11,Sbc,,
NGC3357,G,1.03,0.83,88,22.95,E,,
NGC3358,G,3.62,1.82,140,23.59,S0-a,,
NGC3359,G,4.07,2.83,167,22.55,Sc,,
NGC3360,G,1.03,0.81,54,23.02,Sc,,
NGC3361,G,2.23,0.77,155,23.06,SABc,,
NGC3362,G,1.32,1.08,82,22.95,SABc,,
NGC3363,G,0.86,0.63,179,22.62,Sbc,,
NGC3364,G,1.39,1.22,68,22.82,SABc,,
NGC3365,G,4.04,0.69,160,23.50,Sc,,
NGC3366,G,2.72,1.31,36,22.47,SBb,,
NGC3367,G,2.88,2.83,70,23.04,Sc,,
NGC3368,G,8.26,5.51,5,23.14,Sab,096,
NGC3369,G,0.72,0.54,118,22.76,E-S0,,
NGC3370,G,2.44,1.42,147,22.54,SABc,,
NGC3372,HII,120.00,120.00,,,,,Carina Nebula/eta Car Nebula
NGC3374,G,1.22,0.88,161,23.45,Sc,,
NGC3375,G,1.49,1.26,130,23.05,S0,,
NGC3376,G,1.13,0.53,166,23.14,S0-a,,
NGC3377,G,3.87,1.87,36,22.89,E,,
NGC3377,G,1.43,1.37,0,23.88,SABm,,
NGC3378,G,1.50,1.35,93,22.99,SABb,,
NGC3379,G,4.89,4.25,71,22.54,E,105,
NGC3380,G,1.56,1.40,21,23.08,SBa,,
NGC3381,G,2.02,1.82,76,23.18,SBbc,,
NGC3383,G,1.45,1.11,5,22.89,SBbc,,
NGC3384,G,5.24,2.37,53,23.17,E-S0,,
NGC3385,G,1.61,0.88,98,23.39,S0,,
NGC3386,G,1.06,1.00,95,23.62,E,,
NGC3389,G,2.68,1.18,104,22.70,Sc,,
NGC3390,G,3.11,0.69,179,23.17,Sb,,
NGC3391,G,0.87,0.56,31,21.41,Sb,,
NGC3392,G,0.90,0.67,117,23.17,E,,
NGC3393,G,1.95,1.70,13,23.18,SBa,,
NGC3394,G,1.77,1.36,43,23.18,Sc,,
NGC3395,G,1.60,0.89,40,21.65,Sc,,
NGC3396,G,3.10,1.27,97,22.96,Sm,,
NGC3398,G,0.86,0.32,76,22.20,SABb,,
NGC3399,G,1.52,1.38,30,24.12,E-S0,,
NGC3400,G,1.53,0.91,97,23.46,SBa,,
NGC3402,G,1.85,1.78,170,23.13,E,,
NGC3403,G,2.78,1.04,73,23.23,Sbc,,
NGC3404,G,2.06,0.60,81,23.60,SBab,,
NGC3405,GPair,1.20,,,,,,
NGC3405,G,1.29,0.98,74,24.10,E,,
NGC3405,G,0.66,0.50,95,23.41,E-S0,,
NGC3406,GPair,1.20,,,,,,
NGC3406,G,1.45,1.00,84,23.74,E,,
NGC3406,G,1.12,0.55,11,23.81,S0,,
NGC3407,G,1.35,0.67,17,23.96,E-S0,,
NGC3408,G,0.85,0.72,150,22.57,Sc,,
NGC3409,G,1.39,0.32,9,24.09,SBc,,
NGC3410,G,0.87,0.59,40,23.20,SABb,,
NGC3412,G,3.96,2.17,155,23.14,S0,,
NGC3413,G,2.02,0.85,177,23.43,S0-a,,
NGC3414,G,2.67,1.37,9,22.89,S0,,
NGC3415,G,1.35,0.78,10,22.76,S0-a,,
NGC3416,G,0.59,0.25,31,22.57,Sc,,
NGC3417,G,0.81,0.52,87,23.28,SBb,,
NGC3418,G,1.10,0.94,77,22.96,S0-a,,
NGC3419,G,0.75,0.63,117,21.94,S0-a,,
NGC3419,G,1.67,0.34,136,23.79,SBbc,,
NGC3420,G,1.16,1.13,120,23.79,SBa,,
NGC3421,G,1.58,1.24,65,24.10,SBa,,
NGC3422,G,1.33,0.44,54,23.97,S0-a,,
NGC3423,G,3.56,3.03,4,22.96,Sc,,
NGC3424,G,2.49,0.78,111,23.05,SBb,,
NGC3425,G,1.16,1.01,65,23.56,S0,,
NGC3426,G,1.71,1.39,104,23.83,E,,
NGC3427,G,1.30,0.83,77,23.15,S0-a,,
NGC3428,G,1.40,0.60,167,22.91,Sb,,
NGC3430,G,3.99,2.22,32,23.44,Sc,,
NGC3431,G,1.50,0.40,133,23.18,SABb,,
NGC3432,G,7.41,2.08,33,23.63,SBm,,
NGC3433,G,2.51,2.40,170,23.98,Sc,,
NGC3434,G,1.45,1.09,178,23.11,Sb,,
NGC3435,G,1.75,1.17,33,23.72,SBb,,
NGC3436,G,0.86,0.60,79,23.11,Sab,,
NGC3437,G,2.35,0.82,119,22.43,SABc,,
NGC3438,G,0.89,0.83,65,22.76,E?,,
NGC3439,G,0.44,0.35,135,,Sbc,,
NGC3440,G,2.03,0.47,51,23.60,Sbc,,
NGC3441,G,0.79,0.43,6,21.89,Sbc,,
NGC3442,G,0.54,0.36,18,21.01,Sab,,
NGC3443,G,1.77,0.89,146,24.14,SABc,,
NGC3444,G,1.36,0.16,19,23.48,Sbc,,
NGC3445,G,1.41,1.28,130,22.32,SABm,,
NGC3446,OCl,7.50,,,,,,
NGC3447,GPair,3.60,,,,,,
NGC3447,G,3.38,1.95,14,25.37,Sm,,
NGC3447,G,1.49,0.79,107,24.38,IB,,
NGC3448,G,2.97,0.88,65,22.61,S?,,
NGC3449,G,3.66,0.96,145,23.77,SABa,,
NGC3450,G,2.61,2.29,110,23.40,Sb,,
NGC3451,G,1.66,0.78,50,22.60,Sc,,
NGC3452,G,1.25,0.31,65,23.57,Sa,,
NGC3453,G,1.09,0.56,13,22.33,SBbc,,
NGC3454,G,2.41,0.53,116,23.15,SBc,,
NGC3455,G,2.27,1.42,70,24.47,SABb,,
NGC3456,G,1.75,1.26,105,22.98,Sc,,
NGC3457,G,0.97,0.93,175,21.79,E,,
NGC3458,G,1.38,0.73,7,22.46,S0,,
NGC3459,G,1.45,0.55,149,23.31,SBab,,
NGC3461,G,0.51,0.43,66,23.13,Sbc,,
NGC3462,G,1.76,1.16,62,23.38,S0,,
NGC3463,G,1.51,0.70,77,22.90,Sb,,
NGC3464,G,2.37,1.55,111,23.33,Sc,,
NGC3465,G,0.95,0.80,65,23.18,Sb,,
NGC3466,G,1.00,0.56,53,22.93,SBab,,
NGC3467,G,0.92,0.81,20,22.98,S0,,
NGC3468,G,1.50,0.73,9,23.71,S0,,
NGC3469,G,1.56,1.05,142,23.70,Sab,,
NGC3470,G,1.36,1.16,161,23.53,Sab,,
NGC3471,G,1.79,0.92,12,22.95,SBa,,
NGC3473,G,1.05,0.84,36,23.33,SBb,,
NGC3474,G,1.06,0.82,160,23.97,E,,
NGC3475,G,1.13,0.70,60,23.34,Sa,,
NGC3476,G,1.01,0.90,146,23.75,E,,
NGC3477,G,1.41,0.31,72,24.67,S0-a,,
NGC3478,G,2.05,0.85,127,23.20,SBbc,,
NGC3479,G,1.53,1.07,3,23.24,Sbc,,
NGC3481,G,0.81,0.56,125,22.77,Sab,,
NGC3482,G,1.85,1.36,16,23.39,SBa,,
NGC3483,G,1.79,1.35,98,23.22,S0-a,,
NGC3485,G,2.17,2.05,50,23.08,Sb,,
NGC3486,G,5.82,4.12,80,23.35,Sc,,
NGC3487,G,0.89,0.38,152,22.58,Sab,,
NGC3488,G,1.51,0.72,172,23.00,Sc,,
NGC3489,G,3.44,2.03,70,22.44,S0-a,,
NGC3490,G,0.89,0.72,26,23.86,E,,
NGC3491,G,0.92,0.90,140,22.84,E-S0,,
NGC3492,GPair,1.00,,,,,,
NGC3492,G,0.98,0.76,27,24.17,E,,
NGC3492,G,1.17,0.76,100,23.34,E,,
NGC3493,G,0.98,0.34,85,22.86,SBc,,
NGC3495,G,4.66,1.00,20,23.22,SABc,,
NGC3496,OCl,6.00,,,,,,
NGC3497,G,2.58,1.56,57,23.77,S0,,
NGC3499,G,0.83,0.71,20,22.47,S0-a,,
NGC3500,G,0.87,0.42,48,22.94,Sab,,
NGC3501,G,4.31,0.65,27,23.98,Sc,,
NGC3503,RfN,3.00,3.00,,,,,
NGC3504,G,2.48,2.24,150,22.27,Sab,,
NGC3506,G,1.16,1.04,175,22.14,Sc,,
NGC3507,G,2.92,2.51,95,23.02,SBb,,
NGC3508,G,1.00,0.80,23,22.18,Sb,,
NGC3509,G,1.93,0.51,37,23.41,Sbc,,
NGC3510,G,1.55,0.71,163,22.55,SBm,,
NGC3511,G,6.04,2.00,76,23.29,SABc,,
NGC3512,G,1.59,1.36,141,22.62,Sc,,
NGC3513,G,2.81,1.28,113,22.28,SBc,,
NGC3514,G,1.22,0.99,100,22.70,SABc,,
NGC3515,G,0.98,0.69,51,23.02,Sbc,,
NGC3516,G,1.91,1.62,55,22.69,S0,,
NGC3517,G,0.95,0.81,91,22.41,Sab,,
NGC3519,OCl,4.8,,,,,,
NGC3520,G,0.95,0.75,51,23.62,E,,
NGC3521,G,8.32,4.47,162,22.75,SABb,,
NGC3522,G,1.17,0.62,115,23.16,E,,
NGC3523,G,1.14,0.97,160,22.79,Sbc,,
NGC3524,G,1.47,0.43,14,22.64,S0-a,,
NGC3526,G,2.38,0.56,55,23.03,Sc,,
NGC3527,G,1.18,1.00,171,23.87,Sa,,
NGC3529,G,1.11,0.92,104,22.89,SBb,,
NGC3530,G,0.81,0.27,99,22.45,S0-a,,
NGC3532,OCl,12.00,,,,,,Wishing Well Cluster
NGC3533,G,2.88,0.73,70,24.16,SABb,,
NGC3534,G,1.44,0.45,88,23.79,Sab,,
NGC3534,G,0.92,0.38,169,23.61,Sb,,
NGC3535,G,1.16,0.51,178,23.02,Sa,,
NGC3536,G,0.84,0.68,161,23.36,Sa,,
NGC3537,GPair,1.40,,,,,,
NGC3537,G,1.35,1.20,30,,Sab,,
NGC3537,G,1.38,1.23,170,,,,
NGC3539,G,1.26,0.41,5,24.10,S0-a,,
NGC3540,G,1.32,1.19,63,23.86,S0,,
NGC3541,G,1.30,1.18,90,24.34,SABc,,
NGC3542,G,0.81,0.35,45,22.57,SBbc,,
NGC3543,G,1.21,0.25,9,22.80,Sbc,,
NGC3544,G,3.06,0.97,94,23.71,Sa,,
NGC3545,GPair,1.30,,,,,,
NGC3545,G,1.16,1.16,69,24.20,E-S0,,
NGC3545,G,0.44,0.44,60,22.29,E,,
NGC3546,G,1.91,0.90,101,24.56,E-S0,,
NGC3547,G,1.74,0.77,6,22.53,Sb,,
NGC3549,G,2.64,0.86,39,22.73,SBc,,
NGC3550,GPair,1.20,,,,,,
NGC3550,G,0.87,0.83,20,23.34,E-S0,,
NGC3550,G,1.07,1.02,50,23.19,S0,,
NGC3551,G,1.38,0.95,38,24.16,E,,
NGC3552,G,0.82,0.77,55,23.37,E-S0,,
NGC3553,G,0.54,0.27,2,23.36,SBab,,
NGC3554,G,0.74,0.61,57,23.45,E,,
NGC3555,G,0.60,0.29,32,23.38,E,,
NGC3556,G,3.98,1.66,79,21.70,Sc,108,
NGC3557,G,4.36,3.43,32,23.46,E,,
NGC3557,G,1.83,0.52,110,23.65,E,,
NGC3558,G,0.99,0.91,115,23.46,E,,
NGC3559,G,1.50,0.91,51,23.14,SBc,,
NGC3561,G,1.71,1.71,175,24.44,S0-a,,the Guitar
NGC3562,G,1.69,1.26,165,23.16,E,,
NGC3563,GPair,1.40,,,,,,
NGC3563,G,0.58,0.50,41,23.22,S0-a,,
NGC3563,G,1.13,0.82,15,23.73,S0,,
NGC3564,G,1.95,1.09,16,23.34,S0,,
NGC3565,G,0.68,0.52,126,23.30,E-S0,,
NGC3567,G,1.22,0.46,115,23.67,S0,,
NGC3568,G,2.70,1.18,6,23.14,Sc,,
NGC3569,G,1.15,1.07,50,23.48,S0,,
NGC3570,G,1.06,0.99,100,23.73,S0,,
NGC3572,OCl,4.08,,,,,,
NGC3573,G,2.55,1.08,4,23.98,S0-a,,
NGC3574,G,0.73,0.59,31,23.80,E,,
NGC3576,HII,3.00,3.00,,,,,
NGC3577,G,1.16,1.01,61,23.71,Sa,,
NGC3579,Neb,20.00,15.00,,,,,
NGC3580,G,0.85,0.29,175,23.19,S0,,
NGC3581,HII,,,,,,,
NGC3582,Neb,,,,,,,
NGC3583,G,2.24,1.26,127,22.43,Sb,,
NGC3584,Neb,,,,,,,
NGC3585,G,6.61,3.27,104,23.74,E,,
NGC3586,Neb,,,,,,,
NGC3587,PN,3.58,,,,,097,Owl Nebula
NGC3588,GPair,0.55,0.55,10,22.73,Sa,,
NGC3589,G,1.49,0.76,50,23.52,SABc,,
NGC3590,OCl,5.10,,,,,,
NGC3591,G,1.22,0.77,151,23.51,S0-a,,
NGC3592,G,2.13,0.57,118,23.80,Sc,,
NGC3593,G,4.69,1.85,91,23.82,S0-a,,
NGC3594,G,1.25,1.06,8,23.89,S0,,
NGC3595,G,1.51,0.63,176,22.50,S0,,
NGC3596,G,3.55,3.37,65,23.24,SABc,,
NGC3597,G,1.49,1.06,84,23.28,S0-a,,
NGC3598,G,1.61,1.26,38,23.28,E-S0,,
NGC3599,G,2.40,2.18,105,23.54,S0,,
NGC3600,G,1.87,0.59,4,22.72,SBa,,
NGC3601,G,0.51,0.43,17,21.41,SBab,,
NGC3602,G,1.04,0.43,48,24.09,SBa,,
NGC3603,Cl+N,3.30,,,,,,
NGC3604,G,1.40,0.75,11,22.02,Sa,,
NGC3605,G,1.25,0.71,19,22.48,E,,
NGC3606,G,1.59,1.49,10,23.28,E,,
NGC3607,G,4.59,4.03,120,22.99,E-S0,,
NGC3608,G,3.18,2.67,78,22.95,E,,
NGC3609,G,1.17,0.97,49,22.96,SABa,,
NGC3610,G,2.39,2.37,135,22.39,E,,
NGC3612,G,0.93,0.64,169,23.27,Scd,,
NGC3613,G,3.55,1.78,100,23.31,E,,
NGC3614,G,2.50,1.74,88,23.44,SABc,,
NGC3614,G,0.69,0.62,34,,Sm,,
NGC3615,G,1.51,0.91,40,23.66,E,,
NGC3617,G,1.79,1.22,137,23.76,E,,
NGC3618,G,0.89,0.77,3,22.78,SABb,,
NGC3619,G,3.89,3.08,25,24.20,S0-a,,
NGC3620,G,3.16,0.84,80,25.86,SBab,,
NGC3621,G,9.79,4.03,161,23.03,SBcd,,
NGC3622,G,1.25,0.51,9,22.06,Scd,,
NGC3623,G,7.64,1.97,173,22.73,Sa,065,
NGC3624,G,0.91,0.51,166,23.02,SBb,,
NGC3625,G,1.91,0.50,151,23.28,Sb,,
NGC3626,G,2.94,1.94,157,22.86,S0-a,,
NGC3627,G,10.28,4.61,168,22.96,Sb,066,
NGC3628,G,11.04,3.44,104,23.13,SBb,,
NGC3629,G,1.77,1.14,35,22.77,SABc,,
NGC3630,G,1.92,0.88,38,22.98,S0,,
NGC3631,G,3.72,3.08,118,22.15,Sc,,
NGC3633,G,1.19,0.44,71,23.07,Sa,,
NGC3634,G,0.35,0.21,,,E,,
NGC3635,G,1.35,1.35,55,24.03,SABb,,
NGC3636,G,2.51,1.29,91,24.16,E,,
NGC3637,G,2.45,2.14,20,24.21,S0,,
NGC3638,G,1.60,0.38,140,23.65,Sb,,
NGC3639,G,1.10,0.85,27,22.95,Sab,,
NGC3640,G,4.33,3.81,98,23.38,E,,
NGC3641,G,0.99,0.82,178,22.96,E,,
NGC3642,G,4.27,3.65,120,23.48,Sbc,,
NGC3643,G,0.95,0.74,107,23.25,S0-a,,
NGC3644,G,1.43,0.61,65,24.16,Sa,,
NGC3646,G,3.09,1.48,45,22.37,Sc,,
NGC3647,G,0.39,0.38,75,22.52,E,,
NGC3648,G,1.19,0.73,73,22.72,S0,,
NGC3649,G,0.76,0.54,141,22.82,SBa,,
NGC3650,G,1.91,0.32,54,23.51,Sb,,
NGC3651,GPair,1.00,,,,,,
NGC3651,G,1.35,1.10,137,23.67,E,,
NGC3651,G,0.78,0.36,99,23.38,S0,,
NGC3652,G,2.48,0.77,153,22.61,Sc,,
NGC3653,G,1.21,0.65,79,23.71,S0,,
NGC3654,G,1.46,0.84,45,22.44,Sbc,,
NGC3655,G,1.45,1.00,32,21.56,Sc,,
NGC3656,G,1.46,0.97,168,22.71,S?,,
NGC3657,G,0.99,0.88,169,22.14,SABc,,
NGC3658,G,1.72,1.59,30,23.03,S0,,
NGC3659,G,1.96,1.04,59,22.59,Sd,,
NGC3660,G,2.56,2.17,105,23.40,Sbc,,
NGC3661,G,1.77,0.75,139,24.08,S0-a,,
NGC3662,G,1.32,0.76,19,22.68,Sbc,,
NGC3663,G,1.98,1.43,85,23.10,Sbc,,
NGC3664,G,1.45,0.94,34,22.48,SBm,,
NGC3664,G,0.63,0.51,1,23.55,Sm,,
NGC3665,G,4.06,3.00,29,23.55,S0,,
NGC3666,G,3.44,0.99,97,23.12,SBc,,
NGC3667,G,2.10,1.20,82,23.87,Sab,,
NGC3667,G,0.92,0.68,41,23.19,Sb,,
NGC3668,G,1.82,1.11,133,22.86,SBbc,,
NGC3669,G,1.79,0.45,154,22.16,Scd,,
NGC3670,G,1.06,0.66,36,23.11,S0-a,,
NGC3671,G,0.82,0.67,1,23.92,E-S0,,
NGC3672,G,2.90,1.69,7,22.68,Sc,,
NGC3673,G,3.48,2.32,74,23.63,Sb,,
NGC3674,G,1.59,0.47,32,22.68,S0,,
NGC3675,G,5.90,3.27,178,23.13,Sb,,
NGC3676,G,1.01,0.76,151,23.43,E-S0,,
NGC3677,G,1.49,1.29,130,23.43,S0-a,,
NGC3678,G,0.71,0.68,50,22.34,Sbc,,
NGC3679,G,1.21,0.95,90,24.06,E,,
NGC3680,OCl,5.70,,,,,,
NGC3681,G,1.74,1.68,10,22.34,Sbc,,
NGC3682,G,2.23,1.41,93,23.62,S0-a,,
NGC3683,G,1.74,0.71,124,22.18,SBc,,
NGC3683,G,2.03,1.48,68,22.97,Sc,,
NGC3684,G,2.29,1.50,126,22.52,Sbc,,
NGC3685,G,0.75,0.38,147,23.65,E,,
NGC3686,G,2.88,2.18,21,22.82,SBbc,,
NGC3687,G,1.40,0.49,173,22.20,Sbc,,
NGC3688,G,1.11,0.93,168,23.91,SBb,,
NGC3689,G,1.48,0.97,94,22.24,SABc,,
NGC3690,GPair,2.10,,,,,,
NGC3690,G,0.21,0.15,164,18.36,Sm,,
NGC3690,G,2.40,1.86,41,22.11,SBm,,
NGC3691,G,1.49,1.04,20,21.99,SBb,,
NGC3692,G,3.22,0.75,93,23.45,Sb,,
NGC3693,G,2.33,0.75,86,23.71,Sb,,
NGC3694,G,1.00,0.78,116,22.47,E,,
NGC3695,G,0.97,0.67,165,23.24,SBbc,,
NGC3696,G,0.90,0.73,102,23.18,SABc,,
NGC3697,G,2.07,0.61,93,23.22,Sb,,
NGC3699,PN,0.75,,,,,,
NGC3700,G,0.98,0.71,146,23.36,Sab,,
NGC3701,G,1.60,0.77,143,22.70,Sbc,,
NGC3702,G,1.29,0.95,158,23.57,SABa,,
NGC3703,G,0.60,0.42,110,,S0,,
NGC3704,G,1.55,1.44,30,23.64,E,,
NGC3705,G,4.31,1.74,121,23.09,SABa,,
NGC3705,G,0.89,0.28,128,23.58,Sc,,
NGC3705,G,0.59,0.27,69,23.67,SBbc,,
NGC3706,G,3.10,2.10,78,23.53,E-S0,,
NGC3707,G,0.67,0.53,77,23.69,E,,
NGC3710,G,1.22,0.45,99,23.31,E,,
NGC3711,G,0.95,0.46,155,22.71,SABb,,
NGC3712,G,1.97,0.70,159,24.94,SBd,,
NGC3713,G,1.21,0.80,123,23.32,E-S0,,
NGC3714,G,1.23,0.85,65,23.51,S0,,
NGC3715,G,1.23,0.81,133,22.31,SBbc,,
NGC3716,G,0.92,0.78,152,22.82,S0,,
NGC3717,G,6.52,2.04,32,24.21,Sb,,
NGC3718,G,4.70,2.34,9,23.29,Sa,,
NGC3719,G,1.67,1.11,24,23.25,Sbc,,
NGC3720,G,1.07,0.99,125,22.63,Sab,,
NGC3721,G,0.91,0.53,130,23.79,S0-a,,
NGC3722,G,1.11,0.81,58,24.33,E,,
NGC3723,G,1.30,1.10,75,23.58,E-S0,,
NGC3724,G,1.46,0.35,63,24.54,S0-a,,
NGC3725,G,1.54,1.27,144,23.31,SBc,,
NGC3726,G,5.27,3.54,14,22.70,Sc,,
NGC3727,G,0.92,0.63,87,23.57,S0,,
NGC3728,G,1.56,0.85,22,23.79,Sb,,
NGC3729,G,2.89,2.09,14,22.59,Sa,,
NGC3730,G,1.42,1.06,13,23.89,S0,,
NGC3731,G,0.97,0.85,45,23.11,E,,
NGC3732,G,1.28,1.10,89,22.18,S0-a,,
NGC3733,G,3.40,1.07,167,23.41,SABc,,
NGC3734,G,1.11,0.97,59,23.52,SABb,,
NGC3735,G,3.54,0.80,130,22.62,Sc,,
NGC3736,G,1.15,0.55,151,24.14,Sbc,,
NGC3737,G,1.10,0.95,89,22.91,S0,,
NGC3738,G,2.26,1.63,156,21.77,I,,
NGC3739,G,1.22,0.35,18,23.42,SBbc,,
NGC3740,G,1.26,0.69,109,23.64,Sb,,
NGC3741,G,0.94,0.81,2,22.88,I,,
NGC3742,G,2.60,1.83,113,23.61,Sab,,
NGC3743,G,0.56,0.48,3,23.30,E,,
NGC3744,G,0.73,0.32,13,23.20,Sa,,
NGC3745,G,0.58,0.33,102,23.68,E-S0,,
NGC3746,G,1.13,0.53,115,23.49,Sab,,
NGC3747,G,0.48,0.23,110,23.32,,,
NGC3748,G,0.85,0.31,138,24.07,S0,,
NGC3749,G,2.82,0.48,109,24.15,Sa,,
NGC3750,G,1.05,0.73,154,23.74,E-S0,,
NGC3751,G,0.91,0.53,9,23.51,E-S0,,
NGC3752,G,1.62,0.68,152,22.99,SABa,,
NGC3753,G,1.60,0.46,109,23.57,SBab,,
NGC3754,G,0.55,0.45,1,22.30,SBb,,
NGC3755,G,2.90,1.16,124,24.14,Sc,,
NGC3756,G,1.91,0.97,179,21.69,SABb,,
NGC3757,G,1.14,0.89,125,22.45,S0,,
NGC3758,G,0.70,0.57,54,22.43,Sb,,
NGC3759,G,1.03,0.95,10,23.09,S0,,
NGC3759,G,1.08,0.97,35,23.07,Sbc,,
NGC3761,G,1.09,0.83,63,24.04,E,,
NGC3762,G,1.83,0.42,166,22.72,SBa,,
NGC3763,G,1.07,0.95,159,21.17,SABc,,
NGC3764,GPair,0.80,,,,,,
NGC3764,G,0.69,0.56,132,22.80,Sc,,
NGC3764,G,0.24,0.19,25,,Sd,,
NGC3765,G,0.85,0.57,61,22.92,SBbc,,
NGC3766,OCl,6.90,,,,,,Pearl Cluster
NGC3767,G,0.98,0.70,88,23.06,S0,,
NGC3768,G,1.36,0.84,154,23.16,S0,,
NGC3769,G,2.82,0.89,150,22.69,Sb,,
NGC3769,G,0.92,0.37,107,22.50,SBm,,
NGC3770,G,0.95,0.63,119,22.14,SBa,,
NGC3771,G,1.47,0.86,10,23.25,E,,
NGC3772,G,1.31,0.69,14,23.23,Sa,,
NGC3773,G,1.23,0.97,161,22.67,S0,,
NGC3774,G,1.11,0.67,79,23.32,Sb,,
NGC3775,G,1.28,0.50,30,23.96,S0-a,,
NGC3776,G,0.48,0.38,155,23.06,Sb,,
NGC3777,G,1.18,0.63,35,23.12,SABa,,
NGC3778,G,1.21,0.99,40,23.32,E-S0,,
NGC3779,G,1.62,0.82,92,23.55,SBcd,,
NGC3780,G,2.64,2.17,74,22.81,Sc,,
NGC3781,G,0.68,0.55,25,22.77,S0,,
NGC3782,G,1.23,0.64,178,21.71,Scd,,
NGC3783,G,2.15,1.94,163,22.77,SBa,,
NGC3784,G,0.93,0.50,137,23.30,SABa,,
NGC3785,G,1.11,0.44,27,23.93,S0,,
NGC3786,G,1.96,1.00,72,23.32,SABa,,
NGC3787,G,0.75,0.70,25,22.68,S0,,
NGC3788,G,2.00,0.58,179,22.77,Sab,,
NGC3789,G,1.80,0.52,178,24.30,S0-a,,
NGC3790,G,1.03,0.36,154,23.13,S0-a,,
NGC3791,G,1.34,0.92,165,23.73,S0,,
NGC3794,G,2.03,1.12,118,23.66,SABc,,
NGC3795,G,2.10,0.55,54,23.36,Sbc,,
NGC3795,G,2.03,1.48,71,24.33,SABc,,
NGC3796,G,1.46,0.88,126,22.85,E-S0,,
NGC3798,G,2.15,1.01,60,24.03,S0,,
NGC3799,G,0.67,0.38,105,21.92,SBb,,
NGC3800,G,1.67,0.58,53,22.36,SABb,,
NGC3801,G,2.31,1.29,120,23.72,S0,,
NGC3802,G,1.04,0.24,85,22.32,Sb,,
NGC3803,G,0.62,0.50,19,23.92,SBcd,,
NGC3805,G,1.53,1.25,62,23.35,E-S0,,
NGC3806,G,1.14,0.94,170,23.07,Sb,,
NGC3808,GPair,2.20,,,,,,
NGC3808,G,0.94,0.73,135,22.62,SABc,,
NGC3808,G,0.75,0.33,46,19.93,SBc,,
NGC3809,G,1.22,1.12,125,22.72,S0,,
NGC3810,G,3.35,2.29,28,22.32,Sc,,
NGC3811,G,2.03,1.51,172,22.96,SBc,,
NGC3812,G,1.71,0.52,25,23.87,E,,
NGC3813,G,2.12,1.22,85,22.24,Sb,,
NGC3814,G,0.79,0.42,172,23.82,,,
NGC3815,G,1.44,0.77,70,23.20,Sab,,
NGC3816,G,1.70,0.90,68,23.35,S0,,
NGC3817,G,1.10,0.85,122,23.16,S0-a,,
NGC3818,G,2.44,1.55,96,23.49,E,,
NGC3819,G,0.90,0.63,145,23.41,E,,
NGC3820,G,0.69,0.52,25,23.13,Sbc,,
NGC3821,G,1.36,1.01,175,22.98,S0-a,,
NGC3822,G,1.36,0.76,176,23.46,S0-a,,
NGC3823,G,1.93,1.18,86,24.00,E,,
NGC3824,G,1.23,0.69,115,23.36,SBa,,
NGC3825,G,1.35,0.89,147,23.10,Sa,,
NGC3826,G,1.06,0.79,68,23.30,E,,
NGC3827,G,1.01,0.73,74,22.27,Sd,,
NGC3828,G,0.77,0.55,51,23.73,E,,
NGC3829,G,1.04,0.55,97,23.30,Sb,,
NGC3831,G,2.28,0.63,23,24.27,S0-a,,
NGC3832,G,1.87,1.51,7,23.62,Sc,,
NGC3833,G,1.34,0.67,29,23.34,Sc,,
NGC3834,G,0.86,0.60,133,23.35,E-S0,,
NGC3835,G,1.91,0.64,62,22.71,Sab,,
NGC3835,G,1.10,1.08,170,22.98,E?,,
NGC3836,GPair,1.50,,,,,,
NGC3836,G,0.43,0.18,111,,,,
NGC3836,G,1.20,0.93,138,22.55,Sc,,
NGC3837,G,0.93,0.84,6,22.96,E,,
NGC3838,G,1.43,0.59,141,22.58,S0-a,,
NGC3839,G,1.04,0.51,85,22.28,Scd,,
NGC3840,G,0.79,0.68,67,22.79,Sa,,
NGC3841,G,0.99,0.65,119,23.26,E-S0,,
NGC3842,G,2.14,1.49,177,23.31,E,,
NGC3843,G,0.99,0.37,43,22.97,S0-a,,
NGC3844,G,1.16,0.30,28,23.65,S0-a,,
NGC3845,G,0.95,0.47,125,23.57,S0-a,,
NGC3846,G,0.97,0.63,134,21.95,SBbc,,
NGC3846,G,1.94,1.55,47,24.32,IB,,
NGC3847,G,1.52,1.36,130,24.12,E,,
NGC3849,G,0.67,0.40,29,22.70,S0-a,,
NGC3850,G,1.71,0.69,124,23.66,Sc,,
NGC3851,G,0.63,0.48,83,23.01,E-S0,,
NGC3853,G,1.43,0.82,140,23.03,E,,
NGC3854,G,1.87,1.64,57,23.01,SABb,,
NGC3855,G,1.22,0.95,73,23.75,Sb,,
NGC3857,G,0.90,0.55,48,23.55,S0-a,,
NGC3858,G,1.41,0.77,71,23.39,SBa,,
NGC3859,G,1.05,0.33,58,22.58,Sm,,
NGC3860,G,1.32,0.72,40,23.21,Sab,,
NGC3861,G,2.04,1.01,61,23.34,Sb,,
NGC3862,G,1.09,1.09,155,22.79,E,,
NGC3863,G,2.51,0.52,74,23.47,SBbc,,
NGC3864,G,0.77,0.58,82,23.56,Sab,,
NGC3867,G,1.44,0.82,176,23.43,Sab,,
NGC3868,G,0.84,0.44,80,23.22,S0-a,,
NGC3869,G,1.67,0.46,136,22.86,Sa,,
NGC3870,G,1.03,0.75,24,22.26,S0-a,,
NGC3871,G,0.94,0.20,104,22.85,Sb,,
NGC3872,G,2.39,1.77,4,23.47,E,,
NGC3873,G,1.14,1.06,0,23.01,E,,
NGC3875,G,1.59,0.36,86,23.98,S0-a,,
NGC3876,G,1.12,0.64,105,22.40,Sab,,
NGC3877,G,5.36,1.23,36,23.01,Sc,,
NGC3878,G,0.60,0.60,145,21.82,E,,
NGC3879,G,2.04,0.50,131,22.71,Sd,,
NGC3880,G,0.94,0.90,115,23.43,E,,
NGC3881,G,1.20,1.04,15,24.09,E-S0,,
NGC3882,G,3.32,1.82,107,23.68,SBbc,,
NGC3883,G,1.77,1.56,159,23.70,Sb,,
NGC3884,G,1.91,1.41,10,23.57,Sa,,
NGC3885,G,2.74,1.11,120,23.48,S0-a,,
NGC3886,G,1.35,0.71,125,23.48,E-S0,,
NGC3887,G,3.27,2.57,10,22.54,Sbc,,
NGC3888,G,1.61,1.31,119,22.28,SABc,,
NGC3889,G,0.73,0.41,123,23.63,E-S0,,
NGC3890,G,0.87,0.78,50,22.55,Sab,,
NGC3891,G,1.72,1.29,71,23.14,Sbc,,
NGC3892,G,3.08,2.70,98,24.00,S0-a,,
NGC3893,G,2.69,1.43,158,21.19,SABc,,
NGC3894,G,2.66,1.83,18,23.59,E,,
NGC3895,G,1.19,0.81,124,22.90,SBa,,
NGC3896,G,1.39,0.86,129,22.45,SBa,,
NGC3897,G,1.53,1.16,107,23.12,SBbc,,
NGC3898,G,3.47,2.11,107,22.41,Sab,,
NGC3899,G,1.51,0.67,4,22.42,Sb,,
NGC3900,G,2.55,1.25,2,22.91,S0-a,,
NGC3901,G,1.37,0.67,166,23.38,Sc,,
NGC3902,G,1.27,0.82,89,22.94,SABb,,
NGC3903,G,1.28,1.11,133,22.69,SABc,,
NGC3904,G,3.47,2.51,11,23.35,E,,
NGC3905,G,1.89,1.29,63,23.21,Sc,,
NGC3906,G,1.35,0.84,80,22.52,SBcd,,
NGC3907,G,1.06,0.67,40,23.48,E-S0,,
NGC3907,G,1.49,0.41,71,23.54,SBb,,
NGC3908,G,0.65,0.52,79,24.12,E,,
NGC3909,OCl,6.60,,,,,,
NGC3910,G,1.43,0.94,144,23.73,E-S0,,
NGC3911,G,0.87,0.71,112,23.60,SABb,,
NGC3913,G,1.64,1.38,146,23.03,Scd,,
NGC3914,G,0.84,0.39,37,22.07,SBb,,
NGC3915,G,1.90,0.43,96,24.62,S0-a,,
NGC3916,G,1.21,0.31,47,22.84,Sb,,
NGC3917,G,4.61,1.03,76,23.35,Sc,,
NGC3918,PN,0.32,,,,,,Blue Planetary
NGC3919,G,0.95,0.87,150,23.16,E,,
NGC3920,G,1.05,0.89,131,22.86,Sbc,,
NGC3921,G,2.02,1.20,30,23.29,S0-a,,
NGC3922,G,1.91,0.65,39,23.56,S0-a,,
NGC3923,G,6.89,4.55,48,23.80,E,,
NGC3925,G,1.23,0.82,15,24.01,SABa,,
NGC3926,GPair,1.20,,,,,,
NGC3926,G,0.62,0.51,86,23.18,E-S0,,
NGC3926,G,0.83,0.38,135,23.57,E,,
NGC3928,G,1.36,1.25,0,22.70,E,,Miniature Spiral
NGC3929,G,0.58,0.44,85,22.37,S0,,
NGC3930,G,2.66,1.98,38,24.14,Sc,,
NGC3931,G,1.13,0.88,157,23.28,E-S0,,
NGC3933,G,1.01,0.50,83,22.65,SBab,,
NGC3934,G,0.92,0.67,73,23.25,Sab,,
NGC3935,G,1.03,0.60,112,22.39,Sab,,
NGC3936,G,4.55,0.78,64,23.46,SBbc,,
NGC3937,G,1.75,1.54,20,23.41,E-S0,,
NGC3938,G,3.55,3.44,28,22.39,Sc,,
NGC3940,G,1.22,1.04,99,23.12,E,,
NGC3941,G,3.51,2.33,10,22.73,S0,,
NGC3942,G,1.34,0.69,124,22.69,SABc,,
NGC3943,G,0.97,0.91,130,23.04,SBab,,
NGC3944,G,1.07,0.76,30,22.99,E-S0,,
NGC3945,G,5.55,3.29,15,24.12,S0-a,,
NGC3946,G,0.66,0.54,83,23.03,S0-a,,
NGC3947,G,1.37,0.80,106,22.98,Sb,,
NGC3949,G,2.26,1.32,116,21.46,Sbc,,
NGC3950,G,0.40,0.34,52,23.21,E,,
NGC3951,G,1.02,0.51,175,22.66,Sab,,
NGC3952,G,1.63,0.41,84,22.06,SBm,,
NGC3953,G,6.14,3.13,14,22.64,Sbc,,
NGC3954,G,0.91,0.75,19,23.02,E,,
NGC3955,G,4.15,1.21,166,24.07,S0-a,,
NGC3956,G,3.46,1.00,64,23.22,SBc,,
NGC3957,G,3.24,0.61,176,24.09,S0-a,,
NGC3958,G,1.26,0.51,30,22.65,Sa,,
NGC3959,G,0.88,0.59,153,22.66,Sa,,
NGC3960,OCl,6.00,,,,,,
NGC3961,G,1.30,1.28,165,23.93,SBa,,
NGC3962,G,4.17,3.00,10,23.56,E,,
NGC3963,G,2.52,2.22,96,23.24,Sbc,,
NGC3964,G,0.89,0.67,78,23.30,S0-a,,
NGC3965,G,0.60,0.39,123,23.89,S0-a,,
NGC3966,G,2.48,0.52,109,24.43,S0-a,,
NGC3967,G,1.28,1.01,108,23.68,E-S0,,
NGC3968,G,1.91,1.31,17,23.18,Sbc,,
NGC3969,G,1.32,1.16,64,23.30,S0-a,,
NGC3970,G,1.19,0.52,101,23.55,S0,,
NGC3971,G,1.05,0.91,76,22.86,S0,,
NGC3972,G,3.67,0.99,117,23.55,SABb,,
NGC3973,G,0.69,0.42,166,23.84,S0-a,,
NGC3974,G,1.18,0.96,170,23.39,S0-a,,
NGC3975,G,0.76,0.42,94,23.53,SABb,,
NGC3976,G,3.13,0.90,57,22.80,Sb,,
NGC3977,G,1.53,1.19,177,23.93,Sab,,
NGC3978,G,1.58,1.46,25,23.01,SABb,,
NGC3979,G,1.23,0.65,99,23.18,S0,,
NGC3981,G,3.32,2.11,15,23.14,Sbc,,
NGC3982,G,2.13,1.87,25,22.05,SABb,,
NGC3983,G,1.17,0.27,113,23.29,S0-a,,
NGC3985,G,1.06,0.70,67,21.62,Sm,,
NGC3987,G,2.72,0.68,59,23.88,SBb,,
NGC3988,G,0.76,0.59,50,22.99,E,,
NGC3989,G,0.76,0.38,123,23.38,Sbc,,
NGC3990,G,1.38,0.81,42,22.88,E-S0,,
NGC3991,GPair,1.80,,,,,,
NGC3991,G,1.17,0.29,31,21.36,IB,,
NGC3991,G,0.83,0.50,15,22.98,Sab,,
NGC3992,G,8.07,5.64,78,23.45,Sbc,109,
NGC3993,G,1.68,0.51,140,23.63,Sb,,
NGC3994,G,0.85,0.46,10,21.23,Sc,,
NGC3995,G,2.59,0.95,38,22.61,SABm,,
NGC3996,G,0.83,0.64,51,22.46,Sb,,
NGC3997,G,1.10,0.56,126,22.50,SBb,,
NGC3998,G,2.78,2.26,139,22.37,S0,,
NGC3999,G,0.63,0.40,86,23.78,E,,
NGC4000,G,1.04,0.37,1,23.28,SBbc,,
NGC4001,G,0.59,0.40,149,23.22,Sbc,,
NGC4002,G,1.34,0.61,111,23.52,Sa,,
NGC4003,G,1.04,0.61,160,23.32,S0,,
NGC4004,G,1.17,0.51,8,22.41,IB,,
NGC4004,G,0.76,0.47,75,23.22,E-S0,,
NGC4005,G,1.12,0.74,92,22.78,S0-a,,
NGC4006,G,1.52,0.96,13,23.89,E,,
NGC4008,G,2.07,1.11,166,23.38,E,,
NGC4010,G,3.07,0.65,66,23.04,SBcd,,
NGC4011,G,0.77,0.37,35,23.49,Sc,,
NGC4012,G,1.73,0.52,151,23.52,SABb,,
NGC4013,G,4.89,1.23,58,23.64,SABb,,
NGC4014,G,1.63,0.99,119,23.19,S0-a,,
NGC4015,GPair,1.40,,,,,,
NGC4015,G,1.62,1.26,156,23.70,E-S0,,
NGC4015,G,0.78,0.16,35,21.95,Sc,,
NGC4016,G,0.76,0.47,155,21.57,Sd,,
NGC4017,G,1.57,1.08,69,22.48,Sbc,,
NGC4018,G,1.39,0.41,162,23.23,Sab,,
NGC4019,G,1.48,0.30,145,22.51,Sbc,,
NGC4020,G,1.87,0.82,19,22.66,Scd,,
NGC4021,G,0.93,0.84,81,24.06,E,,
NGC4022,G,1.00,0.96,105,23.10,S0,,
NGC4023,G,0.92,0.75,30,23.02,Sb,,
NGC4024,G,1.75,1.51,64,22.67,E-S0,,
NGC4025,G,1.42,0.92,34,23.24,SBc,,
NGC4026,G,4.41,0.87,178,23.54,S0,,
NGC4027,G,3.54,2.80,163,22.86,SBd,,
NGC4027,G,1.11,0.57,165,23.32,IB,,
NGC4029,G,1.25,0.60,156,23.27,SABb,,
NGC4030,G,3.78,2.65,19,22.50,Sbc,,
NGC4031,G,0.67,0.47,48,22.69,Sb,,
NGC4032,G,1.35,1.06,179,22.20,I,,
NGC4033,G,2.59,1.30,44,23.54,E,,
NGC4034,G,1.45,0.87,11,23.68,Sc,,
NGC4035,G,1.23,1.11,22,23.19,SABb,,
NGC4036,G,4.85,2.08,83,23.66,S0,,
NGC4037,G,2.38,2.22,30,23.44,Sb,,
NGC4038,G,5.42,3.78,80,22.94,SBm,,Antennae Galaxies
NGC4039,G,5.36,2.73,50,22.82,SBm,,Antennae Galaxies
NGC4040,G,1.20,0.61,140,24.12,E,,
NGC4041,G,2.57,2.39,70,22.38,Sbc,,
NGC4042,G,0.41,0.32,124,23.29,E,,
NGC4043,G,0.95,0.63,136,22.84,S0-a,,
NGC4044,G,1.12,1.03,5,23.66,E,,
NGC4045,G,2.55,1.58,86,23.13,Sa,,
NGC4045,G,0.92,0.42,146,23.83,S0,,
NGC4047,G,1.53,1.17,100,22.35,Sb,,
NGC4048,G,0.67,0.52,92,22.44,S0,,
NGC4049,G,1.16,0.72,51,22.75,Sm,,
NGC4050,G,3.43,2.14,89,24.15,Sab,,
NGC4051,G,4.89,4.26,146,22.87,SABb,,
NGC4052,OCl,5.10,,,,,,
NGC4053,G,1.06,0.62,107,22.99,Sab,,
NGC4054,GTrpl,1.00,,,,,,
NGC4054,G,0.65,0.43,91,23.12,Sbc,,
NGC4054,G,0.43,0.19,167,23.70,Sc,,
NGC4054,G,0.62,0.44,121,23.44,S0,,
NGC4055,G,0.92,0.79,1,22.53,E,,
NGC4056,G,0.63,0.53,133,24.36,E,,
NGC4057,G,1.29,0.99,120,23.01,E,,
NGC4058,G,1.39,0.69,167,23.42,S0-a,,
NGC4060,G,0.55,0.35,88,23.05,E,,
NGC4062,G,4.14,1.61,101,22.94,SABc,,
NGC4063,G,0.92,0.40,8,23.39,S0-a,,
NGC4064,G,3.22,1.31,151,22.94,SBa,,
NGC4066,G,1.16,1.09,170,23.21,E,,
NGC4067,G,1.13,0.82,38,22.18,SBb,,
NGC4068,G,1.92,1.16,29,22.78,I,,
NGC4069,G,0.49,0.35,25,23.57,E,,
NGC4070,G,1.24,0.99,46,23.33,E,,
NGC4071,PN,1.05,,,,,,
NGC4072,G,0.44,0.22,29,22.62,S0,,
NGC4073,G,2.09,1.70,99,23.00,E,,
NGC4074,G,0.55,0.31,110,22.57,S0-a,,
NGC4075,G,1.21,0.66,110,23.78,S0-a,,
NGC4076,G,0.87,0.79,78,22.60,Sb,,
NGC4077,G,1.26,0.86,19,23.50,S0,,
NGC4078,G,1.17,0.58,17,22.82,S0,,
NGC4079,G,1.73,1.18,135,23.38,SABb,,
NGC4080,G,1.23,0.58,121,22.52,SBm,,
NGC4081,G,1.43,0.63,130,22.65,Sa,,
NGC4082,G,0.78,0.35,70,22.76,Sb,,
NGC4083,G,0.88,0.46,35,23.57,S0,,
NGC4084,G,1.08,1.07,120,23.63,E,,
NGC4085,G,2.22,0.57,78,21.67,SABc,,
NGC4086,G,1.17,0.87,85,24.03,S0,,
NGC4087,G,2.00,1.69,40,23.41,E-S0,,
NGC4088,G,7.01,2.65,44,23.45,SABc,,
NGC4089,G,0.86,0.84,75,23.16,E,,
NGC4090,G,1.12,0.50,38,23.24,Sab,,
NGC4091,G,0.94,0.24,42,22.60,Sb,,
NGC4092,G,1.01,0.99,40,22.98,Sab,,
NGC4093,G,0.75,0.61,50,23.33,E,,
NGC4094,G,4.40,1.51,62,23.88,Sc,,
NGC4095,G,1.36,1.07,149,23.84,E,,
NGC4096,G,5.65,1.43,20,22.48,SABc,,
NGC4097,G,1.22,0.92,94,23.66,S0,,
NGC4098,GPair,1.20,,,,,,
NGC4098,G,1.32,0.85,156,23.37,Sab,,
NGC4098,G,1.23,0.79,161,23.99,Sb,,
NGC4100,G,4.56,1.30,167,22.79,Sbc,,
NGC4101,G,1.18,0.74,59,23.48,S0-a,,
NGC4102,G,2.94,1.67,37,22.76,SABb,,
NGC4103,OCl,7.80,,,,,,
NGC4104,G,2.50,1.09,34,23.82,S0,,
NGC4105,G,4.33,3.41,136,23.61,E,,
NGC4106,G,4.14,3.33,94,24.09,S0-a,,
NGC4108,G,1.63,1.33,105,22.67,Sc,,
NGC4108,G,1.28,0.56,12,23.29,Sbc,,
NGC4108,G,1.33,1.02,122,23.79,Scd,,
NGC4109,G,0.70,0.53,146,22.83,Sa,,
NGC4110,G,1.31,0.65,128,23.26,SBb,,
NGC4111,G,1.78,0.64,152,21.57,S0-a,,
NGC4112,G,1.70,0.99,5,22.46,Sb,,
NGC4113,G,0.81,0.47,62,23.06,SBa,,
NGC4114,G,2.16,1.07,135,24.01,SABa,,
NGC4116,G,2.57,1.49,152,22.79,SBcd,,
NGC4117,G,1.58,0.63,20,23.72,S0,,
NGC4118,G,0.69,0.38,148,23.77,S0-a,,
NGC4119,G,1.58,1.10,120,22.04,S0-a,,
NGC4120,G,1.57,0.38,167,22.81,Sc,,
NGC4121,G,0.52,0.46,65,21.33,E,,
NGC4123,G,3.18,2.32,125,22.95,Sc,,
NGC4125,G,5.87,4.58,95,23.34,E,,
NGC4126,G,0.81,0.61,4,22.84,S0,,
NGC4127,G,1.51,0.82,134,22.68,Sc,,
NGC4128,G,2.21,0.67,62,23.30,S0,,
NGC4129,G,2.58,0.71,94,23.11,SBab,,
NGC4131,G,1.36,0.59,69,23.22,S0-a,,
NGC4132,G,1.14,0.41,21,23.18,Sab,,
NGC4133,G,1.66,1.09,132,22.65,SABb,,
NGC4134,G,1.85,0.79,149,23.26,Sb,,
NGC4135,G,0.76,0.54,96,22.68,SABb,,
NGC4136,G,2.34,2.18,30,22.59,Sc,,
NGC4137,G,0.79,0.52,175,22.99,Sc,,
NGC4138,G,2.92,1.64,150,23.30,S0-a,,
NGC4139,G,1.20,0.48,159,23.87,S0,,
NGC4141,G,1.18,0.75,70,23.49,Sc,,
NGC4142,G,1.76,0.91,174,23.31,SBcd,,
NGC4143,G,2.73,1.68,144,22.72,S0,,
NGC4144,G,5.24,1.00,103,23.01,SABc,,
NGC4145,G,4.62,2.11,100,23.19,Scd,,
NGC4146,G,1.29,1.17,75,23.23,Sab,,
NGC4147,GCl,2.40,,,,,,
NGC4148,G,1.63,1.07,163,24.14,S0-a,,
NGC4149,G,1.37,0.27,86,22.24,SABb,,
NGC4150,G,1.99,1.33,148,22.70,S0,,
NGC4151,G,2.88,2.21,50,22.23,Sab,,
NGC4152,G,1.36,0.89,138,21.91,SABc,,
NGC4155,G,1.24,1.05,76,23.68,E,,
NGC4156,G,1.11,0.95,71,22.83,Sb,,
NGC4157,G,6.22,1.14,65,23.65,SABb,,
NGC4158,G,1.45,1.14,77,22.65,SABb,,
NGC4159,G,1.36,0.55,34,22.92,Scd,,
NGC4161,G,1.06,0.68,51,22.42,Sbc,,
NGC4162,G,2.28,1.37,173,22.80,Sbc,,
NGC4163,G,1.67,1.12,8,23.20,I,,
NGC4164,G,0.71,0.46,114,23.50,E,,
NGC4165,G,1.24,0.67,161,23.15,SABa,,
NGC4166,G,1.05,0.52,34,23.01,S0,,
NGC4168,G,2.92,2.28,121,23.21,E,,
NGC4169,G,1.64,0.81,151,22.93,S0,,
NGC4172,G,1.23,1.16,0,23.38,Sab,,
NGC4173,G,2.34,0.52,134,22.90,SBcd,,
NGC4174,G,0.91,0.41,50,22.70,S0-a,,
NGC4175,G,1.61,0.33,130,22.91,SBb,,
NGC4176,G,0.70,0.46,76,23.01,Sb,,
NGC4177,G,1.82,1.27,61,23.01,Sc,,
NGC4178,G,4.66,1.24,32,22.87,Scd,,
NGC4179,G,4.48,1.22,146,23.76,S0,,
NGC4180,G,1.45,0.49,21,22.13,SABa,,
NGC4181,G,1.12,0.77,8,23.92,E,,
NGC4183,G,4.29,0.63,166,23.18,Sc,,
NGC4184,OCl,6.0,,,,,,
NGC4185,G,1.85,1.26,165,23.24,SBbc,,
NGC4186,G,1.02,0.79,57,23.14,Sab,,
NGC4187,G,1.64,1.05,147,24.06,E,,
NGC4188,G,0.67,0.55,110,22.29,Sb,,
NGC4189,G,2.20,1.79,87,22.79,Sc,,
NGC4190,G,1.53,1.41,30,23.44,IB,,
NGC4191,G,1.52,1.23,3,23.21,S0,,
NGC4192,G,11.04,2.66,152,23.89,SABb,098,
NGC4193,G,2.23,0.99,90,22.97,SABb,,
NGC4194,G,1.64,1.14,170,22.44,SBm,,Medusa Galaxy Merger
NGC4195,G,1.51,1.32,173,24.70,Sc,,
NGC4196,G,1.14,0.81,59,22.80,S0,,
NGC4197,G,2.84,0.73,36,23.21,SABc,,
NGC4198,G,0.80,0.43,137,22.74,S0-a,,
NGC4199,GPair,1.10,,,,,,
NGC4199,G,1.02,0.69,49,24.02,E?,,
NGC4199,G,0.85,0.41,83,24.58,S0-a,,
NGC4200,G,1.43,0.86,97,23.35,S0,,
NGC4201,G,1.00,0.73,81,23.25,S0,,
NGC4202,G,1.03,0.56,129,22.90,SABb,,
NGC4203,G,3.42,1.43,10,23.08,E-S0,,
NGC4204,G,4.06,4.06,120,24.67,SBd,,
NGC4205,G,1.67,0.66,31,22.77,SBc,,
NGC4206,G,4.69,0.88,0,23.73,Sbc,,
NGC4207,G,1.50,0.77,122,22.45,Sd,,
NGC4208,G,2.80,1.69,74,22.34,Sc,,
NGC4210,G,1.94,1.39,96,23.43,Sb,,
NGC4211,G,1.03,0.60,123,23.16,S0-a,,
NGC4211,G,0.44,0.29,157,22.93,S0-a,,
NGC4213,G,1.57,1.10,67,23.35,E,,
NGC4214,G,6.79,5.28,128,22.88,I,,
NGC4215,G,1.69,0.57,174,22.68,S0-a,,
NGC4216,G,7.82,1.84,20,23.12,SABb,,
NGC4217,G,5.43,1.61,50,23.64,Sb,,
NGC4218,G,0.96,0.62,135,22.04,SABa,,
NGC4219,G,3.75,1.23,31,23.45,Sbc,,
NGC4219,G,1.29,0.56,31,23.35,SBc,,
NGC4220,G,3.30,0.99,140,23.36,S0-a,,
NGC4221,G,1.85,1.21,24,23.26,S0-a,,
NGC4222,G,2.83,0.42,56,23.20,Scd,,
NGC4223,G,2.02,1.25,131,23.11,S0-a,,
NGC4224,G,2.90,1.17,55,23.32,SABa,,
NGC4225,G,0.84,0.61,66,23.32,S0-a,,
NGC4226,G,1.12,0.53,123,23.01,SBa,,
NGC4227,G,1.49,0.82,71,23.47,S0-a,,
NGC4229,G,1.24,0.79,9,23.55,S0,,
NGC4230,OCl,5.40,,,,,,
NGC4231,G,0.78,0.63,3,22.88,S0-a,,
NGC4232,G,1.23,0.54,152,23.20,Sb,,
NGC4233,G,2.34,0.98,177,23.40,S0,,
NGC4234,G,1.15,1.11,25,22.41,Sm,,
NGC4235,G,4.41,0.89,49,23.77,Sa,,
NGC4236,G,23.50,6.85,161,24.58,SBd,,
NGC4237,G,1.82,1.18,106,22.08,SABb,,
NGC4238,G,1.73,0.53,35,23.15,SABc,,
NGC4239,G,1.36,0.79,117,23.16,E,,
NGC4240,G,1.47,1.28,90,23.97,E,,
NGC4241,G,1.46,1.03,164,22.93,Sc,,
NGC4242,G,3.80,2.67,23,22.92,Sd,,
NGC4244,G,16.22,7.24,45,24.57,Sc,,
NGC4245,G,2.55,1.62,145,22.98,S0-a,,
NGC4246,G,2.14,1.09,84,23.24,Sc,,
NGC4247,G,0.99,0.84,43,23.38,SABa,,
NGC4248,G,2.01,0.90,108,22.71,SBm,,
NGC4249,G,0.86,0.84,100,22.89,E-S0,,
NGC4250,G,1.87,0.94,166,23.18,S0-a,,
NGC4251,G,2.34,1.23,100,22.19,S0,,
NGC4252,G,1.19,0.41,49,22.99,Sbc,,
NGC4253,G,0.89,0.64,73,22.05,SBa,,
NGC4254,G,5.04,4.74,23,22.60,Sc,099,Coma Pinwheel/Virgo Cluster Pinwheel
NGC4255,G,1.35,0.62,113,22.75,S0,,
NGC4256,G,3.87,0.76,41,23.31,Sb,,
NGC4257,G,0.47,0.18,66,21.16,Sab,,
NGC4258,G,16.98,7.24,150,23.36,Sbc,106,
NGC4259,G,1.04,0.45,143,23.23,S0,,
NGC4260,G,2.51,1.15,58,22.86,SBa,,
NGC4261,G,4.25,3.35,160,23.18,E,,
NGC4262,G,1.74,1.52,145,22.35,E-S0,,
NGC4263,G,1.16,0.55,116,22.47,SABb,,
NGC4264,G,0.86,0.67,110,22.06,S0-a,,
NGC4266,G,2.00,0.50,74,23.09,SBa,,
NGC4267,G,2.55,1.76,143,22.58,E-S0,,
NGC4268,G,1.51,0.64,47,23.10,S0-a,,
NGC4269,G,1.22,0.93,130,22.55,S0-a,,
NGC4270,G,1.88,0.78,110,23.02,S0,,
NGC4271,G,1.77,1.36,59,23.61,E-S0,,
NGC4272,G,1.02,0.83,117,23.06,E,,
NGC4273,G,2.19,1.95,11,22.66,Sc,,
NGC4274,G,3.63,1.70,102,22.44,SBab,,
NGC4275,G,0.87,0.81,120,21.85,SABb,,
NGC4276,G,1.34,1.18,80,22.84,Sc,,
NGC4277,G,0.76,0.32,132,22.30,S0-a,,
NGC4278,G,2.89,2.83,35,22.22,E,,
NGC4279,G,1.17,0.72,26,23.93,S0-a,,
NGC4281,G,2.85,1.43,86,23.07,S0-a,,
NGC4282,G,0.88,0.56,100,22.96,S0-a,,
NGC4283,G,1.23,1.13,140,22.32,E,,
NGC4284,G,1.90,0.86,101,24.00,Sbc,,
NGC4285,G,0.93,0.46,43,23.26,Sa,,
NGC4286,G,1.08,0.38,144,23.02,Sa,,
NGC4287,G,1.22,0.39,71,23.29,Sbc,,
NGC4288,G,1.70,1.35,138,22.99,SBcd,,
NGC4288,G,0.72,0.64,155,23.73,S0-a,,
NGC4289,G,4.26,0.46,1,24.44,SBc,,
NGC4290,G,2.19,1.47,70,23.07,Sb,,
NGC4291,G,1.93,1.62,108,22.68,E,,
NGC4292,G,1.60,1.11,10,22.84,S0,,
NGC4293,G,6.24,3.72,72,23.61,S0-a,,
NGC4294,G,2.69,1.02,148,22.49,SBc,,
NGC4295,G,0.51,0.44,152,22.27,S0-a,,
NGC4296,G,1.44,0.79,16,23.99,S0,,
NGC4297,G,0.64,0.31,171,21.56,S0-a,,
NGC4298,G,2.54,1.40,137,22.21,Sc,,
NGC4299,G,1.48,1.38,0,22.27,SABd,,
NGC4300,G,1.79,0.72,40,22.97,Sa,,
NGC4301,G,1.14,1.09,15,22.51,Sc,,
NGC4302,G,6.00,1.13,178,23.42,Sc,,
NGC4303,G,6.89,6.56,20,23.05,Sbc,061,
NGC4304,G,2.48,2.43,105,23.17,Sbc,,
NGC4305,G,2.30,1.19,30,23.53,Sa,,
NGC4306,G,1.49,1.06,142,23.18,S0,,
NGC4307,G,3.44,0.81,24,23.14,SBb,,
NGC4307,G,0.76,0.69,90,23.12,SABc,,
NGC4308,G,0.94,0.69,21,22.83,E,,
NGC4309,G,1.93,0.92,86,23.66,S0-a,,
NGC4310,G,1.93,0.76,148,23.64,S0-a,,
NGC4312,G,5.02,1.15,170,23.90,Sab,,
NGC4313,G,3.80,0.99,141,23.29,Sab,,
NGC4314,G,3.70,3.56,150,22.98,Sa,,
NGC4316,G,2.47,0.58,112,23.06,Sc,,
NGC4318,G,0.73,0.50,65,22.25,E,,
NGC4319,G,2.45,0.97,154,23.03,SBab,,
NGC4320,G,0.94,0.66,149,23.25,Sbc,,
NGC4321,G,6.10,5.62,108,22.61,SABb,100,
NGC4323,G,1.23,0.71,133,23.79,S0,,
NGC4324,G,2.96,1.21,55,23.42,S0-a,,
NGC4325,G,1.23,0.77,180,23.62,E,,
NGC4326,G,1.13,1.07,110,23.25,Sab,,
NGC4328,G,1.60,1.23,99,23.94,E-S0,,
NGC4329,G,1.08,0.59,49,23.64,E,,
NGC4330,G,2.29,0.60,60,22.54,Sc,,
NGC4331,G,1.58,0.37,2,23.22,I,,
NGC4332,G,1.97,1.43,137,23.42,SBa,,
NGC4333,G,0.80,0.75,90,22.57,SBab,,
NGC4334,G,2.00,0.91,135,23.91,Sab,,
NGC4335,G,1.85,1.37,149,23.83,E,,
NGC4336,G,1.54,0.81,162,22.75,S0-a,,
NGC4337,OCl,6.60,,,,,,
NGC4339,G,2.32,2.20,50,23.03,E,,
NGC4340,G,2.82,1.79,87,23.03,S0-a,,
NGC4341,G,1.67,0.51,95,23.56,S0,,
NGC4342,G,1.25,0.64,165,22.40,E-S0,,
NGC4343,G,1.92,1.92,130,23.47,Sb,,
NGC4344,G,1.34,1.30,56,22.70,S0,,
NGC4346,G,3.13,1.13,99,23.29,S0,,
NGC4348,G,2.67,0.50,31,22.77,Sbc,,
NGC4349,OCl,6.30,,,,,,
NGC4350,G,2.80,1.33,28,22.75,S0,,
NGC4351,G,1.58,1.28,72,22.54,SBb,,
NGC4352,G,1.64,0.77,102,23.20,S0,,
NGC4353,G,1.05,0.81,67,22.74,IB,,
NGC4355,G,1.41,0.68,64,22.98,SABa,,
NGC4356,G,2.01,0.73,40,22.81,Sc,,
NGC4357,G,3.48,1.27,77,24.24,Sbc,,
NGC4358,G,1.15,0.92,167,23.31,S0,,
NGC4359,G,1.38,0.83,108,22.75,SBc,,
NGC4360,G,1.40,1.20,148,22.92,E,,
NGC4360,G,0.50,0.41,151,22.01,S?,,
NGC4361,PN,1.05,,,,,,
NGC4362,G,1.28,0.49,41,23.98,S0-a,,
NGC4363,G,0.79,0.63,10,22.75,Sb,,
NGC4365,G,5.12,3.66,40,22.90,E,,
NGC4366,G,0.85,0.31,41,23.35,E,,
NGC4369,G,1.98,1.89,175,22.55,SBa,,
NGC4370,G,1.62,1.06,79,23.01,SBa,,
NGC4371,G,3.88,1.81,96,23.30,S0-a,,
NGC4372,GCl,12.00,,,,,,
NGC4373,G,3.98,2.11,54,23.61,E-S0,,
NGC4373,G,2.80,1.04,152,23.59,S0,,
NGC4373,G,1.03,0.80,95,23.63,SBd,,
NGC4374,G,7.41,6.44,133,23.23,E,084,
NGC4375,G,1.16,0.85,14,22.82,SBab,,
NGC4376,G,1.32,0.79,152,22.69,I,,
NGC4377,G,1.60,1.24,179,22.43,E-S0,,
NGC4378,G,2.09,1.93,155,22.54,Sa,,
NGC4379,G,1.87,1.52,103,22.63,E-S0,,
NGC4380,G,3.35,1.78,158,23.24,SABa,,
NGC4382,G,6.95,5.35,12,22.87,S0-a,085,
NGC4383,G,1.67,0.90,31,22.25,Sa,,
NGC4384,G,1.27,0.99,85,22.66,Sa,,
NGC4385,G,2.15,1.16,91,23.41,S0-a,,
NGC4386,G,2.52,1.44,135,23.38,S0,,
NGC4387,G,1.58,0.94,138,22.75,E,,
NGC4388,G,5.38,1.29,91,23.20,SBb,,
NGC4389,G,2.51,1.67,98,22.98,SBbc,,
NGC4390,G,1.52,1.13,99,22.74,Sc,,
NGC4391,G,1.25,1.24,125,22.99,E-S0,,
NGC4392,G,1.58,1.16,75,24.02,S0,,
NGC4393,G,2.92,2.70,15,24.86,Scd,,
NGC4394,G,3.48,3.35,145,23.05,SBb,,
NGC4395,G,4.17,1.39,128,21.71,Sm,,
NGC4396,G,2.97,1.04,124,23.32,Scd,,
NGC4402,G,3.52,1.00,89,23.38,Sb,,
NGC4403,G,1.58,0.61,17,22.91,SBab,,
NGC4404,G,1.56,1.00,139,23.93,E-S0,,
NGC4405,G,1.52,1.02,21,22.47,S0-a,,
NGC4406,G,11.53,8.43,128,23.90,E,086,
NGC4407,G,2.08,1.46,53,22.91,Sab,,
NGC4408,G,0.62,0.52,36,23.09,E,,
NGC4409,G,1.82,0.89,9,22.23,SBc,,
NGC4410,GPair,1.20,,,,,,
NGC4410,G,0.62,0.45,135,21.51,Sa,,
NGC4410,G,0.58,0.53,105,21.72,S0-a,,
NGC4410,G,0.85,0.56,93,23.12,S0-a,,
NGC4411,G,1.63,0.98,19,22.69,Sc,,
NGC4411,G,1.92,1.72,90,23.04,SABc,,
NGC4412,G,1.50,1.35,109,22.54,Sb,,
NGC4414,G,1.95,1.12,162,20.72,Sc,,
NGC4415,G,1.28,1.13,6,22.86,S0-a,,
NGC4416,G,1.57,1.37,112,22.76,Sc,,
NGC4417,G,3.09,1.09,49,23.07,S0,,
NGC4419,G,3.89,1.30,133,23.17,Sa,,
NGC4421,G,2.59,1.97,9,23.06,S0-a,,
NGC4422,G,1.48,1.43,80,24.20,E-S0,,
NGC4423,G,2.05,0.41,20,22.79,Sd,,
NGC4424,G,3.04,1.57,95,23.15,Sa,,
NGC4425,G,3.08,1.26,26,23.92,S0-a,,
NGC4428,G,1.62,0.67,93,22.28,SABc,,
NGC4429,G,5.30,2.42,98,23.17,S0-a,,
NGC4430,G,2.02,1.50,75,22.69,Sb,,
NGC4431,G,1.53,0.88,179,23.46,S0,,
NGC4432,G,0.64,0.49,4,22.56,SABb,,
NGC4433,G,2.00,0.67,3,22.82,SABa,,
NGC4434,G,1.42,1.36,75,22.59,E,,
NGC4435,G,3.03,2.14,12,22.66,S0,,Eyes
NGC4436,G,1.66,0.79,114,23.75,S0,,
NGC4438,G,9.16,4.02,27,24.21,Sa,,Eyes
NGC4439,OCl,4.50,,,,,,
NGC4440,G,1.77,1.44,120,22.66,Sa,,
NGC4441,G,4.13,2.96,171,25.13,S0-a,,
NGC4442,G,4.32,1.61,87,23.18,S0,,
NGC4444,G,2.27,1.85,68,23.40,SABb,,
NGC4445,G,2.54,0.50,105,23.44,Sab,,
NGC4446,G,0.98,0.59,89,22.89,Sc,,
NGC4447,G,0.75,0.62,117,22.96,S0,,
NGC4448,G,1.58,1.04,92,21.52,SBab,,
NGC4449,G,4.66,2.71,51,21.10,IB,,
NGC4450,G,5.46,3.78,173,22.99,Sab,,
NGC4451,G,1.35,0.86,166,22.40,Sb,,
NGC4452,G,3.36,0.60,32,24.03,S0,,
NGC4453,GPair,1.20,,,,,,
NGC4453,G,0.63,0.30,157,22.91,Sbc,,
NGC4453,G,0.34,0.22,42,23.85,Scd,,
NGC4454,G,2.17,1.99,25,23.16,S0-a,,
NGC4455,G,1.61,0.56,16,21.98,SBcd,,
NGC4456,G,1.29,0.69,154,22.92,Sbc,,
NGC4457,G,2.79,2.37,79,22.34,S0-a,,
NGC4458,G,1.59,1.48,175,22.79,E,,
NGC4459,G,4.17,3.16,109,23.13,S0,,
NGC4460,G,3.93,1.05,40,24.05,S0-a,,
NGC4461,G,3.61,1.23,8,23.35,S0-a,,
NGC4462,G,3.60,1.33,124,23.71,SBab,,
NGC4463,OCl,4.80,,,,,,
NGC4464,G,1.01,0.76,11,22.19,E-S0,,
NGC4465,G,0.26,0.21,108,20.88,Sc,,
NGC4466,G,0.93,0.57,101,22.58,Sb,,
NGC4467,G,0.59,0.49,55,22.66,E,,
NGC4468,G,1.54,1.00,72,23.45,E-S0,,
NGC4469,G,2.86,1.05,87,22.73,S0-a,,
NGC4470,G,1.28,0.86,1,22.10,Sab,,
NGC4471,G,0.44,0.43,150,23.21,E,,
NGC4472,G,10.21,8.38,156,23.25,E,049,
NGC4473,G,4.27,2.51,100,23.03,E,,
NGC4474,G,2.33,1.57,79,23.01,S0,,
NGC4475,G,1.10,0.61,9,23.05,SBbc,,
NGC4476,G,1.70,1.15,27,22.98,E-S0,,
NGC4477,G,3.70,3.22,26,22.86,S0,,
NGC4478,G,1.75,1.43,144,22.30,E,,
NGC4479,G,1.43,1.25,14,23.00,S0,,
NGC4480,G,1.89,0.97,173,22.68,SABc,,
NGC4481,G,1.23,0.52,146,23.42,Sab,,
NGC4482,G,1.51,0.85,137,23.41,E,,
NGC4483,G,1.65,0.85,70,22.86,S0-a,,
NGC4484,G,1.26,1.10,72,23.33,Sc,,
NGC4485,G,2.01,1.34,2,22.22,I,,
NGC4486,G,7.11,6.67,153,22.79,E,087,Virgo Galaxy
NGC4486,G,0.92,0.81,25,21.42,E,,
NGC4486,G,0.38,0.37,20,21.00,E,,
NGC4487,G,3.46,1.90,74,22.75,Sc,,
NGC4488,G,2.75,0.76,167,23.58,S0-a,,
NGC4489,G,1.72,1.56,125,23.02,E,,
NGC4490,G,6.71,1.65,133,21.43,SBcd,,
NGC4491,G,1.64,0.86,147,22.88,SBa,,
NGC4492,G,2.11,1.86,65,22.94,Sa,,
NGC4493,G,1.52,0.74,139,24.51,E,,
NGC4494,G,4.35,4.13,173,22.75,E,,
NGC4495,G,1.34,0.57,132,23.02,Sab,,
NGC4496,GPair,3.50,,,,,,
NGC4496,G,3.37,2.78,68,23.32,Scd,,
NGC4496,G,1.05,0.91,112,23.27,SBm,,
NGC4497,G,2.00,1.03,62,23.37,S0-a,,
NGC4498,G,2.88,1.53,131,23.25,Sc,,
NGC4499,G,2.01,1.29,102,23.87,SBbc,,
NGC4500,G,1.53,1.06,135,22.59,Sa,,
NGC4501,G,8.65,4.38,138,23.17,Sb,088,
NGC4502,G,1.04,0.54,43,22.83,Sc,,
NGC4503,G,3.48,1.58,12,23.34,S0,,
NGC4504,G,3.18,1.97,163,23.01,SABc,,
NGC4506,G,1.63,1.11,107,23.18,SABa,,
NGC4507,G,1.39,1.19,50,22.37,Sab,,
NGC4509,G,0.67,0.37,161,21.87,Sb,,
NGC4510,G,1.46,0.84,151,23.72,E,,
NGC4511,G,0.92,0.57,7,22.84,Sb,,
NGC4512,G,2.57,0.50,166,23.56,S0-a,,
NGC4513,G,2.06,1.35,16,24.28,S0,,
NGC4514,G,1.00,0.80,62,22.96,Sbc,,
NGC4515,G,1.35,1.06,6,22.74,E-S0,,
NGC4516,G,1.75,0.97,175,23.16,SBa,,
NGC4517,G,9.02,1.42,84,23.18,Sc,,
NGC4517,G,2.05,0.98,30,22.45,Sd,,
NGC4518,G,1.18,0.58,179,23.58,S0-a,,
NGC4519,G,2.33,1.77,147,22.72,Scd,,
NGC4519,G,0.58,0.30,45,22.68,I,,
NGC4520,G,0.79,0.46,98,23.01,E-S0,,
NGC4522,G,3.51,0.91,34,23.27,Sc,,
NGC4523,G,1.24,1.15,0,23.06,Sm,,
NGC4524,G,1.25,0.70,80,23.01,SABb,,
NGC4525,G,2.00,1.03,53,22.91,Sc,,
NGC4526,G,6.95,2.47,138,23.43,S0,,
NGC4527,G,6.30,1.72,69,23.10,SABb,,
NGC4528,G,1.60,0.86,5,22.60,S0,,
NGC4529,G,1.11,0.25,98,22.84,Sc,,
NGC4531,G,3.03,1.97,155,23.40,S0-a,,
NGC4532,G,2.49,0.88,161,22.02,I,,
NGC4533,G,1.82,0.43,165,23.04,Scd,,
NGC4534,G,2.78,1.64,120,23.71,SABd,,
NGC4535,G,8.15,7.48,27,23.79,Sc,,
NGC4536,G,7.08,2.55,121,23.26,SABb,,
NGC4537,G,1.34,0.76,21,24.42,S0-a,,
NGC4538,G,0.71,0.40,80,22.14,Sc,,
NGC4539,G,2.74,1.08,94,23.46,Sa,,
NGC4540,G,2.19,1.83,43,22.61,SABc,,
NGC4541,G,1.63,0.64,91,23.04,SABb,,
NGC4543,G,1.02,0.63,178,23.15,E,,
NGC4544,G,1.93,0.60,163,23.42,SBa,,
NGC4545,G,2.43,1.37,9,23.53,Sc,,
NGC4546,G,3.16,1.76,90,22.56,E-S0,,
NGC4547,G,1.19,0.92,38,24.24,E,,
NGC4548,G,5.55,4.52,150,23.24,Sb,091,
NGC4549,G,0.60,0.27,100,23.20,SABb,,
NGC4550,G,3.16,0.71,179,23.57,S0,,
NGC4551,G,1.71,1.26,67,22.87,E,,
NGC4552,G,8.13,8.00,150,24.11,E,089,
NGC4553,G,2.59,1.34,175,23.98,S0-a,,
NGC4555,G,1.40,1.04,121,23.03,E,,
NGC4556,G,1.31,0.87,81,23.65,E,,
NGC4558,G,0.73,0.31,95,23.07,S0-a,,
NGC4559,G,10.57,4.82,148,23.48,Sc,,
NGC4559,G,0.40,0.21,133,21.73,Sa,,
NGC4559,G,0.62,0.25,3,22.58,SBab,,
NGC4559,HII,,,,,,,
NGC4561,G,1.32,1.12,61,22.24,SBcd,,
NGC4562,G,1.93,0.64,49,23.59,SBcd,,
NGC4563,G,0.56,0.40,106,23.16,E,,
NGC4564,G,3.13,1.68,48,23.25,E,,
NGC4565,G,16.75,2.89,135,23.75,Sb,,Needle Galaxy
NGC4565,G,0.80,0.45,139,23.02,Sbc,,
NGC4565,G,0.96,0.14,141,23.53,Scd,,
NGC4566,G,1.08,0.75,72,22.64,SBb,,
NGC4567,G,2.74,2.15,89,22.67,Sbc,,Butterfly Galaxies/Siamese Twins
NGC4568,G,4.31,1.87,29,22.89,Sbc,,Butterfly Galaxies/Siamese Twins
NGC4569,G,9.12,3.82,22,23.16,Sab,090,
NGC4570,G,3.88,0.94,160,23.30,S0,,
NGC4571,G,3.56,3.31,35,23.36,Sc,,
NGC4572,G,1.47,0.42,168,23.36,Sc,,
NGC4573,G,2.49,1.89,125,24.52,S0-a,,
NGC4574,G,1.83,1.14,112,23.26,SABc,,
NGC4575,G,2.06,1.24,109,23.06,SBbc,,
NGC4576,G,1.22,0.66,152,22.94,SABb,,
NGC4577,G,1.42,0.78,39,22.90,SBb,,
NGC4578,G,2.50,1.75,34,22.98,S0,,
NGC4579,G,5.01,3.84,90,22.49,Sb,058,
NGC4580,G,1.87,1.28,156,22.45,SABa,,
NGC4581,G,1.62,1.06,172,23.12,E,,
NGC4583,G,1.51,1.51,95,24.00,S0,,
NGC4584,G,1.61,1.11,8,23.32,Sa,,
NGC4585,G,0.79,0.47,105,22.71,SBb,,
NGC4586,G,3.43,1.12,116,23.43,Sa,,
NGC4587,G,1.32,0.75,47,23.11,S0,,
NGC4588,G,1.19,0.46,60,23.31,Sc,,
NGC4589,G,2.93,2.31,84,22.90,E,,
NGC4590,GCl,6.60,,,,,068,
NGC4592,G,4.10,1.17,94,23.04,Sd,,
NGC4593,G,2.40,2.04,38,22.68,Sb,,
NGC4594,G,8.45,4.91,90,22.26,Sa,104,Sombrero Galaxy
NGC4595,G,1.52,0.97,110,22.23,SABb,,
NGC4596,G,3.93,3.30,120,22.99,S0-a,,
NGC4597,G,3.55,1.42,70,23.55,Sm,,
NGC4598,G,1.50,1.15,131,23.16,S0,,
NGC4599,G,1.71,0.72,145,23.13,S0-a,,
NGC4600,G,1.42,1.01,59,22.76,S0,,
NGC4601,G,1.82,0.50,18,24.82,S0-a,,
NGC4602,G,1.29,0.79,88,21.42,SABb,,
NGC4603,G,2.60,1.84,18,22.99,SABc,,
NGC4603,G,1.84,0.63,90,23.45,SBc,,
NGC4603,G,1.30,0.26,38,23.72,SBb,,
NGC4603,G,1.83,0.44,159,24.19,S0,,
NGC4603,G,1.62,0.97,75,23.42,SABc,,
NGC4604,G,1.06,0.44,104,22.47,IB,,
NGC4605,G,5.87,2.29,122,22.63,SBc,,
NGC4606,G,2.47,1.36,14,23.10,SBa,,
NGC4607,G,2.86,0.58,2,23.51,SBbc,,
NGC4608,G,2.88,2.49,25,22.96,S0,,
NGC4609,OCl,5.40,,,,,,Coalsack Cluster
NGC4611,G,1.24,0.38,125,23.27,Sbc,,
NGC4612,G,2.57,1.77,138,22.88,S0,,
NGC4613,G,0.52,0.49,15,22.75,Sbc,,
NGC4614,G,1.00,0.86,152,23.03,S0-a,,
NGC4615,G,1.54,0.46,120,22.63,Sc,,
NGC4616,G,1.31,1.06,50,23.83,E,,
NGC4617,G,2.81,0.52,180,23.98,SABb,,
NGC4618,G,3.56,2.29,32,22.41,SBm,,
NGC4619,G,1.37,1.33,0,23.01,Sb,,
NGC4620,G,1.60,1.45,52,23.15,S0,,
NGC4621,G,4.55,3.21,165,22.71,E,059,
NGC4622,G,1.81,1.56,9,23.92,Sa,,
NGC4622,G,0.70,0.58,119,22.68,E-S0,,
NGC4622,G,1.15,0.77,68,24.31,S0,,
NGC4623,G,2.23,0.74,175,23.53,S0-a,,
NGC4625,G,1.41,1.06,27,22.26,SABm,,
NGC4626,G,1.63,0.49,39,22.80,SBbc,,
NGC4627,G,2.36,1.66,21,23.73,E,,
NGC4628,G,1.64,0.57,46,23.13,Sb,,
NGC4629,G,1.03,0.71,90,22.38,SABm,,
NGC4630,G,1.66,1.21,10,22.60,I,,
NGC4631,G,14.45,2.20,86,22.44,SBcd,,Whale Galaxy
NGC4632,G,2.56,0.98,59,22.27,Sc,,
NGC4633,G,1.77,0.75,33,22.97,SABd,,
NGC4634,G,2.47,0.60,156,22.56,SBc,,
NGC4635,G,1.94,1.40,178,23.14,SABc,,
NGC4636,G,6.35,4.70,150,22.91,E,,
NGC4637,G,1.29,0.71,91,24.15,S0,,
NGC4638,G,2.31,1.50,123,22.60,E-S0,,
NGC4639,G,2.87,1.88,138,22.79,Sbc,,
NGC4640,G,1.61,0.89,53,23.89,S0-a,,
NGC4641,G,1.28,1.05,172,23.00,S0,,
NGC4642,G,1.55,0.53,27,22.68,Sbc,,
NGC4643,G,2.24,1.75,132,21.68,S0-a,,
NGC4644,G,1.51,0.63,51,23.62,Sb,,
NGC4645,G,1.97,0.89,46,23.18,E,,
NGC4645,G,3.03,0.97,30,24.50,S0,,
NGC4645,G,2.16,0.89,158,23.84,S0,,
NGC4646,G,0.63,0.28,17,22.14,E,,
NGC4647,G,2.75,2.36,139,22.41,SABc,,
NGC4648,G,1.41,1.16,73,22.55,E,,
NGC4649,G,6.78,5.45,105,22.81,E,060,
NGC4650,G,3.05,2.04,111,23.73,S0-a,,
NGC4650,G,1.46,0.33,172,23.18,S0-a,,
NGC4651,G,3.87,2.58,77,22.71,Sc,,Umbrella Galaxy
NGC4652,G,1.10,0.38,40,23.54,Sb,,
NGC4653,G,2.31,2.08,17,23.24,SABc,,
NGC4654,G,4.72,2.49,123,22.65,Sc,,
NGC4655,G,0.86,0.79,10,23.37,E,,
NGC4656,GPair,8.00,,,,,,
NGC4656,G,6.46,0.66,36,20.62,SBm,,
NGC4657,G,1.86,0.63,71,23.65,Sm,,
NGC4658,G,1.38,0.86,3,22.01,Sbc,,
NGC4659,G,1.75,1.24,176,22.82,S0-a,,
NGC4660,G,2.09,1.57,100,22.50,E,,
NGC4661,G,1.17,0.41,116,23.67,E-S0,,
NGC4662,G,1.83,1.48,60,23.42,Sbc,,
NGC4663,G,1.07,0.85,170,23.02,S0,,
NGC4664,G,4.52,4.52,5,23.13,S0-a,,
NGC4666,G,4.97,1.97,40,22.92,SABc,,
NGC4668,G,1.59,0.92,3,22.82,Scd,,
NGC4669,G,1.53,0.38,2,22.86,Sb,,
NGC4670,G,0.97,0.83,90,21.76,SBa,,
NGC4671,G,1.69,1.26,138,23.61,E,,
NGC4672,G,2.06,0.50,59,23.74,Sa,,
NGC4673,G,1.07,0.84,171,23.78,E,,
NGC4674,G,1.79,0.70,105,23.64,Sa,,
NGC4675,G,1.34,0.43,92,23.44,SBb,,
NGC4676,GPair,3.00,,,,,,Mice Galaxy
NGC4676,G,2.16,1.26,179,24.90,S0-a,,
NGC4676,G,0.98,0.66,169,23.06,S0-a,,
NGC4677,G,1.49,0.84,166,23.44,S0-a,,
NGC4678,G,0.97,0.51,85,22.38,S?,,
NGC4679,G,2.43,0.88,5,24.39,SBc,,
NGC4680,G,1.36,0.76,40,23.11,S0-a,,
NGC4681,G,1.40,1.17,171,22.80,Sab,,
NGC4682,G,2.58,1.19,86,23.26,SABc,,
NGC4683,G,1.44,1.33,130,23.47,E-S0,,
NGC4684,G,2.97,0.96,18,23.16,S0-a,,
NGC4685,G,1.59,0.87,155,23.35,E-S0,,
NGC4686,G,1.92,0.67,2,23.30,Sa,,
NGC4687,G,0.96,0.90,95,22.81,E,,
NGC4688,G,3.72,3.42,35,24.44,Sc,,
NGC4689,G,3.82,2.86,163,22.96,Sc,,
NGC4690,G,1.60,1.14,150,23.32,E-S0,,
NGC4691,G,3.03,2.46,28,22.59,S0-a,,
NGC4692,G,1.00,0.94,85,22.59,E,,
NGC4693,G,1.00,0.56,34,22.49,Sc,,
NGC4694,G,2.00,1.11,135,22.42,S0,,
NGC4695,G,1.12,0.65,79,22.54,SABb,,
NGC4696,G,3.85,2.56,88,23.42,E,,
NGC4696,G,1.74,0.57,174,23.70,SBb,,
NGC4696,G,1.33,0.81,40,23.12,E-S0,,
NGC4696,G,2.30,0.37,140,24.01,Sb,,
NGC4696,G,1.38,0.54,129,23.36,S0,,
NGC4696,G,1.41,0.71,178,23.98,S0,,
NGC4697,G,7.14,4.16,83,23.36,E,,
NGC4698,G,3.81,1.55,170,22.64,Sab,,
NGC4699,G,3.99,3.02,35,21.92,SABb,,
NGC4700,G,2.72,0.47,51,21.58,SBc,,
NGC4701,G,1.74,1.28,39,22.47,Sc,,
NGC4702,G,0.58,0.33,176,23.21,Sd,,
NGC4703,G,1.70,0.41,155,23.29,Sb,,
NGC4704,G,1.01,0.95,40,23.23,SBbc,,
NGC4705,G,3.65,1.09,106,23.16,SABb,,
NGC4706,G,1.47,0.75,26,23.47,S0,,
NGC4707,G,2.19,2.00,25,23.82,Sm,,
NGC4708,G,1.25,0.91,30,22.92,SABa,,
NGC4709,G,3.09,1.51,107,23.36,E,,
NGC4710,G,4.39,1.13,26,23.43,S0-a,,
NGC4711,G,1.21,0.68,41,22.96,SBb,,
NGC4712,G,1.56,0.75,162,22.66,Sbc,,
NGC4713,G,1.66,1.52,50,21.97,Scd,,
NGC4714,G,2.00,1.11,152,24.33,E-S0,,
NGC4715,G,1.34,0.99,18,24.21,S0-a,,
NGC4716,G,1.13,0.85,94,22.87,S0,,
NGC4717,G,1.61,0.68,2,23.43,Sa,,
NGC4718,G,2.02,0.70,97,23.72,Sb,,
NGC4719,G,1.42,1.25,159,23.48,SBb,,
NGC4720,G,1.23,0.73,107,23.46,E-S0,,
NGC4721,G,0.84,0.24,113,23.46,S0,,
NGC4722,G,1.98,0.69,32,23.58,S0-a,,
NGC4723,G,1.02,0.55,43,23.39,SABm,,
NGC4724,G,0.95,0.54,95,22.30,E-S0,,
NGC4725,G,9.71,7.10,36,23.39,SABa,,
NGC4726,G,1.10,0.24,76,24.41,,,
NGC4727,G,2.70,1.54,127,23.10,Sbc,,
NGC4728,G,0.78,0.60,107,23.57,E,,
NGC4729,G,1.97,0.90,145,23.85,E,,
NGC4730,G,1.28,1.05,28,23.29,E-S0,,
NGC4731,G,6.32,2.14,97,23.72,SBc,,
NGC4732,G,1.21,0.56,8,24.06,E,,
NGC4733,G,1.97,1.82,70,22.95,E,,
NGC4734,G,0.97,0.80,60,22.78,Sc,,
NGC4735,G,0.66,0.51,117,22.80,SBc,,
NGC4736,G,7.74,6.68,105,21.79,SABa,094,
NGC4737,G,1.36,0.97,49,24.11,S0-a,,
NGC4738,G,1.82,0.26,33,22.76,Sc,,
NGC4739,G,1.50,1.37,115,23.78,E,,
NGC4741,G,1.17,0.76,171,23.10,Sc,,
NGC4742,G,2.14,1.39,76,22.61,E,,
NGC4743,G,1.73,0.66,176,23.81,S0,,
NGC4744,G,2.45,0.95,126,24.23,S0-a,,
NGC4745,G,0.61,0.56,25,23.79,S0,,
NGC4746,G,2.03,0.42,120,22.55,Sb,,
NGC4747,G,2.09,1.00,33,22.69,SBcd,,
NGC4748,G,1.27,0.82,66,23.27,S?,,
NGC4749,G,1.59,0.53,156,23.27,Sb,,
NGC4750,G,2.40,2.06,142,22.45,Sab,,
NGC4751,G,1.66,0.63,175,22.87,E-S0,,
NGC4752,G,0.95,0.45,153,23.45,SBab,,
NGC4753,G,6.49,3.06,86,23.31,S0-a,,
NGC4754,G,4.16,1.95,22,23.19,S0,,
NGC4755,OCl,7.80,,,,,,Herschel's Jewel Box/kappa Crucis Cluster
NGC4756,G,2.28,1.56,47,23.83,E-S0,,
NGC4757,G,0.80,0.26,58,23.18,S0,,
NGC4758,G,2.75,0.77,159,23.22,SBm,,
NGC4759,GPair,1.60,,,,,,
NGC4760,G,2.57,2.01,9,23.41,E,,
NGC4761,G,1.55,0.65,168,23.96,S?,,
NGC4762,G,8.26,3.52,32,24.30,S0,,
NGC4763,G,1.86,1.16,105,23.09,SBa,,
NGC4764,G,0.46,0.37,78,23.16,E,,
NGC4765,G,1.16,0.85,80,22.28,Sa,,
NGC4766,G,0.98,0.23,129,23.99,S0,,
NGC4767,G,2.82,1.39,141,23.59,E,,
NGC4767,G,0.59,0.27,110,23.29,Sc,,
NGC4767,G,1.47,1.17,96,23.26,SBc,,
NGC4770,G,1.73,1.11,88,23.58,S0-a,,
NGC4771,G,3.10,0.98,133,22.97,Sc,,
NGC4772,G,4.12,2.00,155,23.36,SABa,,
NGC4773,G,0.85,0.52,77,22.14,E,,
NGC4774,GPair,1.20,,,,,,
NGC4774,G,0.40,0.27,143,24.71,Sbc,,
NGC4774,G,0.60,0.35,125,22.02,Sc,,
NGC4775,G,2.22,1.96,59,21.94,Scd,,
NGC4776,G,1.96,1.08,65,24.20,S0,,
NGC4777,G,1.84,0.79,8,23.64,SABa,,
NGC4778,G,2.69,2.09,120,24.37,S0,,
NGC4779,G,1.86,1.31,54,22.88,SBc,,
NGC4780,G,1.96,0.50,173,22.89,SABc,,
NGC4780,G,0.74,0.25,26,24.05,,,
NGC4781,G,3.66,1.48,120,22.16,Scd,,
NGC4782,G,1.48,0.87,171,21.93,E,,
NGC4783,G,1.41,0.69,134,22.39,E,,
NGC4784,G,1.67,0.41,103,24.16,S0,,
NGC4785,G,2.04,0.97,80,22.95,SBb,,
NGC4786,G,1.98,1.51,171,23.06,E,,
NGC4787,G,1.02,0.32,1,24.00,S0-a,,
NGC4788,G,0.91,0.32,141,23.66,S0-a,,
NGC4789,G,1.66,1.12,174,22.91,S0,,
NGC4789,G,1.90,1.24,37,23.87,I,,
NGC4790,G,1.69,0.93,87,22.16,SBc,,
NGC4791,G,1.06,0.70,66,23.62,SBa,,
NGC4792,G,0.85,0.42,143,23.43,S0,,
NGC4793,G,1.82,0.94,54,21.80,Sc,,
NGC4794,G,1.12,0.51,151,23.25,Sa,,
NGC4795,G,2.16,1.42,119,23.00,SBa,,
NGC4796,G,1.80,1.73,110,25.38,E-S0,,
NGC4797,G,1.15,0.85,34,23.23,E-S0,,
NGC4799,G,1.44,0.62,91,22.78,Sab,,
NGC4800,G,1.65,1.16,21,21.90,Sb,,
NGC4801,G,1.35,0.67,138,24.48,E-S0,,
NGC4802,G,2.64,2.30,18,23.24,S0,,
NGC4803,G,0.76,0.42,15,23.06,E-S0,,
NGC4806,G,1.35,1.15,52,22.68,Sc,,
NGC4807,G,0.88,0.65,22,22.94,E-S0,,
NGC4808,G,2.36,0.93,127,22.21,SABc,,
NGC4809,G,1.58,0.64,65,23.23,IAB,,
NGC4810,G,0.86,0.43,167,22.50,IAB,,
NGC4811,G,1.32,0.89,40,23.73,S0-a,,
NGC4812,G,1.50,0.63,34,23.79,S0,,
NGC4813,G,1.59,0.86,26,23.81,S0,,
NGC4814,G,2.75,2.00,128,23.53,Sb,,
NGC4815,OCl,3.90,,,,,,
NGC4816,G,1.38,0.63,90,23.03,E-S0,,
NGC4817,G,0.69,0.60,120,23.81,E,,
NGC4818,G,4.27,1.28,178,23.20,SABa,,
NGC4819,G,1.00,0.78,150,22.73,Sa,,
NGC4820,G,1.19,0.42,106,23.91,S0,,
NGC4821,G,0.59,0.34,8,22.70,E,,
NGC4822,G,1.38,0.97,93,23.79,E-S0,,
NGC4823,G,0.81,0.22,178,,S0-a,,
NGC4825,G,2.69,1.64,139,23.75,E-S0,,
NGC4826,G,10.52,5.33,114,22.68,SABa,064,Black Eye Galaxy/Evil Eye Galaxy
NGC4827,G,1.22,0.97,34,23.07,E-S0,,
NGC4828,G,0.75,0.70,155,22.82,S0,,
NGC4829,G,0.58,0.37,106,23.67,E,,
NGC4830,G,2.31,1.49,164,23.63,E-S0,,
NGC4831,G,1.57,0.87,177,23.19,E-S0,,
NGC4832,G,2.14,1.48,35,23.69,S0,,
NGC4833,GCl,8.40,,,,,,
NGC4834,G,1.08,0.46,109,23.68,Sa,,
NGC4835,G,3.30,0.68,150,22.57,Sbc,,
NGC4835,G,2.95,0.38,178,23.56,Sc,,
NGC4836,G,1.48,1.08,8,23.87,SABc,,
NGC4837,GPair,1.30,,,,,,
NGC4837,G,1.32,0.54,64,23.06,I,,
NGC4837,G,0.33,0.28,,,Sd,,
NGC4838,G,1.79,1.41,9,23.62,Sb,,
NGC4839,G,2.70,1.24,65,24.04,E,,
NGC4840,G,0.73,0.70,125,22.88,E,,
NGC4841,GPair,2.00,,,,,,
NGC4841,G,1.45,1.38,60,23.44,E,,
NGC4841,G,1.00,0.79,169,22.58,E,,
NGC4842,GPair,1.00,,,,,,
NGC4842,G,0.58,0.57,70,22.91,E,,
NGC4842,G,0.42,0.29,49,23.06,E,,
NGC4843,G,1.98,0.44,91,24.04,S0-a,,
NGC4845,G,5.50,1.20,82,23.46,SABa,,
NGC4846,G,1.21,0.50,62,23.03,SBbc,,
NGC4847,G,0.83,0.63,155,23.77,E,,
NGC4848,G,1.27,0.42,157,22.68,Sc,,
NGC4849,G,1.40,0.99,176,23.71,S0,,
NGC4850,G,0.66,0.64,130,23.11,S0,,
NGC4851,G,0.40,0.33,94,22.38,S0,,
NGC4852,OCl,5.40,,,,,,
NGC4853,G,0.68,0.57,76,22.30,E-S0,,
NGC4854,G,0.95,0.67,44,23.56,S0,,
NGC4855,G,1.68,1.24,170,24.17,E-S0,,
NGC4856,G,4.25,1.57,38,23.23,S0-a,,
NGC4857,G,1.15,0.66,118,23.28,SABb,,
NGC4858,G,0.51,0.42,28,22.80,SBb,,
NGC4859,G,1.51,0.65,93,24.08,S0-a,,
NGC4860,G,1.07,0.94,121,23.51,E,,
NGC4861,G,3.81,1.45,18,23.65,Sm,,
NGC4862,G,1.09,0.89,147,23.71,Sc,,
NGC4863,G,1.90,0.40,23,24.75,S0-a,,
NGC4864,G,0.77,0.47,90,22.80,E,,
NGC4865,G,0.88,0.42,113,22.94,E,,
NGC4866,G,5.77,0.98,88,24.19,S0-a,,
NGC4867,G,0.65,0.50,13,23.32,E,,
NGC4868,G,1.43,1.30,155,22.41,Sab,,
NGC4869,G,0.77,0.73,0,22.66,E,,
NGC4870,G,0.91,0.31,2,23.29,Sbc,,
NGC4871,G,0.77,0.57,160,23.42,S0,,
NGC4872,G,0.67,0.41,124,22.41,E-S0,,
NGC4873,G,0.81,0.52,103,23.37,S0,,
NGC4874,G,2.29,1.98,49,23.44,E,,
NGC4875,G,0.48,0.36,117,22.80,S0,,
NGC4876,G,0.56,0.42,26,22.96,E,,
NGC4877,G,2.36,0.94,8,23.19,Sab,,
NGC4878,G,1.53,1.43,70,23.62,S0-a,,
NGC4880,G,2.63,1.97,164,23.47,S0-a,,
NGC4881,G,0.98,0.91,15,23.32,E,,
NGC4883,G,0.77,0.61,83,23.54,E-S0,,
NGC4885,G,0.85,0.66,100,23.13,Sab,,
NGC4886,G,0.80,0.70,112,23.16,E,,
NGC4887,G,1.14,0.59,155,23.10,S0-a,,
NGC4888,G,1.55,0.79,107,23.70,Sa,,
NGC4889,G,2.59,1.68,80,23.39,E,,
NGC4890,G,0.96,0.79,93,22.32,Sm,,
NGC4892,G,1.40,0.26,12,23.59,S0-a,,
NGC4893,G,1.10,0.70,3,24.30,E,,
NGC4893,G,0.56,0.39,177,23.43,E?,,
NGC4894,G,0.60,0.28,36,23.64,S0,,
NGC4895,G,1.66,0.56,152,23.98,S0,,
NGC4895,G,0.59,0.32,99,23.64,E,,
NGC4896,G,0.85,0.48,5,23.25,E-S0,,
NGC4897,G,2.65,2.12,153,23.92,Sbc,,
NGC4898,GPair,0.80,,,,,,
NGC4898,G,0.68,0.31,96,23.51,E,,
NGC4898,G,0.61,0.47,155,23.42,E-S0,,
NGC4899,G,2.02,1.17,15,22.48,SABc,,
NGC4900,G,2.13,2.02,150,22.23,Sc,,
NGC4901,G,1.15,1.10,155,24.30,E,,
NGC4902,G,2.63,2.37,78,22.57,Sb,,
NGC4903,G,1.72,1.41,90,23.48,Sc,,
NGC4904,G,1.99,1.24,7,22.42,Sc,,
NGC4905,G,1.55,0.50,174,23.94,S0-a,,
NGC4906,G,0.70,0.64,0,23.18,E,,
NGC4907,G,1.00,0.90,32,23.18,Sb,,
NGC4908,G,1.19,0.77,97,23.45,E,,
NGC4909,G,1.96,1.80,30,23.75,Sa,,
NGC4911,G,1.16,0.96,130,22.57,SABb,,
NGC4912,G,1.06,0.53,135,23.63,S0,,
NGC4913,G,1.45,0.40,88,23.53,SABa,,
NGC4914,G,2.69,1.31,154,23.48,E,,
NGC4915,G,1.64,1.55,65,22.84,E,,
NGC4916,G,0.98,0.23,156,23.45,S0-a,,
NGC4917,G,1.33,0.81,152,23.87,Sb,,
NGC4918,G,0.89,0.33,77,23.59,S0-a,,
NGC4919,G,1.11,0.58,142,23.99,S0,,
NGC4920,G,1.08,0.83,170,22.82,I,,
NGC4921,G,1.96,1.80,135,23.64,Sab,,
NGC4922,GPair,1.10,,,,,,
NGC4922,G,1.23,1.17,137,23.15,E,,
NGC4922,G,0.58,0.34,123,21.90,S?,,
NGC4923,G,0.72,0.67,60,22.73,E-S0,,
NGC4924,G,1.77,1.35,58,23.73,S0-a,,
NGC4925,G,1.18,0.87,119,23.51,S0,,
NGC4926,G,1.23,1.04,64,23.23,E-S0,,
NGC4926,G,0.63,0.44,87,23.17,S0,,
NGC4927,G,1.01,0.64,12,23.48,E-S0,,
NGC4928,G,1.05,0.80,73,21.55,Sbc,,
NGC4929,G,0.82,0.68,48,23.36,E,,
NGC4930,G,3.54,2.84,44,23.49,Sbc,,
NGC4931,G,1.65,0.62,77,24.23,S0,,
NGC4932,G,1.44,1.08,1,23.88,Sc,,
NGC4933,GTrpl,3.50,,,,,,
NGC4933,G,0.74,0.74,40,22.18,E,,
NGC4933,G,4.37,1.88,46,24.41,S0-a,,
NGC4933,G,0.65,0.52,146,23.50,Sd,,
NGC4934,G,1.00,0.16,103,23.71,S0-a,,
NGC4935,G,1.09,0.92,84,22.78,Sb,,
NGC4936,G,2.85,2.43,6,23.12,E,,
NGC4937,*Ass,,,,,,,
NGC4938,G,0.87,0.78,44,23.41,SBb,,
NGC4939,G,5.71,2.30,6,23.71,Sbc,,
NGC4940,G,1.13,1.00,28,22.89,Sa,,
NGC4941,G,3.29,2.70,23,23.09,SABa,,
NGC4942,G,1.68,1.22,25,23.25,SABc,,
NGC4943,G,0.79,0.54,105,23.64,S0,,
NGC4944,G,1.39,0.43,88,22.69,Sa,,
NGC4945,G,23.33,4.03,44,23.40,SBc,,
NGC4945,G,2.63,1.62,57,23.72,Sm,,
NGC4946,G,2.00,1.67,135,23.76,E,,
NGC4947,G,2.65,1.34,11,23.05,Sb,,
NGC4947,G,1.28,0.51,23,23.53,SBm,,
NGC4948,G,2.30,0.82,140,23.20,SBcd,,
NGC4948,G,1.44,1.04,180,23.24,SBd,,
NGC4949,G,0.72,0.38,102,23.40,Sb,,
NGC4950,G,0.92,0.79,99,23.48,S0,,
NGC4951,G,3.14,1.16,90,22.96,SABc,,
NGC4952,G,1.60,0.97,22,23.58,E,,
NGC4953,G,1.84,0.99,51,24.13,S0-a,,
NGC4954,G,0.99,0.65,68,22.98,S0,,
NGC4955,G,2.34,1.72,15,23.87,E,,
NGC4956,G,1.56,1.52,60,22.99,S0,,
NGC4957,G,1.22,0.93,97,23.29,E,,
NGC4958,G,4.79,1.20,7,23.53,S0,,
NGC4959,G,0.74,0.64,178,23.37,S0-a,,
NGC4961,G,1.11,0.88,106,22.73,Sc,,
NGC4963,G,0.86,0.81,55,22.59,Sa,,
NGC4964,G,1.10,0.69,134,22.71,SABa,,
NGC4965,G,2.49,2.05,142,23.27,SABc,,
NGC4966,G,1.03,0.49,142,22.34,SABa,,
NGC4967,G,1.15,0.87,117,24.11,E,,
NGC4968,G,2.28,1.04,57,24.30,S0,,
NGC4969,GPair,0.80,,,,,,
NGC4969,G,0.78,0.74,77,23.33,E,,
NGC4969,G,0.68,0.66,82,23.66,E-S0,,
NGC4970,G,1.79,1.14,138,23.31,S0,,
NGC4971,G,0.78,0.68,101,23.21,E-S0,,
NGC4973,G,0.96,0.82,94,23.41,E,,
NGC4974,G,1.57,1.11,123,24.14,E,,
NGC4975,G,0.97,0.61,29,23.63,S0,,
NGC4976,G,5.83,3.27,161,23.63,E,,
NGC4977,G,1.05,1.02,45,23.25,Sb,,
NGC4978,G,1.51,0.63,142,23.72,S0-a,,
NGC4979,G,0.86,0.74,102,23.61,Sb,,
NGC4980,G,1.77,0.78,165,23.14,Sa,,
NGC4981,G,2.70,1.97,155,22.72,Sbc,,
NGC4983,G,1.04,0.57,122,23.48,SBa,,
NGC4984,G,3.37,2.50,45,23.55,S0-a,,
NGC4985,G,1.15,0.82,126,23.77,S0,,
NGC4986,G,1.55,0.93,82,23.44,SBb,,
NGC4987,G,1.24,0.71,33,23.65,E,,
NGC4988,G,1.86,0.64,26,23.87,S0-a,,
NGC4989,G,1.41,0.55,175,23.83,S0,,
NGC4990,G,0.90,0.81,48,22.79,S0,,Cocoon Galaxy
NGC4991,G,0.59,0.48,101,22.97,SBb,,
NGC4992,G,1.06,0.60,11,23.03,SBa,,
NGC4993,G,1.55,1.35,173,23.16,E-S0,,
NGC4995,G,2.43,1.49,99,22.23,SABb,,
NGC4996,G,1.81,1.36,16,24.33,S0-a,,
NGC4997,G,1.61,0.89,85,23.74,E-S0,,
NGC4998,G,1.02,0.87,19,23.57,Sc,,
NGC4999,G,2.50,2.11,98,23.90,Sb,,
NGC5000,G,1.28,1.02,63,23.08,Sbc,,
NGC5001,G,1.15,0.42,157,23.75,SBb,,
NGC5002,G,1.39,0.71,179,23.55,Sm,,
NGC5003,G,1.03,0.77,148,23.64,Sa,,
NGC5004,G,1.33,0.96,167,23.48,S0,,
NGC5004,G,1.25,0.55,173,23.83,Sab,,
NGC5004,G,0.81,0.48,175,23.15,SBb,,
NGC5005,G,4.82,1.52,70,21.82,SABb,,
NGC5006,G,2.07,1.66,2,23.70,S0-a,,
NGC5007,G,0.93,0.57,136,22.75,E-S0,,
NGC5008,G,1.07,0.83,165,23.08,Sc,,
NGC5009,G,1.08,0.62,67,23.70,Sb,,
NGC5010,G,1.00,0.75,115,23.16,S0-a,,
NGC5011,G,2.92,2.43,154,23.59,E,,
NGC5011,G,1.58,0.81,92,23.50,SABc,,
NGC5012,G,2.64,1.44,10,22.75,Sc,,
NGC5013,G,0.74,0.51,148,22.99,SBbc,,
NGC5014,G,2.11,0.73,100,23.36,Sa,,
NGC5015,G,2.00,0.79,62,23.23,Sa,,
NGC5016,G,1.57,1.14,56,22.55,SABb,,
NGC5017,G,1.50,1.29,29,23.29,E,,
NGC5018,G,3.49,2.17,99,23.24,E,,
NGC5019,G,0.85,0.72,101,22.79,SABc,,
NGC5020,G,2.69,2.42,85,24.02,Sbc,,
NGC5021,G,1.49,0.60,78,23.16,SBb,,
NGC5022,G,2.46,0.49,19,23.45,Sbc,,
NGC5023,G,6.22,0.78,28,23.84,Sc,,
NGC5024,GCl,9.00,,,,,053,
NGC5025,G,2.07,0.51,59,23.82,Sb,,
NGC5026,G,3.52,1.79,50,23.74,Sa,,
NGC5027,G,1.10,1.01,0,23.75,Sb,,
NGC5028,G,2.12,1.38,118,24.52,E,,
NGC5029,G,1.52,0.93,147,23.84,E,,
NGC5030,G,1.78,1.16,173,23.82,S0-a,,
NGC5031,G,1.89,0.30,110,24.18,S0-a,,
NGC5032,G,1.95,1.08,18,23.47,Sb,,
NGC5033,G,9.84,4.58,172,23.78,Sc,,
NGC5034,G,0.89,0.65,20,22.57,Sbc,,
NGC5035,G,1.56,0.99,171,23.34,S0-a,,
NGC5036,G,0.69,0.57,73,23.26,E-S0,,
NGC5037,G,2.02,0.47,44,22.74,Sa,,
NGC5038,G,1.79,0.38,94,24.09,S0,,
NGC5039,G,0.55,0.19,133,24.69,Sa,,
NGC5040,G,1.03,0.48,70,23.09,Sab,,
NGC5041,G,1.26,0.97,143,23.15,Sc,,
NGC5042,G,4.15,2.20,19,23.88,SABc,,
NGC5043,OCl,5.52,,,,,,
NGC5044,G,3.66,3.17,41,23.27,E,,
NGC5045,*Ass,20.00,11.00,,,,,
NGC5046,G,1.02,0.85,42,23.00,E,,
NGC5047,G,2.86,0.29,84,24.44,S0,,
NGC5048,G,1.57,0.92,43,23.65,E-S0,,
NGC5049,G,2.01,0.40,115,23.89,S0,,
NGC5050,G,1.40,0.44,32,23.60,S0-a,,
NGC5051,G,1.65,0.71,48,23.16,SABb,,
NGC5052,G,1.37,1.02,150,23.74,S0-a,,
NGC5053,GCl,4.80,,,,,,
NGC5054,G,5.04,2.90,171,23.45,Sbc,,
NGC5055,G,11.83,7.16,103,23.04,Sbc,063,Sunflower Galaxy
NGC5056,G,1.62,0.82,1,22.92,SABc,,
NGC5057,G,1.31,0.99,0,23.74,S0,,
NGC5058,G,0.76,0.56,13,22.13,Scd,,
NGC5059,G,1.12,0.41,6,23.75,Sc,,
NGC5060,G,1.17,0.95,61,23.14,SBb,,
NGC5061,G,3.75,3.05,109,22.94,E,,
NGC5062,G,2.69,1.18,132,24.10,S0,,
NGC5063,G,2.02,1.63,146,23.39,Sa,,
NGC5064,G,2.70,1.40,36,23.50,Sb,,
NGC5065,G,1.22,0.73,87,23.00,SABc,,
NGC5066,G,0.80,0.56,0,22.23,Sa,,
NGC5068,G,7.48,6.70,138,23.65,Sc,,
NGC5070,G,1.17,0.98,90,23.55,E-S0,,
NGC5071,G,0.77,0.57,142,23.71,S0,,
NGC5073,G,3.78,0.56,149,23.62,SBc,,
NGC5074,G,0.82,0.41,145,22.23,SABb,,
NGC5075,G,1.02,0.76,57,23.97,E,,
NGC5076,G,1.35,0.97,31,23.25,S0-a,,
NGC5077,G,2.65,2.07,4,23.30,E,,
NGC5078,G,2.56,0.62,147,22.26,Sa,,
NGC5079,G,1.38,0.89,31,22.15,SBbc,,
NGC5080,G,1.31,1.17,93,23.58,S0,,
NGC5081,G,1.90,0.73,101,23.64,Sb,,
NGC5082,G,1.73,1.04,33,23.67,S0,,
NGC5083,G,1.09,0.83,136,23.68,Sc,,
NGC5084,G,9.93,2.46,80,25.22,S0,,
NGC5085,G,4.06,3.26,42,25.07,Sc,,
NGC5087,G,2.99,2.52,6,23.35,E-S0,,
NGC5088,G,1.86,0.51,180,22.43,SABb,,
NGC5089,G,0.95,0.65,122,22.77,Sb,,
NGC5090,G,3.51,2.76,106,24.15,E,,
NGC5090,G,1.91,0.73,142,24.50,S0,,
NGC5090,G,2.39,0.85,128,23.97,SBb,,
NGC5091,G,2.15,1.33,122,23.82,Sb,,
NGC5092,G,1.01,0.96,50,23.22,E,,
NGC5093,G,1.14,0.53,139,23.13,SBa,,
NGC5094,G,1.52,1.13,99,24.03,E,,
NGC5095,G,1.29,0.41,122,23.62,S0-a,,
NGC5096,GTrpl,0.70,,,,,,
NGC5096,G,0.87,0.71,7,23.64,E-S0,,
NGC5096,G,0.66,0.49,79,24.30,E,,
NGC5096,G,0.65,0.48,60,24.51,E,,
NGC5097,G,0.54,0.39,38,23.14,E,,
NGC5098,GPair,1.60,,,,,,
NGC5098,G,0.79,0.65,61,23.58,E,,
NGC5098,G,1.10,0.98,61,23.78,E,,
NGC5099,G,0.69,0.59,50,23.41,E,,
NGC5100,GPair,1.40,,,,,,
NGC5100,G,0.66,0.42,146,23.97,SBbc,,
NGC5101,G,5.90,5.52,123,24.15,S0-a,,
NGC5102,G,9.71,3.71,49,23.87,E-S0,,
NGC5103,G,1.59,0.98,142,23.16,S0,,
NGC5104,G,1.20,0.46,170,23.11,Sa,,
NGC5105,G,1.93,1.37,140,22.69,Sc,,
NGC5106,G,0.94,0.67,22,23.24,Sb,,
NGC5107,G,1.71,0.51,128,22.75,SBcd,,
NGC5108,G,1.32,0.37,2,23.38,SBbc,,
NGC5109,G,1.60,0.43,155,22.18,Sc,,
NGC5110,G,2.63,2.10,108,24.29,E-S0,,
NGC5112,G,2.99,1.83,127,23.34,SBc,,
NGC5114,G,1.81,1.12,78,23.65,E-S0,,
NGC5115,G,1.14,0.63,97,23.38,Sc,,
NGC5116,G,1.95,0.67,39,22.78,SBc,,
NGC5117,G,1.54,0.76,154,23.50,Sc,,
NGC5118,G,0.95,0.82,91,22.99,SABc,,
NGC5119,G,1.49,0.41,22,23.80,S0,,
NGC5120,OCl,,,,,,,
NGC5121,G,2.16,1.67,30,22.79,Sa,,
NGC5121,G,1.21,0.38,106,23.92,SABd,,
NGC5122,G,1.15,1.00,126,23.30,S0-a,,
NGC5123,G,1.18,1.05,154,22.62,Sc,,
NGC5124,G,2.48,0.80,12,23.83,E,,
NGC5125,G,1.77,1.37,169,23.38,Sb,,
NGC5126,G,1.86,0.64,57,24.03,S0-a,,
NGC5127,G,2.18,1.58,72,24.07,E,,
NGC5128,G,25.88,19.77,33,23.59,S0,,Centaurus A
NGC5129,G,1.65,1.29,7,22.98,E,,
NGC5130,G,1.11,0.82,45,23.28,S0-a,,
NGC5131,G,0.45,0.39,77,21.43,Sa,,
NGC5132,G,1.31,0.88,63,23.51,S0-a,,
NGC5133,G,1.10,0.65,25,23.59,E-S0,,
NGC5134,G,2.70,1.53,159,22.95,SABb,,
NGC5135,G,2.40,2.20,125,23.41,Sab,,
NGC5136,G,1.31,1.17,89,23.91,E,,
NGC5137,G,0.77,0.55,120,23.87,S0-a,,
NGC5138,OCl,4.20,,,,,,
NGC5139,GCl,27.00,,,,,,Omega Centauri
NGC5140,G,2.36,1.98,47,23.46,E-S0,,
NGC5141,G,1.59,1.10,78,23.52,S0,,
NGC5142,G,1.18,1.04,14,23.29,S0,,
NGC5143,G,0.53,0.34,101,23.00,SBd,,
NGC5144,GPair,1.10,,,,,,
NGC5144,G,0.89,0.40,55,,,,
NGC5144,G,1.00,0.81,151,22.05,Sc,,
NGC5145,G,1.97,1.45,84,23.70,S0-a,,
NGC5146,G,2.16,1.39,33,24.35,E-S0,,
NGC5147,G,1.47,1.36,160,21.78,Sd,,
NGC5148,G,0.66,0.60,0,23.26,SBcd,,
NGC5149,G,1.62,0.95,153,23.15,SBbc,,
NGC5150,G,1.40,1.03,117,22.66,SBbc,,
NGC5151,G,0.91,0.82,175,23.29,E,,
NGC5152,G,2.03,1.04,110,23.45,SBb,,
NGC5153,G,2.44,1.89,17,23.71,E,,
NGC5154,G,1.35,1.26,60,23.94,Sc,,
NGC5155,*Ass,6.30,,,,,,
NGC5156,G,2.54,2.08,115,23.12,SBb,,
NGC5157,G,1.32,1.11,116,23.28,Sa,,
NGC5158,G,0.98,0.93,30,22.59,Sab,,
NGC5159,G,1.24,0.35,162,23.41,Sc,,
NGC5161,G,5.36,1.62,77,23.43,Sc,,
NGC5162,G,2.96,1.60,162,24.30,SBc,,
NGC5163,G,1.13,0.72,10,23.81,E,,
NGC5164,G,0.99,0.90,35,23.11,SBb,,
NGC5165,G,1.64,0.91,2,24.33,E-S0,,
NGC5166,G,2.13,0.37,67,23.54,SABb,,
NGC5167,G,1.00,0.96,15,23.40,SBb,,
NGC5168,OCl,4.20,,,,,,
NGC5169,G,1.51,0.60,104,23.64,Sbc,,
NGC5170,G,7.96,1.41,123,23.95,Sc,,
NGC5171,G,1.07,0.78,5,22.61,E-S0,,
NGC5172,G,2.38,1.34,101,22.84,SABc,,
NGC5173,G,1.10,1.04,130,22.47,E,,
NGC5176,G,0.38,0.38,130,22.14,E,,
NGC5177,G,0.86,0.23,134,23.17,Sa,,
NGC5178,G,1.03,0.66,94,23.49,S0-a,,
NGC5179,G,1.10,0.73,40,23.62,E-S0,,
NGC5180,G,1.25,0.89,34,23.19,S0,,
NGC5181,G,1.04,0.90,30,23.42,E,,
NGC5182,G,2.06,1.60,12,23.45,Sbc,,
NGC5183,G,1.72,0.60,118,23.03,Sb,,
NGC5184,G,1.57,0.94,128,22.92,SABb,,
NGC5185,G,2.00,0.74,58,24.02,SBb,,
NGC5186,G,0.73,0.49,160,23.60,Sb,,
NGC5187,G,0.81,0.54,45,22.71,Sb,,
NGC5188,G,3.41,2.41,98,24.07,Sb,,
NGC5189,PN,2.33,,,,,,
NGC5190,G,0.97,0.76,155,22.59,Sb,,
NGC5191,G,1.03,0.67,89,23.49,S0,,
NGC5192,G,0.61,0.30,12,22.74,Sa,,
NGC5193,G,2.07,1.89,65,23.03,E,,
NGC5193,G,1.49,0.53,48,23.68,S0,,
NGC5194,G,13.71,11.67,163,22.90,SABb,051,Whirlpool Galaxy
NGC5195,G,5.50,4.36,79,22.84,SBa,,
NGC5196,G,0.87,0.80,165,23.57,E-S0,,
NGC5197,G,0.86,0.19,148,24.15,S0-a,,
NGC5198,G,2.03,1.68,15,23.10,E,,
NGC5199,G,1.27,0.91,130,23.96,S0,,
NGC5201,G,1.58,0.99,127,23.61,Sb,,
NGC5202,G,0.67,0.29,178,23.00,Sb,,
NGC5203,G,1.66,1.05,90,23.97,E-S0,,
NGC5204,G,4.50,2.82,5,23.32,Sm,,
NGC5205,G,1.58,0.94,168,22.89,SBbc,,
NGC5206,G,4.26,2.81,28,23.77,E-S0,,
NGC5207,G,1.75,0.88,142,23.76,Sb,,
NGC5208,G,1.69,0.60,161,24.01,S0,,
NGC5209,G,1.25,0.88,111,23.83,E,,
NGC5210,G,1.51,1.25,12,23.55,Sa,,
NGC5211,G,2.00,1.55,30,23.77,Sab,,
NGC5212,G,0.51,0.47,90,23.21,Sc,,
NGC5213,GPair,0.93,0.71,133,23.18,Sb,,
NGC5214,G,1.04,0.83,131,22.99,Sc,,
NGC5215,GPair,2.20,,,,,,
NGC5215,G,1.57,0.35,135,21.94,S0,,
NGC5215,G,1.24,0.88,85,23.15,S0,,
NGC5216,G,1.69,1.10,54,23.70,E,,
NGC5217,G,1.56,0.53,16,23.76,E,,
NGC5218,G,1.84,1.21,93,22.86,SBb,,
NGC5220,G,2.62,1.21,95,24.09,Sa,,
NGC5221,G,1.56,0.77,109,23.60,SABb,,
NGC5222,GPair,1.20,,,,,,
NGC5222,G,1.51,1.00,12,23.75,E,,
NGC5222,G,0.93,0.59,33,23.87,Sab,,
NGC5223,G,2.14,1.42,170,24.58,E,,
NGC5224,G,0.87,0.76,139,23.50,E,,
NGC5225,G,0.73,0.73,60,22.56,E,,
NGC5226,G,0.50,0.26,17,23.82,E,,
NGC5227,G,1.51,1.29,161,23.38,Sb,,
NGC5228,G,1.15,0.98,20,23.31,E-S0,,
NGC5229,G,2.28,0.63,169,23.91,SBcd,,
NGC5230,G,1.55,1.48,0,22.84,SABc,,
NGC5231,G,1.15,0.76,133,23.14,SBa,,
NGC5232,G,1.72,1.34,65,23.27,S0-a,,
NGC5233,G,1.46,0.76,80,23.61,Sab,,
NGC5234,G,1.51,0.87,46,23.57,S0-a,,
NGC5235,G,1.31,0.57,115,23.78,SBb,,
NGC5236,G,13.61,13.21,45,22.20,Sc,083,Southern Pinwheel Galaxy
NGC5237,G,2.34,1.57,111,23.80,E-S0,,
NGC5238,G,1.75,1.44,162,23.68,SABd,,
NGC5239,G,1.80,1.75,150,24.39,Sbc,,
NGC5240,G,1.83,1.26,57,23.57,SBc,,
NGC5241,G,1.05,0.46,50,22.16,SBab,,
NGC5243,G,1.01,0.45,126,22.50,Sbc,,
NGC5244,G,2.22,1.49,18,23.52,Sbc,,
NGC5245,G,0.56,0.21,90,23.05,S0-a,,
NGC5246,G,0.85,0.65,85,22.93,SBb,,
NGC5247,G,5.32,4.26,170,22.95,SABb,,
NGC5248,G,4.07,2.38,120,22.25,SABb,,
NGC5249,G,1.49,0.93,176,23.83,S0,,
NGC5250,G,0.93,0.85,110,22.42,S0,,
NGC5251,G,0.90,0.76,54,23.14,S0-a,,
NGC5252,G,1.29,0.75,11,23.56,S0,,
NGC5253,G,5.01,2.12,43,22.28,SBm,,
NGC5254,G,3.35,1.44,127,23.34,Sc,,
NGC5255,G,1.41,0.40,26,24.14,Sa,,
NGC5256,GPair,0.95,0.83,,,,,
NGC5256,G,0.22,0.19,117,21.59,Sbc,,
NGC5256,G,1.48,1.29,9,23.52,Sab,,
NGC5257,G,1.48,0.77,85,22.78,SABb,,
NGC5258,G,1.48,1.24,178,23.32,SBb,,
NGC5259,GPair,1.00,,,,,,
NGC5259,G,0.83,0.55,101,24.86,E,,
NGC5259,G,0.87,0.69,132,23.73,E,,
NGC5260,G,1.64,1.60,160,23.37,Sc,,
NGC5261,G,0.86,0.45,131,23.27,Sa,,
NGC5262,G,1.22,0.69,177,24.19,E-S0,,
NGC5263,G,1.14,0.39,26,22.51,Sc,,
NGC5264,G,2.97,2.20,64,23.42,IB,,
NGC5265,G,0.95,0.85,140,23.14,SBc,,
NGC5266,G,2.92,2.09,98,23.11,S0,,
NGC5266,G,1.91,1.69,30,23.00,SBc,,
NGC5267,G,1.53,0.55,53,23.06,SBb,,
NGC5269,OCl,4.80,,,,,,
NGC5270,G,1.00,0.76,20,23.43,SBb,,
NGC5271,G,0.84,0.67,80,23.42,SBa,,
NGC5272,GCl,16.20,,,,,003,
NGC5273,G,2.31,1.52,6,23.07,S0,,
NGC5274,G,0.60,0.54,111,23.16,E,,
NGC5275,G,0.88,0.67,79,23.68,S0-a,,
NGC5276,G,0.86,0.60,156,22.89,Sb,,
NGC5277,G,0.58,0.45,119,22.91,Sbc,,
NGC5278,G,0.76,0.60,73,21.72,Sb,,
NGC5279,G,0.61,0.35,24,21.98,SBa,,
NGC5280,G,0.84,0.81,100,23.17,E,,
NGC5281,OCl,6.90,,,,,,
NGC5282,G,0.66,0.62,80,22.93,E,,
NGC5283,G,1.19,1.03,132,23.41,S0,,
NGC5284,*Ass,8.40,,,,,,
NGC5285,G,0.77,0.64,61,23.75,E,,
NGC5286,GCl,6.60,,,,,,
NGC5287,G,0.68,0.45,116,23.56,E,,
NGC5288,OCl,3.60,,,,,,
NGC5289,G,2.33,0.70,100,23.83,SABa,,
NGC5290,G,3.24,0.90,95,23.63,Sbc,,
NGC5291,G,1.77,1.24,173,23.83,E-S0,,
NGC5292,G,2.29,1.33,51,22.98,Sab,,
NGC5293,G,1.58,1.07,122,23.16,Sc,,
NGC5294,G,1.26,0.65,125,23.81,I,,
NGC5295,G,0.63,0.62,70,22.54,E-S0,,
NGC5296,G,0.95,0.55,11,23.06,S0-a,,
NGC5297,G,3.72,0.91,147,22.87,Sc,,
NGC5298,G,1.86,0.87,69,23.54,SBb,,
NGC5299,OCl,4.20,,,,,,
NGC5300,G,2.83,1.84,147,23.77,SABc,,
NGC5301,G,3.96,0.84,150,23.85,SBc,,
NGC5302,G,1.05,0.59,162,22.21,S0-a,,
NGC5303,G,0.86,0.44,90,20.77,Sb,,
NGC5304,G,1.91,1.39,140,23.75,E-S0,,
NGC5305,G,1.46,1.02,26,23.69,Sb,,
NGC5306,G,1.94,1.24,33,23.25,S0,,
NGC5307,PN,0.21,,,,,,
NGC5308,G,4.33,0.57,60,24.00,S0,,
NGC5309,G,0.63,0.56,125,23.34,,,
NGC5311,G,2.01,1.66,102,23.60,S0-a,,
NGC5312,G,1.09,0.57,39,23.52,S0-a,,
NGC5313,G,1.81,1.05,42,22.38,SABb,,
NGC5314,G,0.95,0.49,86,23.01,Sa,,
NGC5315,PN,0.10,,,,,,
NGC5316,OCl,9.90,,,,,,
NGC5318,G,1.51,1.12,165,23.21,S0,,
NGC5319,G,0.65,0.27,68,23.70,Sbc,,
NGC5320,G,1.82,0.92,17,22.83,SABc,,
NGC5321,G,0.89,0.63,49,23.32,S0-a,,
NGC5322,G,5.62,3.49,95,23.64,E,,
NGC5323,G,1.05,0.44,164,22.78,Sab,,
NGC5324,G,2.22,1.09,15,22.51,Sc,,
NGC5325,G,0.86,0.62,108,23.29,Sc,,
NGC5326,G,2.18,1.03,136,23.00,Sa,,
NGC5327,G,1.61,0.95,93,23.17,Sb,,
NGC5328,G,3.07,1.71,78,23.98,E,,
NGC5329,G,1.48,0.71,170,23.09,E,,
NGC5330,G,1.14,0.93,165,23.66,E,,
NGC5331,GPair,1.10,,,,,,
NGC5331,G,1.07,0.58,132,25.02,SABb,,
NGC5331,G,0.56,0.29,50,22.59,Sb,,
NGC5332,G,1.06,0.77,55,22.81,E-S0,,
NGC5333,G,2.18,1.09,51,23.21,S0,,
NGC5334,G,3.38,2.44,17,24.15,Sc,,
NGC5335,G,1.45,1.32,155,23.82,Sb,,
NGC5336,G,1.22,0.92,101,22.76,SABc,,
NGC5337,G,1.66,0.80,22,22.88,SBab,,
NGC5338,G,1.94,0.85,98,24.16,S0,,
NGC5339,G,1.82,1.50,85,22.77,Sa,,
NGC5340,G,0.84,0.64,85,,E,,
NGC5341,G,1.07,0.58,159,22.63,SBm,,
NGC5342,G,0.92,0.30,154,22.75,S0,,
NGC5343,G,1.23,0.93,78,23.44,E-S0,,
NGC5344,GPair,0.54,0.47,100,,E,,
NGC5345,G,1.50,0.91,157,23.15,Sa,,
NGC5346,G,1.56,0.64,160,23.71,SABc,,
NGC5347,G,1.62,1.19,122,23.03,Sab,,
NGC5348,G,3.88,0.73,175,24.75,SBbc,,
NGC5349,G,1.60,0.48,81,23.88,SBb,,
NGC5350,G,2.69,1.66,35,22.80,Sbc,,
NGC5351,G,2.43,1.31,101,23.30,SBb,,
NGC5352,G,1.42,1.24,92,23.57,E-S0,,
NGC5353,G,2.37,1.18,152,22.57,S0,,
NGC5354,G,3.03,1.15,174,23.42,S0,,
NGC5355,G,1.15,0.72,30,23.06,S0,,
NGC5356,G,2.83,0.67,16,23.60,Sbc,,
NGC5357,G,2.18,1.87,24,23.54,E,,
NGC5358,G,1.12,0.38,138,23.40,S0-a,,
NGC5359,OCl,5.40,,,,,,
NGC5360,G,1.10,0.62,63,23.76,S0-a,,
NGC5361,G,0.76,0.42,64,23.00,S0-a,,
NGC5362,G,1.89,0.78,87,22.85,Sb,,
NGC5363,G,4.17,2.75,133,22.82,S0-a,,
NGC5364,G,3.80,1.66,45,22.19,Sbc,,
NGC5365,G,3.88,2.14,174,24.03,S0,,
NGC5365,G,2.84,0.68,94,23.61,SBb,,
NGC5365,G,1.79,0.42,51,23.37,Sab,,
NGC5366,G,0.80,0.57,43,22.78,S0-a,,
NGC5367,RfN,2.00,2.00,,,,,
NGC5368,G,0.99,0.75,19,22.60,Sab,,
NGC5369,G,1.08,0.87,110,23.48,E,,
NGC5370,G,1.37,1.29,65,23.49,S0,,
NGC5371,G,3.98,2.45,7,22.64,Sbc,,
NGC5372,G,0.69,0.37,137,21.52,E?,,
NGC5373,G,0.60,0.52,45,23.08,E-S0,,
NGC5374,G,1.62,1.32,45,23.34,SBbc,,
NGC5375,G,2.34,1.73,179,23.20,SBab,,
NGC5376,G,1.48,0.92,66,22.26,SABa,,
NGC5377,G,3.64,1.42,34,23.29,Sa,,
NGC5378,G,2.03,1.57,73,23.74,Sa,,
NGC5379,G,2.06,0.72,60,24.29,S0,,
NGC5380,G,2.00,0.99,95,23.49,E-S0,,
NGC5381,OCl,6.30,,,,,,
NGC5382,G,1.45,1.08,24,23.05,S0,,
NGC5383,G,2.48,1.88,98,22.73,Sb,,
NGC5384,G,1.80,0.74,56,24.03,S0,,
NGC5385,OCl,,,,,,,
NGC5386,G,0.98,0.45,47,22.14,S0-a,,
NGC5387,G,1.17,0.37,24,23.07,SBbc,,
NGC5389,G,3.27,0.71,4,23.99,S0-a,,
NGC5391,G,0.51,0.30,38,23.79,E,,
NGC5392,G,0.95,0.74,145,23.12,S0-a,,
NGC5393,G,0.95,0.62,5,22.58,SBa,,
NGC5394,G,2.63,1.07,60,23.78,SBb,,
NGC5395,G,2.49,1.16,171,22.45,SABb,,
NGC5397,G,1.62,1.01,65,23.66,E-S0,,
NGC5398,G,2.76,1.65,174,24.57,Sd,,
NGC5399,G,1.14,0.32,87,22.53,Sbc,,
NGC5400,G,1.40,1.25,104,23.76,E-S0,,
NGC5401,G,1.46,0.31,81,23.34,SABa,,
NGC5402,G,1.13,0.28,166,22.44,SBc,,
NGC5403,G,2.75,0.89,143,24.63,SBb,,
NGC5405,G,0.83,0.76,145,22.91,Sc,,
NGC5406,G,1.69,1.22,115,22.75,Sbc,,
NGC5407,G,1.37,0.89,97,23.84,E,,
NGC5408,G,2.84,1.53,66,22.66,IB,,
NGC5409,G,1.56,1.00,51,23.51,SABb,,
NGC5410,G,1.15,0.65,63,22.88,Sc,,
NGC5411,G,1.51,0.79,138,23.99,E-S0,,
NGC5412,G,1.17,0.95,22,23.86,E-S0,,
NGC5413,G,1.29,1.00,27,23.73,E,,
NGC5414,G,0.97,0.66,165,22.57,E?,,
NGC5415,G,0.87,0.63,126,23.64,E,,
NGC5416,G,1.29,0.73,105,22.79,Sc,,
NGC5417,G,1.67,0.84,118,23.13,Sa,,
NGC5418,G,0.95,0.41,45,22.49,SBb,,
NGC5419,G,3.98,2.95,78,23.76,E,,
NGC5420,G,1.90,0.70,135,23.32,Sb,,
NGC5421,GPair,1.30,,,,,,
NGC5421,G,1.17,0.68,156,23.19,Sc,,
NGC5421,G,1.00,0.55,168,23.88,S0,,
NGC5422,G,2.81,0.59,153,23.67,S0-a,,
NGC5423,G,1.53,0.90,75,23.46,E-S0,,
NGC5424,G,1.46,1.18,108,23.65,S0,,
NGC5425,G,1.58,0.44,127,22.94,Sc,,
NGC5426,G,3.06,1.21,1,23.12,Sc,,
NGC5427,G,3.61,3.27,178,23.40,SABc,,
NGC5430,G,2.18,1.46,177,23.13,SBb,,
NGC5431,G,0.90,0.38,83,23.56,SBbc,,
NGC5433,G,1.52,0.36,4,22.51,SBcd,,
NGC5434,G,1.48,1.39,35,23.48,Sc,,
NGC5436,G,1.24,0.53,124,23.89,S0-a,,
NGC5437,G,1.07,0.54,1,23.30,Sb,,
NGC5438,G,1.18,1.11,70,23.65,E,,
NGC5439,G,1.27,0.40,10,23.38,Sa,,
NGC5440,G,2.84,1.45,48,23.96,Sa,,
NGC5441,G,0.44,0.38,111,22.46,Sbc,,
NGC5442,G,1.19,0.56,162,22.54,SBb,,
NGC5443,G,1.68,0.57,31,22.41,Sb,,
NGC5444,G,2.48,1.94,87,23.62,E,,
NGC5445,G,1.56,0.56,26,23.53,S0,,
NGC5447,HII,,,,,,,
NGC5448,G,3.77,1.95,109,23.39,Sa,,
NGC5450,HII,,,,,,,
NGC5451,HII,0.52,0.31,58,,,,
NGC5452,G,1.25,0.80,110,23.19,SABc,,
NGC5453,HII,,,,,,,
NGC5454,G,1.34,0.79,113,23.61,S0,,
NGC5455,HII,0.63,0.49,178,,,,
NGC5456,G,1.36,1.10,174,23.39,S0,,
NGC5457,G,23.99,23.07,28,23.97,SABc,101,
NGC5458,HII,,,,,,,
NGC5459,G,1.27,1.11,7,23.62,S0,,
NGC5460,OCl,13.20,,,,,,
NGC5461,HII,1.62,0.98,49,,,,
NGC5462,HII,0.13,0.11,80,,,,
NGC5463,G,1.25,0.45,48,23.17,S0,,
NGC5464,G,1.38,0.73,82,22.19,SBm,,
NGC5466,GCl,6.60,,,,,,
NGC5468,G,2.28,2.13,155,23.41,SABc,,
NGC5469,G,0.92,0.78,135,23.50,S0,,
NGC5470,G,2.60,0.42,62,23.78,Sb,,
NGC5471,HII,0.82,0.61,,,,,
NGC5472,G,1.46,0.29,29,23.45,Sab,,
NGC5473,G,1.99,1.54,156,22.60,E-S0,,
NGC5474,G,2.39,1.57,100,21.75,Sc,,
NGC5475,G,1.94,0.58,166,23.07,Sa,,
NGC5476,G,1.41,1.31,130,22.78,SABd,,
NGC5477,G,1.11,0.78,87,23.02,Sm,,
NGC5478,G,0.97,0.66,22,22.85,Sbc,,
NGC5479,G,0.93,0.76,20,23.66,E,,
NGC5480,G,1.67,1.28,177,22.49,Sc,,
NGC5481,G,1.76,1.22,113,23.39,E,,
NGC5482,G,1.17,0.81,88,23.03,S0,,
NGC5483,G,3.42,3.08,16,23.27,Sc,,
NGC5484,G,0.47,0.46,5,22.96,E,,
NGC5485,G,2.51,1.75,170,23.13,S0,,
NGC5486,G,1.36,0.82,69,23.14,SABm,,
NGC5487,G,1.05,0.52,67,22.99,SABb,,
NGC5488,G,2.63,0.73,26,23.22,SABb,,
NGC5489,G,2.29,1.28,126,23.44,Sa,,
NGC5490,G,1.66,1.29,2,23.03,E,,
NGC5490,G,0.75,0.61,34,23.28,SBbc,,
NGC5491,G,1.32,0.75,78,22.81,Sbc,,
NGC5492,G,1.58,0.38,151,22.57,Sb,,
NGC5493,G,2.17,1.92,125,22.72,S0,,
NGC5494,G,2.33,2.18,50,23.82,Sc,,
NGC5495,G,1.52,1.26,44,23.02,Sc,,
NGC5496,G,2.69,0.58,176,23.11,SBc,,
NGC5497,G,0.60,0.49,62,22.77,SBb,,
NGC5498,G,1.23,0.84,118,23.72,E-S0,,
NGC5499,G,1.12,0.74,143,23.21,S0-a,,
NGC5500,G,0.92,0.76,136,23.03,E,,
NGC5501,G,0.89,0.65,65,23.48,S0-a,,
NGC5502,G,0.63,0.34,81,23.88,S0,,
NGC5504,G,1.18,1.03,114,23.03,Sbc,,
NGC5504,G,0.56,0.38,112,22.54,SBbc,,
NGC5504,G,0.81,0.32,78,23.34,Sd,,
NGC5505,G,0.89,0.71,127,21.50,SBa,,
NGC5506,G,2.88,0.76,89,23.26,SABa,,
NGC5507,G,1.60,0.79,80,23.15,S0,,
NGC5508,G,0.98,0.65,135,23.64,S0,,
NGC5509,G,1.19,0.74,92,23.99,S0,,
NGC5510,G,0.95,0.65,32,22.77,SBm,,
NGC5511,G,0.68,0.24,166,23.60,E?,,
NGC5512,G,0.67,0.56,74,23.28,E,,
NGC5513,G,2.02,1.09,114,24.02,S0,,
NGC5514,GPair,1.30,,,,,,
NGC5514,G,1.15,0.65,97,23.00,Sbc,,
NGC5514,G,0.85,0.74,111,24.16,Sbc,,
NGC5515,G,1.22,0.64,107,22.78,Sab,,
NGC5516,G,2.39,1.56,162,23.62,E-S0,,
NGC5517,G,1.01,0.71,123,23.37,S0-a,,
NGC5518,G,1.28,1.09,121,23.75,E,,
NGC5519,G,1.77,1.08,76,24.23,SBa,,
NGC5520,G,1.61,0.80,66,22.58,Sb,,
NGC5521,G,0.61,0.49,40,22.24,Sbc,,
NGC5522,G,1.87,0.42,50,23.16,SBb,,
NGC5523,G,2.04,0.89,92,22.67,SABc,,
NGC5525,G,1.21,0.66,21,22.92,S0,,
NGC5526,G,1.10,0.30,135,22.52,Sbc,,
NGC5527,G,0.94,0.69,153,23.19,Sb,,
NGC5528,G,0.99,0.55,17,22.95,Sbc,,
NGC5529,G,5.79,0.68,114,23.68,SABc,,
NGC5530,G,4.86,2.18,127,23.36,SABb,,
NGC5531,GPair,1.07,0.60,170,23.29,S0,,
NGC5532,G,2.34,1.94,144,23.55,S0,,
NGC5533,G,2.86,1.58,28,23.31,SABa,,
NGC5534,G,1.36,1.23,65,22.50,Sab,,
NGC5535,G,0.66,0.42,15,23.75,E,,
NGC5536,G,0.83,0.64,11,22.73,Sa,,
NGC5537,G,0.94,0.40,32,23.10,Sb,,
NGC5538,G,0.89,0.31,62,23.22,Sbc,,
NGC5539,G,1.15,0.75,35,23.97,S0,,
NGC5540,G,1.10,0.88,17,23.77,E,,
NGC5541,G,0.92,0.59,31,21.97,Sc,,
NGC5542,G,0.60,0.35,164,22.57,E,,
NGC5543,G,0.79,0.42,140,23.11,Sab,,
NGC5544,G,1.03,0.96,57,22.66,S0-a,,
NGC5545,G,0.97,0.33,59,21.05,Sbc,,
NGC5546,G,1.57,1.29,22,23.18,E,,
NGC5547,G,0.74,0.30,61,22.91,,,
NGC5548,G,1.33,1.05,118,22.56,S0-a,,
NGC5549,G,1.53,0.75,119,23.59,S0,,
NGC5550,G,1.10,0.81,98,22.82,SBb,,
NGC5551,G,0.81,0.59,116,23.26,E,,
NGC5552,G,0.91,0.39,172,23.07,Sbc,,
NGC5553,G,1.15,0.25,87,23.03,Sa,,
NGC5554,G,0.65,0.45,38,22.76,SBb,,
NGC5555,G,0.61,0.37,113,22.57,Sb,,
NGC5556,G,3.45,2.75,145,24.05,Scd,,
NGC5557,G,2.28,1.12,97,22.54,E,,
NGC5559,G,1.31,0.38,65,23.14,Sb,,
NGC5560,G,3.45,0.85,109,23.66,Sb,,
NGC5561,G,0.65,0.52,161,23.09,Sb,,
NGC5562,G,0.80,0.74,10,22.59,S0-a,,
NGC5563,G,0.95,0.45,77,23.96,E,,
NGC5566,G,5.36,2.08,35,23.30,SBab,,
NGC5567,G,1.06,0.92,53,23.40,E-S0,,
NGC5568,G,0.74,0.57,117,23.23,Sc,,
NGC5569,G,1.11,0.87,56,23.84,SABc,,
NGC5572,G,0.89,0.72,178,23.33,Sb,,
NGC5573,G,1.24,0.37,106,23.38,Sbc,,
NGC5574,G,1.32,0.83,61,22.61,E-S0,,
NGC5575,G,0.91,0.75,95,23.01,S0,,
NGC5576,G,2.83,1.87,91,22.90,E,,
NGC5577,G,2.86,0.73,61,23.57,Sbc,,
NGC5579,G,1.49,1.12,177,23.87,Sc,,
NGC5580,G,1.54,1.38,137,23.26,S0,,
NGC5581,G,0.60,0.48,0,,E,,
NGC5582,G,2.20,1.40,24,23.05,E,,
NGC5583,G,0.84,0.64,81,22.68,E,,
NGC5584,G,3.13,2.34,154,23.71,SABc,,
NGC5585,G,4.27,2.62,33,22.86,SABc,,
NGC5587,G,2.13,0.67,162,23.84,S0-a,,
NGC5588,G,0.95,0.80,58,22.75,Sa,,
NGC5591,GPair,1.40,,,,,,
NGC5591,G,0.85,0.48,79,22.47,Sc,,
NGC5591,G,1.02,0.25,64,23.62,Sc,,
NGC5592,G,1.63,0.75,88,22.70,Sbc,,
NGC5593,OCl,4.50,,,,,,
NGC5594,G,1.47,0.70,152,24.45,E,,
NGC5595,G,2.12,1.01,54,22.35,SABc,,
NGC5596,G,1.04,0.72,95,23.26,S0,,
NGC5597,G,2.00,1.55,65,22.63,Sc,,
NGC5598,G,1.55,0.99,51,23.73,S0,,
NGC5599,G,1.34,0.51,158,23.30,Sb,,
NGC5600,G,1.60,1.57,135,22.65,SABc,,
NGC5601,G,0.83,0.33,4,23.36,Sa,,
NGC5602,G,1.31,0.68,167,22.41,Sa,,
NGC5603,G,1.11,1.04,90,22.97,S0,,
NGC5604,G,1.80,0.92,6,23.21,SABa,,
NGC5605,G,1.50,1.23,66,22.59,SABc,,
NGC5606,OCl,3.60,,,,,,
NGC5607,G,0.87,0.73,71,22.30,Sab,,
NGC5608,G,1.66,0.74,98,23.15,IB,,
NGC5609,G,0.48,0.39,116,23.44,E,,
NGC5610,G,1.73,0.60,105,23.60,SBab,,
NGC5611,G,1.36,0.59,65,22.80,S0,,
NGC5612,G,1.94,1.15,64,22.86,Sab,,
NGC5613,G,0.56,0.37,30,23.14,S0-a,,
NGC5614,G,2.43,2.00,150,23.12,Sab,,
NGC5615,G,0.16,0.16,162,21.21,,,
NGC5616,G,2.13,0.41,158,23.73,SBbc,,
NGC5617,OCl,5.10,,,,,,
NGC5618,G,1.45,0.78,4,23.18,SBc,,
NGC5619,G,2.29,0.93,12,23.80,Sb,,
NGC5619,G,1.05,0.44,121,22.96,Sbc,,
NGC5622,G,1.34,0.76,86,23.12,Sb,,
NGC5623,G,1.65,1.08,17,23.58,E,,
NGC5624,G,1.02,0.68,7,22.54,I,,
NGC5625,GPair,1.20,,,,,,
NGC5625,G,0.48,0.28,144,23.88,Sbc,,
NGC5625,G,1.00,0.78,67,23.42,Sc,,
NGC5626,G,1.37,1.05,102,23.40,S0-a,,
NGC5627,G,1.28,0.78,121,23.81,S0,,
NGC5628,G,0.97,0.63,173,23.24,E,,
NGC5629,G,1.71,1.58,110,23.08,S0,,
NGC5630,G,1.48,0.52,96,22.42,SBd,,
NGC5631,G,1.95,1.95,140,22.69,S0,,
NGC5633,G,1.09,0.72,11,21.73,Sb,,
NGC5634,GCl,4.50,,,,,,
NGC5635,G,2.62,1.00,64,23.73,Sb,,
NGC5636,G,1.36,0.89,56,23.23,S0-a,,
NGC5637,G,0.84,0.44,7,22.57,Sb,,
NGC5638,G,1.94,1.71,154,22.46,E,,
NGC5639,G,1.26,0.81,108,23.33,Sc,,
NGC5640,G,0.78,0.47,22,23.69,,,
NGC5641,G,2.07,1.03,160,23.18,Sab,,
NGC5642,G,1.77,1.13,126,24.12,E,,
NGC5643,G,5.27,4.60,88,23.02,Sc,,
NGC5644,G,1.24,1.14,150,23.18,S0,,
NGC5645,G,2.02,1.09,85,22.64,SBcd,,
NGC5646,G,1.19,0.45,79,23.42,Sb,,
NGC5647,G,1.02,0.24,180,23.66,SABa,,
NGC5648,G,0.77,0.63,175,22.53,Sb,,
NGC5650,G,1.05,0.24,114,22.00,Sbc,,
NGC5653,G,1.60,1.33,120,22.52,Sb,,
NGC5654,G,1.25,0.73,133,23.29,S0-a,,
NGC5655,G,0.73,0.47,152,22.06,SBc,,
NGC5656,G,1.26,0.89,57,22.16,Sab,,
NGC5657,G,1.75,0.71,168,23.66,Sb,,
NGC5659,G,1.79,0.51,45,23.65,SBb,,
NGC5660,G,2.64,2.43,30,23.15,SABc,,
NGC5661,G,1.14,0.61,22,22.93,Sb,,
NGC5662,OCl,8.10,,,,,,
NGC5663,G,0.92,0.87,60,23.62,E-S0,,
NGC5664,G,0.85,0.39,27,22.55,Sa,,
NGC5665,G,1.88,1.17,150,22.45,Sc,,
NGC5666,G,0.97,0.75,150,22.21,S0,,
NGC5667,G,1.62,0.82,170,22.51,Sc,,
NGC5668,G,1.91,1.61,107,22.25,Scd,,
NGC5669,G,2.57,1.46,54,23.31,Sc,,
NGC5670,G,2.59,1.18,67,23.71,S0,,
NGC5671,G,1.41,1.02,62,23.61,Sb,,
NGC5672,G,0.91,0.75,49,22.52,Sb,,
NGC5673,G,2.33,0.45,134,22.25,Sc,,
NGC5674,G,1.15,0.30,6,22.03,Sc,,
NGC5675,G,2.27,0.72,135,23.73,SBab,,
NGC5676,G,3.59,1.61,46,22.74,Sc,,
NGC5677,G,0.94,0.70,136,23.05,SBbc,,
NGC5678,G,2.96,1.55,2,22.92,SABb,,
NGC5679,GTrpl,1.60,,,,,,
NGC5679,G,0.78,0.47,133,,Sc,,
NGC5679,G,1.08,0.62,124,22.83,Sb,,
NGC5679,G,0.27,0.18,11,22.94,Scd,,
NGC5680,G,0.96,0.67,21,23.83,E-S0,,
NGC5681,G,0.86,0.61,2,22.55,Sbc,,
NGC5682,G,0.65,0.24,136,21.89,Sb,,
NGC5683,G,0.57,0.49,95,23.21,S0-a,,
NGC5684,G,1.41,1.12,101,23.13,S0,,
NGC5685,G,1.05,0.94,20,23.72,E,,
NGC5686,G,0.77,0.73,80,23.08,SBa,,
NGC5687,G,2.41,1.37,103,23.21,E-S0,,
NGC5688,G,4.13,1.91,86,23.96,Sc,,
NGC5689,G,3.66,0.91,86,23.88,S0-a,,
NGC5690,G,3.20,0.99,145,22.79,Sc,,
NGC5691,G,1.86,1.40,101,22.84,Sa,,
NGC5692,G,0.95,0.60,36,21.68,Sbc,,
NGC5693,G,1.57,1.07,50,23.59,Scd,,
NGC5694,GCl,3.30,,,,,,
NGC5695,G,0.99,0.49,139,22.01,SBab,,
NGC5696,G,1.21,0.84,42,22.84,SBbc,,
NGC5697,G,1.00,0.64,26,23.05,Sc,,
NGC5698,G,1.73,0.74,61,23.26,Sb,,
NGC5699,G,0.61,0.56,40,23.45,E,,
NGC5700,G,0.99,0.55,37,23.42,SBb,,
NGC5701,G,2.00,1.60,4,22.28,S0-a,,
NGC5702,G,1.19,0.91,137,23.39,S0,,
NGC5703,G,1.51,0.44,103,23.47,Sa,,
NGC5704,G,1.56,0.57,177,22.65,Scd,,
NGC5705,G,1.35,0.60,77,22.92,SBcd,,
NGC5707,G,2.38,0.60,33,23.18,Sab,,
NGC5710,G,1.42,1.03,174,23.64,E,,
NGC5711,G,1.03,0.46,71,23.59,SBa,,
NGC5712,G,0.72,0.68,110,23.47,E,,
NGC5713,G,2.47,1.70,11,22.03,SABb,,
NGC5714,G,2.84,0.50,82,23.77,SBc,,
NGC5715,OCl,3.60,,,,,,
NGC5716,G,1.57,1.19,89,23.19,SBc,,
NGC5717,G,1.02,0.63,33,23.87,S0-a,,
NGC5718,G,1.54,1.09,96,23.65,E-S0,,
NGC5719,G,3.08,1.29,99,23.97,SABa,,
NGC5720,G,1.90,1.23,132,24.27,SBb,,
NGC5721,G,0.35,0.28,147,22.25,E,,
NGC5722,G,0.72,0.63,114,23.51,E-S0,,
NGC5723,G,0.64,0.23,180,24.43,E,,
NGC5725,G,0.95,0.57,31,22.73,SBcd,,
NGC5726,G,1.20,0.93,151,23.11,E-S0,,
NGC5727,G,0.78,0.31,141,22.09,SABd,,
NGC5728,G,3.20,1.87,15,23.22,Sa,,
NGC5729,G,2.47,0.62,175,22.74,Sb,,
NGC5730,G,2.01,0.38,89,23.23,Sm,,
NGC5731,G,1.50,0.37,115,22.64,Sc,,
NGC5732,G,1.23,0.65,42,23.03,Sbc,,
NGC5733,G,0.99,0.34,29,22.58,Sc,,
NGC5734,G,1.40,0.92,45,23.22,S0,,
NGC5735,G,2.00,1.47,51,23.83,Sbc,,
NGC5736,G,0.96,0.62,97,23.44,S0-a,,
NGC5737,G,1.14,0.78,177,23.39,Sb,,
NGC5738,G,0.94,0.48,71,23.30,S0,,
NGC5739,G,1.75,1.26,44,23.18,S0-a,,
NGC5740,G,2.70,1.34,165,23.00,Sb,,
NGC5741,G,1.05,0.99,145,23.61,E,,
NGC5742,G,1.17,0.87,72,23.05,S0,,
NGC5743,G,1.29,0.47,92,22.50,Sb,,
NGC5744,G,1.05,0.69,97,22.96,Sa,,
NGC5745,GTrpl,1.62,0.81,79,22.79,Sa,,
NGC5746,G,7.24,1.08,172,23.19,Sb,,
NGC5747,GPair,1.30,,,,,,
NGC5747,G,0.43,0.20,161,,SBa,,
NGC5747,G,1.00,0.78,174,22.98,SBbc,,
NGC5748,G,0.96,0.63,150,23.56,Sb,,
NGC5749,OCl,7.20,,,,,,
NGC5750,G,2.65,1.37,70,23.20,S0-a,,
NGC5751,G,1.30,0.68,53,22.62,SBc,,
NGC5752,G,0.77,0.24,122,22.82,SABb,,
NGC5753,G,0.54,0.43,156,23.26,Sab,,
NGC5754,G,1.28,1.10,96,23.12,SBb,,
NGC5755,G,0.46,0.31,103,21.96,SBcd,,
NGC5756,G,2.95,1.13,52,23.40,Sbc,,
NGC5757,G,2.09,1.39,178,23.32,Sb,,
NGC5758,G,1.11,0.81,84,23.61,E-S0,,
NGC5759,GPair,1.10,0.51,138,23.21,Scd,,
NGC5760,G,1.57,0.65,95,23.46,Sa,,
NGC5761,G,1.79,1.41,85,23.45,S0,,
NGC5762,G,1.34,0.97,141,23.46,Sab,,
NGC5763,G,0.64,0.55,90,,E,,
NGC5764,OCl,4.20,,,,,,
NGC5765,GPair,1.20,,,,,,
NGC5765,G,0.80,0.35,96,22.12,Sc,,
NGC5765,G,0.81,0.56,144,22.52,SABb,,
NGC5766,G,0.96,0.63,145,22.53,Sbc,,
NGC5767,G,0.95,0.68,160,23.17,Sab,,
NGC5768,G,1.28,0.97,111,22.63,SABc,,
NGC5769,G,0.98,0.79,102,23.76,E,,
NGC5770,G,1.10,0.90,105,22.14,S0,,
NGC5771,G,0.86,0.75,168,23.31,E,,
NGC5772,G,1.38,0.52,32,22.60,Sb,,
NGC5773,G,0.89,0.89,30,23.09,Sa,,
NGC5774,G,1.70,1.06,123,22.58,Scd,,
NGC5775,G,3.70,0.85,148,22.62,SBc,,
NGC5776,G,1.21,0.80,121,23.82,E,,
NGC5777,G,2.96,0.42,145,23.96,Sb,,
NGC5778,G,1.23,0.79,11,24.39,E,,
NGC5779,G,0.73,0.69,50,23.60,S0,,
NGC5780,G,0.69,0.45,124,22.73,Sab,,
NGC5781,G,1.29,0.70,20,22.68,SBb,,
NGC5782,G,0.95,0.84,153,23.41,S0,,
NGC5783,G,2.45,1.49,176,24.11,Sc,,
NGC5784,G,1.48,1.36,65,23.30,S0,,
NGC5786,G,2.40,1.32,79,,Sbc,,
NGC5787,G,1.15,1.04,85,23.03,S0-a,,
NGC5788,G,0.73,0.59,33,23.52,SBab,,
NGC5789,G,1.15,1.03,92,22.97,SBd,,
NGC5790,G,1.18,0.78,73,23.83,S0-a,,
NGC5791,G,2.71,1.43,172,23.69,E,,
NGC5792,G,3.55,1.38,88,22.95,Sb,,
NGC5793,G,1.94,0.65,148,23.68,Sb,,
NGC5794,G,1.07,0.91,143,23.16,S0-a,,
NGC5795,G,0.78,0.33,63,22.18,Sc,,
NGC5796,G,2.65,2.18,90,23.71,E,,
NGC5797,G,1.58,1.01,108,23.29,S0-a,,
NGC5798,G,1.24,0.83,46,22.28,I,,
NGC5799,G,1.20,1.09,135,23.10,S0-a,,
NGC5800,OCl,4.50,,,,,,
NGC5801,G,0.71,0.53,40,23.32,Sb,,
NGC5802,G,1.29,0.81,101,24.39,S0,,
NGC5803,G,0.67,0.50,111,23.65,E-S0,,
NGC5804,G,1.17,1.05,5,22.93,SBb,,
NGC5805,GPair,0.70,,,,,,
NGC5805,G,0.66,0.41,148,23.85,E,,
NGC5805,G,0.38,0.38,166,24.36,E,,
NGC5806,G,3.03,1.63,172,23.05,Sb,,
NGC5807,G,0.78,0.65,83,23.54,E,,
NGC5808,G,0.95,0.78,88,22.82,Sbc,,
NGC5809,G,1.65,0.60,150,23.94,S0-a,,
NGC5810,G,0.98,0.52,17,22.38,SBb,,
NGC5811,GPair,1.02,0.91,96,23.38,SBm,,
NGC5812,G,2.66,2.29,73,23.18,E,,
NGC5813,G,4.13,2.70,143,23.45,E,,
NGC5814,G,0.82,0.56,40,22.70,Sab,,
NGC5815,G,0.78,0.26,5,22.59,Sb,,
NGC5816,G,0.95,0.66,103,24.06,S0-a,,
NGC5817,G,1.04,0.85,15,23.95,S0,,
NGC5818,G,0.99,0.77,152,23.49,S0,,
NGC5820,G,1.66,1.13,94,23.03,S0,,
NGC5821,G,1.49,0.79,146,23.76,Sc,,
NGC5822,OCl,18.00,,,,,,
NGC5823,OCl,3.90,,,,,,
NGC5824,GCl,5.10,,,,,,
NGC5826,G,1.39,1.04,26,24.46,S0,,
NGC5827,G,1.04,0.75,131,22.31,Sb,,
NGC5828,G,0.84,0.29,46,22.11,SBc,,
NGC5829,G,1.42,1.08,41,23.24,Sc,,
NGC5830,G,0.90,0.48,172,23.10,Sb,,
NGC5831,G,2.24,1.98,130,23.06,E,,
NGC5832,G,1.86,0.78,42,23.03,Sb,,
NGC5833,G,3.10,0.98,129,23.19,SBbc,,
NGC5835,G,1.13,0.78,163,24.12,SABa,,
NGC5836,G,1.16,0.93,38,23.67,Sb,,
NGC5837,G,1.00,0.62,23,22.89,Sb,,
NGC5838,G,3.86,1.29,40,23.39,E-S0,,
NGC5839,G,1.44,1.29,103,23.24,S0,,
NGC5841,G,1.19,0.49,150,23.53,S0-a,,
NGC5842,G,0.52,0.50,50,22.60,Sbc,,
NGC5843,G,1.96,1.24,68,23.00,SBb,,
NGC5844,PN,0.88,,,,,,
NGC5845,G,1.00,0.71,152,22.30,E,,
NGC5846,G,4.27,4.05,35,23.12,E,,
NGC5846,G,3.16,2.22,112,24.08,E,,
NGC5847,G,0.70,0.47,153,22.94,Sb,,
NGC5849,G,1.05,0.78,35,24.29,S0,,
NGC5850,G,3.35,2.37,119,23.00,Sb,,
NGC5851,G,1.07,0.38,44,22.97,Sc,,
NGC5852,G,1.10,0.71,127,23.48,S0-a,,
NGC5853,G,1.10,0.65,140,23.12,SBbc,,
NGC5854,G,3.02,0.71,55,23.67,S0-a,,
NGC5855,G,0.83,0.61,62,23.80,E,,
NGC5857,G,1.14,0.57,137,22.42,SBab,,
NGC5858,G,2.16,1.19,140,24.45,E,,
NGC5859,G,2.55,0.63,134,22.99,SBbc,,
NGC5860,GPair,0.80,,,,,,
NGC5860,G,1.07,0.95,79,23.34,E,,
NGC5860,G,0.28,0.28,25,22.03,E-S0,,
NGC5861,G,2.78,1.11,149,22.55,SABc,,
NGC5862,G,0.77,0.51,35,23.80,E,,
NGC5863,G,1.45,1.16,27,22.66,SABa,,
NGC5864,G,2.49,0.77,67,23.37,S0,,
NGC5865,G,1.25,1.03,165,23.98,E-S0,,
NGC5866,G,6.31,2.72,126,23.40,S0-a,,
NGC5866,G,2.33,1.66,16,25.56,SABd,,
NGC5867,G,0.44,0.36,58,23.65,Sb,,
NGC5869,G,2.17,1.39,114,23.56,S0,,
NGC5872,G,1.77,0.96,10,24.16,S0,,
NGC5873,PN,0.12,,,,,,
NGC5874,G,2.38,1.56,51,23.45,SABc,,
NGC5875,G,2.42,1.08,143,23.47,Sb,,
NGC5876,G,2.46,1.16,48,23.97,SBab,,
NGC5878,G,3.27,1.21,6,22.94,Sb,,
NGC5879,G,3.79,1.42,1,23.03,Sbc,,
NGC5880,G,0.87,0.67,145,23.62,E,,
NGC5881,G,0.81,0.58,61,22.22,Sbc,,
NGC5882,PN,0.23,,,,,,
NGC5883,G,1.29,0.85,122,23.78,S0,,
NGC5885,G,3.07,2.59,58,23.37,SABc,,
NGC5886,G,0.86,0.60,92,23.29,E-S0,,
NGC5887,G,1.38,1.08,166,24.17,S0-a,,
NGC5888,G,1.33,0.81,157,23.16,Sbc,,
NGC5889,G,0.70,0.27,40,23.29,Sbc,,
NGC5890,G,1.56,1.08,85,23.72,S0-a,,
NGC5891,G,0.83,0.54,140,22.58,Sbc,,
NGC5892,G,3.05,2.39,165,24.21,SABc,,
NGC5893,G,1.05,0.97,20,22.93,SBb,,
NGC5894,G,2.98,0.47,14,22.94,Scd,,
NGC5895,G,0.87,0.23,23,22.58,Sc,,
NGC5896,G,0.29,0.26,65,21.88,Sc,,
NGC5897,GCl,9.90,,,,,,
NGC5898,G,2.66,2.37,51,23.43,E,,
NGC5899,G,2.10,0.85,21,22.16,Sc,,
NGC5900,G,1.49,0.54,130,23.52,Sb,,
NGC5902,G,1.26,1.11,100,23.93,S0-a,,
NGC5903,G,3.00,2.23,164,23.45,E,,
NGC5904,GCl,15.00,,,,,005,
NGC5905,G,3.22,2.60,131,24.41,Sb,,
NGC5907,G,11.30,1.75,156,23.60,SABc,,
NGC5908,G,3.37,1.61,153,23.67,SBb,,
NGC5909,G,1.00,0.56,53,22.99,Sbc,,
NGC5910,GTrpl,1.10,,,,,,
NGC5910,G,0.74,0.56,119,23.84,E,,
NGC5910,G,1.15,0.47,110,23.69,E,,
NGC5910,G,0.55,0.36,121,23.98,E-S0,,
NGC5911,G,1.09,0.69,44,23.54,E-S0,,
NGC5912,G,1.04,0.91,100,23.34,E-S0,,
NGC5913,G,1.85,0.75,173,23.76,Sa,,
NGC5914,G,0.92,0.36,156,22.65,Sab,,
NGC5914,G,0.50,0.43,26,22.96,Sbc,,
NGC5915,G,1.67,1.23,125,22.31,SBb,,
NGC5916,G,3.09,0.70,21,24.10,SBa,,
NGC5916,G,1.38,0.44,145,23.20,SBc,,
NGC5917,G,1.68,1.05,90,23.33,Sb,,
NGC5918,G,2.01,0.84,85,23.53,Sc,,
NGC5919,G,1.00,0.59,103,24.43,E,,
NGC5920,G,1.28,0.70,100,24.00,S0,,
NGC5921,G,3.02,2.03,137,22.51,Sbc,,
NGC5923,G,1.33,1.22,45,23.08,SABb,,
NGC5924,G,0.65,0.33,16,22.97,SBa,,
NGC5925,OCl,4.80,,,,,,
NGC5926,G,0.91,0.91,20,23.22,Sbc,,
NGC5927,GCl,6.60,,,,,,
NGC5928,G,1.64,1.08,103,23.47,S0,,
NGC5929,G,0.90,0.83,45,22.54,Sa,,
NGC5930,G,1.85,0.79,173,22.71,SABa,,
NGC5931,G,1.58,0.93,40,24.20,S0,,
NGC5932,G,1.10,1.06,160,23.90,E,,
NGC5933,G,0.82,0.59,26,24.03,E,,
NGC5934,G,0.61,0.29,5,21.77,SBa,,
NGC5935,G,0.85,0.40,37,23.07,SBa,,
NGC5936,G,1.18,1.12,60,22.11,SBb,,
NGC5937,G,1.89,1.08,175,22.79,SABb,,
NGC5938,G,2.31,1.59,15,22.79,SBbc,,
NGC5939,G,0.82,0.43,33,21.46,SABc,,
NGC5940,G,0.78,0.74,170,22.69,Sab,,
NGC5941,G,0.90,0.71,55,23.55,E,,
NGC5942,G,0.71,0.67,80,23.40,E,,
NGC5943,G,1.24,1.11,170,23.59,S0,,
NGC5944,G,0.86,0.21,112,23.39,Sb,,
NGC5945,G,1.66,0.72,20,23.52,Sab,,
NGC5946,GCl,3.60,,,,,,
NGC5947,G,1.17,0.82,45,23.39,SBbc,,
NGC5949,G,1.84,0.76,148,22.25,Sbc,,
NGC5950,G,1.25,0.63,38,23.34,SBb,,
NGC5951,G,3.03,0.66,4,23.61,SBc,,
NGC5952,G,0.56,0.43,131,23.45,E,,
NGC5953,G,1.47,1.12,50,22.50,S0-a,,
NGC5954,G,1.02,0.48,19,20.96,SABc,,
NGC5955,G,0.72,0.50,31,23.05,Sb,,
NGC5956,G,1.49,1.49,30,22.88,SBc,,
NGC5957,G,2.44,2.34,95,24.18,Sb,,
NGC5958,G,1.07,1.00,175,22.19,SABc,,
NGC5959,G,2.09,1.44,1,24.86,E,,
NGC5960,G,0.88,0.71,99,23.21,Sab,,
NGC5961,G,0.81,0.33,103,22.17,Sb,,
NGC5962,G,2.48,1.61,108,22.45,Sc,,
NGC5963,G,3.14,2.47,58,24.07,SABb,,
NGC5964,G,3.42,2.56,147,24.77,SBcd,,
NGC5965,G,5.08,0.78,52,23.75,SABb,,
NGC5966,G,1.53,0.98,88,22.91,E,,
NGC5967,G,2.37,1.55,90,22.98,Sc,,
NGC5967,G,1.50,1.14,36,23.54,Sc,,
NGC5968,G,2.29,2.13,20,23.61,SABb,,
NGC5969,G,0.79,0.65,160,23.57,E,,
NGC5970,G,2.77,1.91,88,22.64,SBc,,
NGC5971,G,1.25,0.53,132,23.53,Sa,,
NGC5972,G,0.70,0.57,10,22.72,S0-a,,
NGC5973,G,0.92,0.26,138,23.61,S0-a,,
NGC5974,G,0.58,0.33,111,21.74,Scd,,
NGC5975,G,0.93,0.24,171,22.16,Sbc,,
NGC5976,G,0.98,0.33,125,24.41,S0,,
NGC5977,G,0.91,0.82,80,23.77,S0,,
NGC5978,G,0.81,0.74,135,23.60,Sa,,
NGC5979,PN,0.13,,,,,,
NGC5980,G,1.63,0.52,14,22.32,Sbc,,
NGC5981,G,2.73,0.37,139,23.35,SBbc,,
NGC5982,G,3.07,2.00,110,23.26,E,,
NGC5983,G,0.97,0.92,55,23.83,E,,
NGC5984,G,2.48,0.57,144,22.76,Sc,,
NGC5985,G,3.98,2.01,15,23.20,Sb,,
NGC5986,GCl,5.40,,,,,,
NGC5987,G,3.84,1.32,60,23.66,Sb,,
NGC5988,G,1.12,0.77,110,23.64,Sc,,
NGC5989,G,0.88,0.82,130,21.96,Sc,,
NGC5990,G,1.59,0.95,107,22.62,SABa,,
NGC5991,G,1.00,0.78,129,23.39,E,,
NGC5992,G,0.69,0.47,156,22.19,SBb,,
NGC5993,G,0.95,0.60,140,22.45,Sb,,
NGC5994,G,0.60,0.30,93,22.89,SBbc,,
NGC5995,G,1.02,0.79,147,23.21,SABa,,
NGC5996,G,1.50,0.68,1,22.21,SBbc,,
NGC5997,G,0.68,0.30,87,23.66,E,,
NGC5998,OCl,5.40,,,,,,
NGC5999,OCl,3.30,,,,,,
NGC6000,G,1.91,1.66,159,23.06,SBbc,,
NGC6001,G,1.06,0.95,163,23.08,SABc,,
NGC6003,G,0.97,0.87,101,22.98,S0,,
NGC6004,G,1.89,1.49,95,23.41,Sc,,
NGC6005,OCl,4.20,,,,,,
NGC6006,G,0.71,0.42,157,23.44,S0-a,,
NGC6007,G,1.55,1.19,53,23.33,SABc,,
NGC6008,G,1.16,0.89,94,22.99,Sb,,
NGC6009,G,0.66,0.26,167,23.51,S0-a,,
NGC6010,G,1.82,0.40,100,22.79,S0-a,,
NGC6011,G,1.77,0.48,108,23.49,Sb,,
NGC6012,G,1.77,1.27,164,22.65,SBab,,
NGC6013,G,1.44,0.76,174,23.49,SBb,,
NGC6014,G,1.75,1.42,20,23.67,S0,,
NGC6015,G,5.81,2.57,28,23.48,Sc,,
NGC6016,G,0.98,0.48,25,23.07,SABc,,
NGC6017,G,0.80,0.75,140,22.19,E,,
NGC6018,G,1.32,0.62,67,23.62,S0-a,,
NGC6019,G,0.43,0.39,135,22.85,,,
NGC6020,G,1.74,1.10,136,23.81,E,,
NGC6021,G,1.55,0.91,158,23.86,E,,
NGC6022,G,0.80,0.57,62,23.32,SBbc,,
NGC6023,G,1.61,1.16,67,24.13,E,,
NGC6024,G,0.98,0.73,130,23.82,E,,
NGC6025,OCl,11.40,,,,,,
NGC6026,PN,0.67,,,,,,
NGC6027,G,1.64,1.02,18,25.05,S0-a,,
NGC6027,G,1.79,1.73,75,24.78,S0-a,,
NGC6027,G,0.91,0.41,,23.72,S0,,
NGC6027,G,1.10,0.22,174,24.22,SBc,,
NGC6027,G,0.30,0.26,110,22.46,Scd,,
NGC6027,G,2.28,1.29,81,24.87,S0-a,,
NGC6028,G,1.31,1.18,54,23.68,S0-a,,
NGC6029,G,0.80,0.45,14,23.98,S0-a,,
NGC6030,G,1.29,0.94,43,23.16,S0,,
NGC6031,OCl,4.80,,,,,,
NGC6032,G,0.83,0.51,1,22.33,Sb,,
NGC6033,G,1.00,0.91,144,23.55,Sbc,,
NGC6034,G,1.15,0.83,64,23.73,E,,
NGC6035,G,0.97,0.85,137,22.77,Sc,,
NGC6036,G,1.04,0.39,146,22.46,S0-a,,
NGC6037,G,0.75,0.67,64,23.43,S0-a,,
NGC6038,G,1.21,1.05,63,23.30,Sc,,
NGC6039,G,1.00,0.81,46,23.80,E-S0,,
NGC6040,GPair,1.41,0.44,47,22.83,SABc,,
NGC6041,GPair,1.48,1.17,44,23.93,E-S0,,
NGC6043,GPair,0.74,0.50,35,23.40,E-S0,,
NGC6044,G,0.65,0.60,150,23.12,S0,,
NGC6045,G,1.40,0.32,78,23.23,Sc,,
NGC6047,G,1.18,0.73,117,23.71,E,,
NGC6048,G,1.95,1.32,137,23.88,E,,
NGC6050,G,0.86,0.57,114,23.47,Sc,,
NGC6050,G,0.62,0.42,9,23.43,Sc,,
NGC6051,G,2.69,0.79,166,25.09,E,,
NGC6052,GPair,1.20,,,,,,
NGC6052,G,0.83,0.65,5,21.57,,,
NGC6052,G,0.69,0.30,2,22.60,Scd,,
NGC6054,G,0.83,0.48,71,23.66,E,,
NGC6055,G,0.68,0.52,135,23.63,E,,
NGC6056,G,0.98,0.59,56,23.58,S0-a,,
NGC6057,G,1.22,0.69,41,24.05,S0-a,,
NGC6058,PN,0.38,,,,,,
NGC6060,G,1.89,1.02,103,23.70,SABc,,
NGC6061,G,1.13,0.95,94,23.73,E-S0,,
NGC6062,G,1.19,0.79,21,23.08,Sbc,,
NGC6062,G,0.54,0.49,150,23.43,Sc,,
NGC6063,G,1.63,0.85,157,23.24,Sc,,
NGC6065,G,0.98,0.94,150,23.53,E-S0,,
NGC6066,G,1.00,0.77,112,23.80,E,,
NGC6067,OCl,8.10,,,,,,
NGC6068,G,1.29,0.79,158,21.64,SBbc,,
NGC6068,G,0.94,0.35,1,23.26,S0,,
NGC6069,G,1.09,1.02,140,24.12,E,,
NGC6070,G,3.49,1.84,63,23.33,Sc,,
NGC6071,G,0.75,0.56,105,,E,,
NGC6072,PN,1.17,,,,,,
NGC6073,G,1.31,0.65,127,23.05,Sc,,
NGC6074,GPair,0.80,,,,,,
NGC6074,G,0.46,0.36,45,22.77,E,,
NGC6074,G,0.85,0.71,0,23.61,E,,
NGC6075,G,1.03,0.80,93,23.76,S0,,
NGC6076,GPair,0.80,,,,,,
NGC6076,G,1.00,0.46,62,23.90,,,
NGC6076,G,0.57,0.53,48,,,,
NGC6077,G,1.16,1.09,45,23.96,E,,
NGC6078,G,0.93,0.48,15,23.62,E,,
NGC6079,G,1.37,0.94,150,23.39,E,,
NGC6080,GPair,1.30,,,,,,
NGC6080,G,1.23,1.17,30,23.38,Sab,,
NGC6080,G,1.20,0.66,179,24.57,S0,,
NGC6081,G,1.55,0.56,131,23.95,S0,,
NGC6083,G,0.79,0.56,33,23.35,SBbc,,
NGC6084,G,1.24,0.79,29,23.90,Sa,,
NGC6085,G,1.31,1.09,161,23.55,Sa,,
NGC6086,G,1.90,1.23,2,24.06,E,,
NGC6087,OCl,10.20,,,,,,S Nor Cluster
NGC6088,GPair,1.10,,,,,,
NGC6088,G,1.07,0.62,170,23.04,E?,,
NGC6088,G,0.78,0.72,96,22.32,E-S0,,
NGC6089,GPair,1.10,,,,,,
NGC6089,G,0.85,0.68,17,23.18,S0,,
NGC6089,G,1.41,0.71,45,23.88,S?,,
NGC6090,GPair,0.80,,,,,,
NGC6090,G,0.85,0.74,96,23.02,Sa,,
NGC6090,G,0.44,0.19,,20.99,Sab,,
NGC6091,G,0.93,0.66,113,23.55,E,,
NGC6093,GCl,5.70,,,,,080,
NGC6094,G,1.85,1.38,113,24.49,S0,,
NGC6095,G,1.90,1.25,154,23.77,E-S0,,
NGC6096,G,0.99,0.50,124,23.65,Sb,,
NGC6097,G,1.12,0.59,159,23.64,S0-a,,
NGC6098,G,1.56,1.10,154,24.20,E,,
NGC6099,G,1.42,0.97,139,24.73,E,,
NGC6100,G,1.42,0.99,112,24.04,S0-a,,
NGC6101,GCl,4.50,,,,,,
NGC6102,G,0.78,0.57,68,23.23,Sbc,,
NGC6103,G,0.72,0.45,77,22.11,Sc,,
NGC6104,G,0.87,0.69,62,22.52,SBb,,
NGC6105,G,0.71,0.57,110,23.38,SBa,,
NGC6106,G,2.19,1.18,139,22.73,Sc,,
NGC6107,G,1.59,1.02,36,24.69,E,,
NGC6108,G,0.95,0.64,105,23.44,SBab,,
NGC6109,G,1.02,0.97,85,22.81,E,,
NGC6110,G,0.69,0.33,105,23.16,Sa,,
NGC6111,GPair,0.85,0.72,12,23.53,E,,
NGC6112,G,0.78,0.73,135,23.20,E,,
NGC6113,G,1.23,0.58,153,23.73,S0,,
NGC6114,G,0.93,0.53,112,23.36,Sab,,
NGC6115,OCl,4.5,,,,,,
NGC6116,G,0.94,0.58,15,23.25,SABb,,
NGC6117,G,1.05,0.87,84,23.31,Sc,,
NGC6118,G,4.45,1.78,59,23.65,Sc,,
NGC6119,G,0.60,0.46,73,22.92,Sc,,
NGC6120,G,0.48,0.37,35,21.26,Sb,,
NGC6121,GCl,28.20,,,,,004,
NGC6122,G,1.10,0.25,160,23.54,Sb,,
NGC6123,G,0.91,0.32,4,22.66,S0-a,,
NGC6124,OCl,13.50,,,,,,
NGC6125,G,1.38,1.38,40,22.57,E,,
NGC6126,G,0.93,0.77,22,23.21,E-S0,,
NGC6129,G,0.93,0.84,120,23.38,E,,
NGC6130,G,1.22,0.78,32,23.04,Sbc,,
NGC6131,G,1.08,1.04,25,22.67,SABc,,
NGC6132,G,1.28,0.43,127,23.39,Sab,,
NGC6134,OCl,6.90,,,,,,
NGC6135,G,1.01,0.35,45,23.48,,,
NGC6136,G,0.91,0.49,94,23.42,Sc,,
NGC6137,G,1.78,0.92,180,23.51,E,,
NGC6139,GCl,4.50,,,,,,
NGC6140,G,2.09,1.78,83,22.46,Sc,,
NGC6141,G,0.43,0.35,150,,SBa,,
NGC6142,G,1.49,0.48,165,23.50,Sb,,
NGC6143,G,1.10,0.99,175,23.18,SABb,,
NGC6144,GCl,5.40,,,,,,
NGC6145,G,0.98,0.51,2,23.12,Sb,,
NGC6146,G,1.66,1.26,83,23.47,E,,
NGC6147,G,0.57,0.48,50,23.00,SABb,,
NGC6148,G,0.42,0.24,54,23.28,Sb,,
NGC6149,G,1.24,0.43,18,23.59,S0,,
NGC6150,G,1.61,0.85,74,24.27,E,,
NGC6152,OCl,6.60,,,,,,
NGC6153,PN,0.40,,,,,,
NGC6154,G,1.40,1.00,150,23.28,Sa,,
NGC6155,G,1.33,0.85,147,22.32,SBbc,,
NGC6156,G,1.87,1.60,149,22.28,Sc,,
NGC6157,G,0.90,0.74,19,23.99,E,,
NGC6158,G,1.22,0.99,81,23.98,E,,
NGC6159,G,1.50,1.02,126,24.25,E-S0,,
NGC6160,G,1.79,1.22,72,24.29,E,,
NGC6161,G,0.72,0.26,153,22.88,S?,,
NGC6162,G,1.11,0.72,49,23.58,S0,,
NGC6163,G,0.90,0.61,24,23.75,S0,,
NGC6164,Neb,1.41,0.60,,,,,
NGC6165,Neb,2.50,0.50,,,,,
NGC6166,G,2.14,1.54,35,23.41,E,,
NGC6166,G,0.43,0.35,176,22.66,Sc,,
NGC6166,G,0.74,0.71,90,23.45,E,,
NGC6167,OCl,7.20,,,,,,
NGC6168,G,1.65,0.48,111,23.31,Sd,,
NGC6169,OCl,4.20,,,,,,
NGC6170,G,0.80,0.67,85,,E,,
NGC6171,GCl,7.80,,,,,107,
NGC6172,G,0.90,0.89,80,22.85,E,,
NGC6173,G,2.03,1.40,145,23.53,E,,
NGC6174,GPair,0.90,,,,,,
NGC6174,G,0.41,0.29,150,23.60,E,,
NGC6174,G,0.72,0.65,123,23.70,S0,,
NGC6175,GPair,1.50,,,,,,
NGC6175,G,1.45,0.85,97,23.86,Sbc,,
NGC6175,G,1.32,1.05,121,24.04,I,,
NGC6177,G,1.62,1.09,19,24.14,SBb,,
NGC6178,OCl,6.90,,,,,,
NGC6179,G,0.36,0.31,24,22.56,S0-a,,
NGC6180,G,1.09,0.85,22,23.77,E,,
NGC6181,G,2.39,0.99,177,22.14,SABc,,
NGC6182,G,1.51,0.56,144,23.74,Sa,,
NGC6183,G,2.36,0.80,37,,Sa,,
NGC6184,G,0.93,0.56,121,23.09,SABb,,
NGC6185,G,1.47,0.80,3,23.64,Sa,,
NGC6186,G,1.57,0.70,59,23.53,Sa,,
NGC6187,G,0.75,0.62,140,23.42,S0-a,,
NGC6188,Neb,20.00,12.00,,,,,Rim Nebula
NGC6189,G,1.49,0.75,27,22.41,SABc,,
NGC6190,G,1.42,1.04,77,22.63,Sc,,
NGC6191,G,1.30,0.49,180,23.34,SBbc,,
NGC6192,OCl,7.50,,,,,,
NGC6193,OCl,8.10,,,,,,
NGC6194,G,0.90,0.70,112,23.10,E,,
NGC6195,G,1.44,0.97,41,23.22,Sb,,
NGC6196,G,1.14,0.82,140,22.96,E-S0,,
NGC6197,G,0.75,0.38,38,22.93,SBab,,
NGC6198,G,0.88,0.60,92,23.60,E,,
NGC6200,OCl,8.10,,,,,,
NGC6201,G,0.56,0.48,50,,,,
NGC6202,G,0.72,0.40,69,21.43,Sab,,
NGC6203,G,1.07,1.07,0,24.32,E,,
NGC6204,OCl,4.50,,,,,,
NGC6205,GCl,16.50,,,,,013,Hercules Globular Cluster
NGC6206,G,0.72,0.63,94,22.63,S0,,
NGC6207,G,3.46,1.61,17,22.66,Sc,,
NGC6208,OCl,8.40,,,,,,
NGC6209,G,2.11,1.54,14,23.20,SABb,,
NGC6210,PN,0.50,,,,,,
NGC6211,G,1.30,0.95,95,23.13,S0,,
NGC6212,G,0.91,0.81,84,23.54,E,,
NGC6213,G,0.69,0.31,62,23.58,,,
NGC6214,G,0.96,0.82,156,22.78,Sb,,
NGC6215,G,2.64,2.34,83,22.64,Sc,,
NGC6215,G,1.96,0.64,11,23.66,Sb,,
NGC6216,OCl,4.20,,,,,,
NGC6217,G,2.24,1.63,155,22.12,Sbc,,
NGC6218,GCl,11.10,,,,,012,
NGC6219,G,0.80,0.65,158,23.40,S0,,
NGC6220,G,1.53,0.97,134,24.38,Sab,,
NGC6221,G,4.84,3.15,1,22.54,Sc,,
NGC6223,G,3.16,2.33,90,24.18,E-S0,,
NGC6224,G,1.10,1.01,140,23.84,E-S0,,
NGC6225,G,1.18,0.79,149,23.99,E-S0,,
NGC6228,G,0.93,0.39,133,23.39,Sb,,
NGC6229,GCl,4.80,,,,,,
NGC6230,GPair,1.70,,,,,,
NGC6230,G,0.58,0.35,124,23.82,E,,
NGC6230,G,0.72,0.52,60,23.60,E,,
NGC6231,OCl,13.80,,,,,,
NGC6232,G,1.47,1.16,176,23.15,Sa,,
NGC6233,G,1.46,0.73,28,24.11,S0,,
NGC6234,G,0.74,0.67,39,23.51,E,,
NGC6235,GCl,4.20,,,,,,
NGC6236,G,1.82,1.07,12,22.62,SABc,,
NGC6238,G,0.68,0.41,16,21.99,Sc,,
NGC6239,G,2.30,1.07,113,22.88,SBb,,
NGC6240,G,2.20,1.03,12,24.08,S0-a,,
NGC6241,G,0.52,0.36,80,22.69,Sbc,,
NGC6242,OCl,6.60,,,,,,
NGC6243,G,1.21,0.60,152,23.66,Sa,,
NGC6244,G,1.54,0.34,139,23.26,Sa,,
NGC6246,G,1.38,0.73,46,23.35,Sb,,
NGC6246,G,2.17,1.28,164,24.29,Sc,,
NGC6247,G,0.89,0.28,56,21.49,Sb,,
NGC6248,G,1.23,0.76,157,23.07,SBc,,
NGC6249,OCl,7.60,,,,,,
NGC6250,Cl+N,9.60,,,,,,
NGC6251,G,1.67,1.44,20,23.90,E,,
NGC6252,G,0.76,0.36,63,22.96,Sab,,
NGC6253,OCl,6.00,,,,,,
NGC6254,GCl,9.30,,,,,010,
NGC6255,G,3.10,1.37,95,24.17,SBc,,
NGC6256,GCl,4.20,,,,,,
NGC6257,G,0.87,0.27,122,23.24,SBc,,
NGC6258,G,0.87,0.67,65,23.03,E,,
NGC6259,OCl,6.00,,,,,,
NGC6260,G,0.93,0.77,130,23.10,Sbc,,
NGC6261,G,1.09,0.44,85,23.80,S0-a,,
NGC6262,G,0.78,0.32,77,23.16,E-S0,,
NGC6263,G,1.05,0.31,109,23.69,E,,
NGC6264,G,0.82,0.52,24,23.37,SBb,,
NGC6265,G,0.88,0.57,35,23.65,S0,,
NGC6266,GCl,7.80,,,,,062,
NGC6267,G,1.30,0.99,33,22.95,Sc,,
NGC6268,OCl,6.00,,,,,,
NGC6269,G,1.84,1.32,80,23.61,E,,
NGC6270,G,0.72,0.47,93,23.64,,,
NGC6271,G,0.67,0.54,20,23.51,E-S0,,
NGC6272,G,0.56,0.29,159,22.79,Sa,,
NGC6273,GCl,7.50,,,,,019,
NGC6274,GPair,1.20,,,,,,
NGC6274,G,0.60,0.43,16,22.10,SBb,,
NGC6274,G,0.83,0.17,117,23.94,SBab,,
NGC6275,G,0.76,0.47,146,23.09,SBd,,
NGC6276,G,0.64,0.55,130,22.87,Sa,,
NGC6278,G,1.73,0.86,128,23.63,S0,,
NGC6279,G,1.04,0.87,34,23.63,S0,,
NGC6280,GPair,0.71,0.62,137,23.59,E,,
NGC6281,OCl,10.20,,,,,,
NGC6282,G,0.73,0.54,45,22.98,SBbc,,
NGC6283,G,1.11,0.98,56,22.68,Sc,,
NGC6284,GCl,6.60,,,,,,
NGC6285,G,1.08,0.57,110,23.60,S0-a,,
NGC6286,G,1.22,1.12,35,23.24,Sb,,
NGC6287,GCl,5.40,,,,,,
NGC6288,G,0.72,0.52,110,,E-S0,,
NGC6289,G,1.10,0.76,14,24.20,E,,
NGC6290,G,0.99,0.90,135,23.21,Sa,,
NGC6291,G,0.62,0.50,176,22.90,E,,
NGC6292,G,1.32,0.63,102,23.20,SABb,,
NGC6293,GCl,4.50,,,,,,
NGC6295,G,0.98,0.42,77,23.51,Sb,,
NGC6296,G,0.89,0.70,124,22.46,SABb,,
NGC6297,G,0.64,0.45,84,22.16,S0,,
NGC6299,G,0.95,0.59,50,23.64,E,,
NGC6300,G,5.33,3.37,119,23.00,SBb,,
NGC6301,G,1.77,1.00,113,23.88,Sc,,
NGC6302,PN,0.74,,,,,,Bug Nebula/Butterfly Nebula
NGC6303,G,1.47,0.67,61,24.57,E,,
NGC6304,GCl,3.60,,,,,,
NGC6305,G,1.69,1.32,137,23.10,E-S0,,
NGC6306,G,1.32,0.49,161,23.27,SBab,,
NGC6307,G,1.36,1.03,153,22.94,S0-a,,
NGC6308,G,1.19,0.95,156,23.13,SABc,,
NGC6309,PN,0.26,,,,,,Box Nebula
NGC6310,G,1.68,0.35,70,22.73,Sb,,
NGC6311,G,1.23,1.17,5,23.90,E,,
NGC6312,G,0.87,0.74,5,23.57,E,,
NGC6313,G,1.45,0.52,156,23.66,Sab,,
NGC6314,G,1.37,0.70,174,23.02,Sa,,
NGC6315,G,0.76,0.59,5,22.20,Sc,,
NGC6316,GCl,4.80,,,,,,
NGC6317,G,0.96,0.61,44,23.45,SBc,,
NGC6318,OCl,3.30,,,,,,
NGC6319,G,1.17,1.14,170,23.54,E,,
NGC6320,G,1.26,0.82,98,23.68,Sbc,,
NGC6321,G,1.00,0.91,95,23.18,Sbc,,
NGC6322,OCl,6.30,,,,,,
NGC6323,G,1.20,0.55,175,23.39,SBab,,
NGC6324,G,0.98,0.52,74,22.00,Sbc,,
NGC6325,GCl,4.02,,,,,,
NGC6326,PN,0.21,,,,,,
NGC6327,G,0.58,0.56,120,23.42,E,,
NGC6328,G,1.61,1.56,160,23.02,SABa,,
NGC6329,G,1.18,1.15,75,23.46,E,,
NGC6330,G,1.19,0.55,165,23.61,SBb,,
NGC6331,G,1.04,1.00,30,,E,,
NGC6332,G,1.74,0.89,45,23.98,Sa,,
NGC6333,GCl,6.90,,,,,009,
NGC6334,SNR,8.40,,,,,,
NGC6335,*Ass,,,,,,,
NGC6336,G,1.05,0.73,167,23.20,Sa,,
NGC6337,PN,0.85,,,,,,
NGC6338,G,1.73,1.04,16,23.38,S0,,
NGC6339,G,1.86,1.17,170,23.50,Sc,,
NGC6340,G,3.04,2.88,155,23.10,S0-a,,
NGC6341,GCl,14.40,,,,,092,
NGC6342,GCl,6.60,,,,,,
NGC6343,G,1.24,0.94,130,23.90,E,,
NGC6345,G,0.95,0.39,35,23.32,SBa,,
NGC6346,G,0.91,0.58,94,23.52,E-S0,,
NGC6347,G,1.22,0.57,98,23.16,SBb,,
NGC6348,G,0.85,0.57,118,23.60,S0-a,,
NGC6349,G,1.07,0.25,80,23.96,S0-a,,
NGC6350,G,1.24,1.04,89,23.44,S0,,
NGC6351,GPair,0.40,,,,,,
NGC6351,G,0.31,0.27,110,,SBab,,
NGC6351,G,0.08,0.07,43,,E,,
NGC6352,GCl,7.20,,,,,,
NGC6355,GCl,2.70,,,,,,
NGC6356,GCl,5.40,,,,,,
NGC6357,Cl+N,3.90,,,,,,the War and Peace Nebula
NGC6358,G,1.00,0.40,110,23.56,S0-a,,
NGC6359,G,1.06,0.75,141,22.41,E-S0,,
NGC6360,*Ass,5.10,,,,,,
NGC6361,G,2.06,0.56,52,23.27,Sb,,
NGC6362,GCl,8.40,,,,,,
NGC6363,G,1.02,0.84,145,23.51,E,,
NGC6364,G,1.38,1.08,7,23.72,S0,,
NGC6365,GPair,1.50,,,,,,
NGC6365,G,0.98,0.78,150,23.42,SBc,,
NGC6365,G,1.13,0.24,32,23.93,Sd,,
NGC6366,GCl,13.80,,,,,,
NGC6367,G,0.99,0.79,161,23.48,Sab,,
NGC6368,G,3.44,0.80,43,24.00,Sb,,
NGC6369,PN,0.63,,,,,,Little Ghost Nebula
NGC6370,G,1.31,1.08,112,23.62,E,,
NGC6371,G,0.72,0.55,165,23.09,S0-a,,
NGC6372,G,1.61,0.94,75,23.04,Sbc,,
NGC6373,G,1.04,0.70,84,23.29,Sc,,
NGC6374,OCl,6.90,,,,,,
NGC6375,G,1.53,1.48,145,24.34,E,,
NGC6376,G,0.52,0.29,172,21.79,Sc,,
NGC6377,G,0.64,0.27,64,22.50,Sab,,
NGC6378,G,1.13,0.77,2,23.58,Sb,,
NGC6379,G,1.04,0.85,36,22.36,Sc,,
NGC6380,GCl,3.90,,,,,,
NGC6381,G,1.22,0.85,34,22.73,Sc,,
NGC6382,G,1.16,0.71,95,24.03,E,,
NGC6384,G,2.45,1.11,20,21.72,Sbc,,
NGC6385,G,1.14,1.08,70,23.22,SBa,,
NGC6386,G,0.97,0.97,75,23.91,Sb,,
NGC6387,G,0.31,0.15,63,21.51,SBb,,
NGC6388,GCl,8.40,,,,,,
NGC6389,G,1.20,0.92,135,21.79,Sbc,,
NGC6390,G,0.88,0.45,11,22.87,SBbc,,
NGC6391,G,0.75,0.52,87,23.18,E,,
NGC6392,G,1.94,1.71,60,,SABa,,
NGC6393,G,0.43,0.40,126,22.90,Sbc,,
NGC6394,G,1.14,0.43,40,23.43,SBb,,
NGC6395,G,2.25,0.73,17,22.56,SBc,,
NGC6396,OCl,3.30,,,,,,
NGC6397,GCl,15.30,,,,,,
NGC6398,G,2.44,0.85,161,23.72,SBa,,
NGC6399,G,1.21,0.58,13,23.70,S0-a,,
NGC6400,OCl,6.00,,,,,,
NGC6401,GCl,4.50,,,,,,
NGC6402,GCl,9.9,,,,,014,
NGC6403,G,1.15,0.89,19,23.38,S0,,
NGC6404,OCl,4.20,,,,,,
NGC6405,OCl,15.60,,,,,006,Butterfly Cluster
NGC6407,G,2.47,1.93,56,23.69,S0,,
NGC6408,G,1.55,1.26,155,23.77,Sa,,
NGC6409,G,0.72,0.61,55,,Sbc,,
NGC6411,G,1.76,1.15,69,22.88,E,,
NGC6412,G,2.13,1.84,142,22.63,SABc,,
NGC6414,G,1.00,0.47,141,24.38,S0-a,,
NGC6415,*Ass,,,,,,,
NGC6416,OCl,6.90,,,,,,
NGC6417,G,1.42,1.17,27,23.52,SBb,,
NGC6418,G,0.65,0.52,171,22.59,SBab,,
NGC6419,G,0.97,0.25,131,23.37,Sa,,
NGC6420,G,1.02,0.56,62,24.27,E,,
NGC6421,*Ass,,,,,,,
NGC6422,G,1.17,0.93,58,24.01,E,,
NGC6423,G,0.63,0.59,170,23.28,SBb,,
NGC6424,G,0.81,0.78,75,23.09,E,,
NGC6425,OCl,4.80,,,,,,
NGC6426,GCl,5.70,,,,,,
NGC6427,G,1.55,0.52,36,24.13,E-S0,,
NGC6429,G,1.82,0.70,32,23.81,SBa,,
NGC6430,G,1.68,0.58,96,23.96,Sab,,
NGC6433,G,1.91,0.50,162,23.23,Sb,,
NGC6434,G,2.09,0.86,95,22.75,Sbc,,
NGC6435,G,0.87,0.58,7,23.52,E,,
NGC6436,G,1.04,0.60,168,23.31,Sc,,
NGC6437,*Ass,,,,,,,
NGC6438,G,1.76,1.49,131,22.11,S0,,
NGC6438,G,3.44,1.36,48,23.17,I,,
NGC6439,PN,0.08,,,,,,
NGC6440,GCl,5.10,,,,,,
NGC6441,GCl,4.80,,,,,,
NGC6442,G,1.42,0.97,135,23.97,E,,
NGC6443,G,1.13,0.50,127,23.25,Sab,,
NGC6444,OCl,6.90,,,,,,
NGC6445,PN,0.55,,,,,,Little Gem
NGC6446,G,0.58,0.42,29,22.91,Sab,,
NGC6447,G,1.35,0.73,150,22.64,SABb,,
NGC6449,G,0.90,0.75,136,22.99,Sc,,
NGC6451,OCl,7.20,,,,,,
NGC6452,G,0.70,0.55,10,,,,
NGC6453,GCl,5.40,,,,,,
NGC6454,G,1.41,1.07,180,23.98,E,,
NGC6455,*Ass,7.80,,,,,,
NGC6456,G,0.51,0.41,145,,E,,
NGC6457,G,1.08,0.72,131,23.97,E-S0,,
NGC6458,G,1.08,0.72,147,23.81,S0,,
NGC6459,G,0.86,0.46,75,23.73,S0,,
NGC6460,G,1.72,0.98,154,24.10,Sc,,
NGC6461,G,0.82,0.47,21,23.52,Sab,,
NGC6462,G,0.55,0.52,85,22.48,E,,
NGC6463,G,0.95,0.81,161,23.86,E,,
NGC6464,G,0.56,0.53,175,22.82,SBc,,
NGC6466,G,0.70,0.41,120,,E-S0,,
NGC6467,G,1.41,0.75,76,23.79,Sab,,
NGC6469,OCl,9.00,,,,,,
NGC6470,G,1.08,0.69,157,23.73,SBb,,
NGC6471,GPair,1.20,,,,,,
NGC6471,G,0.93,0.31,172,23.15,Sc,,
NGC6471,G,0.52,0.47,70,23.38,E-S0,,
NGC6472,G,0.65,0.45,10,23.89,,,
NGC6473,G,0.91,0.71,40,23.92,E,,
NGC6474,G,0.87,0.42,72,22.92,Sb,,
NGC6475,OCl,22.20,,,,,007,Ptolemy's Cluster
NGC6476,*Ass,,,,,,,
NGC6477,G,0.55,0.35,126,24.09,,,
NGC6478,G,1.45,0.44,35,22.61,Sc,,
NGC6479,G,0.94,0.83,151,23.01,Sc,,
NGC6480,*Ass,2.70,,,,,,
NGC6482,G,2.03,1.71,68,22.64,E,,
NGC6483,G,1.83,1.49,117,23.18,E,,
NGC6484,G,1.74,0.91,77,22.97,Sb,,
NGC6485,G,1.23,1.16,15,23.28,Sbc,,
NGC6486,G,0.61,0.56,70,22.97,E,,
NGC6487,G,1.80,1.57,20,23.15,E,,
NGC6488,G,0.65,0.25,82,22.83,E,,
NGC6489,G,0.51,0.40,32,24.47,E-S0,,
NGC6490,G,1.01,0.78,112,23.48,E-S0,,
NGC6491,G,1.25,0.46,37,23.26,Sab,,
NGC6492,G,2.38,1.38,79,22.56,Sbc,,
NGC6493,G,1.07,1.02,25,24.29,SABc,,
NGC6494,OCl,16.80,,,,,023,
NGC6495,G,1.44,1.07,75,23.50,E,,
NGC6496,GCl,4.62,,,,,,
NGC6497,G,1.45,0.66,110,23.27,Sb,,
NGC6500,G,2.08,1.65,45,23.22,Sab,,
NGC6501,G,1.73,1.52,15,23.02,S0-a,,
NGC6502,G,1.40,1.23,45,23.23,E,,
NGC6503,G,5.94,1.98,123,22.55,Sc,,
NGC6504,G,1.94,0.41,95,22.86,Sa,,
NGC6505,G,1.15,0.84,149,24.33,E,,
NGC6506,OCl,,,,,,,
NGC6507,OCl,4.80,,,,,,
NGC6508,G,1.29,1.09,23,23.52,E,,
NGC6509,G,1.45,1.24,104,22.75,SABc,,
NGC6510,G,0.83,0.48,15,22.39,SBbc,,
NGC6512,G,0.81,0.66,36,23.21,E,,
NGC6513,G,1.08,0.77,32,23.50,S0,,
NGC6514,Neb,28.00,28.00,,,,020,Trifid Nebula
NGC6515,G,1.53,1.14,17,23.97,E,,
NGC6516,G,0.74,0.32,146,23.68,S0-a,,
NGC6517,GCl,4.80,,,,,,
NGC6518,G,0.80,0.64,53,23.29,E,,
NGC6520,OCl,5.40,,,,,,
NGC6521,G,1.55,1.01,157,23.76,E,,
NGC6522,GCl,3.90,,,,,,
NGC6523,Neb,45.00,30.00,,,,008,Lagoon Nebula
NGC6524,G,1.63,0.99,156,23.65,E-S0,,
NGC6525,OCl,5.40,,,,,,
NGC6526,Neb,40.00,40.00,,,,,
NGC6527,G,1.48,1.13,146,24.22,Sa,,
NGC6528,GCl,3.60,,,,,,
NGC6529,*Ass,,,,,,,
NGC6530,Cl+N,6.00,,,,,,
NGC6531,OCl,6.00,,,,,021,
NGC6532,G,1.69,0.66,120,23.97,Sc,,
NGC6534,G,0.93,0.49,17,24.16,,,
NGC6535,GCl,3.60,,,,,,
NGC6536,G,1.14,0.92,125,23.18,SBb,,
NGC6537,PN,0.17,,,,,,Red Spider Nebula
NGC6538,G,0.94,0.52,50,22.20,Sbc,,
NGC6539,GCl,6.00,,,,,,
NGC6540,GCl,4.08,,,,,,
NGC6541,GCl,7.50,,,,,,
NGC6542,G,1.38,0.40,97,23.31,S0-a,,
NGC6543,PN,0.90,,,,,,Cat's Eye Nebula
NGC6544,GCl,6.00,,,,,,
NGC6545,G,1.11,0.97,151,23.31,E,,
NGC6546,OCl,6.90,,,,,,
NGC6547,G,1.63,0.58,134,23.94,S0-a,,
NGC6548,G,2.65,2.37,155,23.61,S0,,
NGC6549,G,1.22,0.30,52,22.93,Sb,,
NGC6552,G,1.06,0.73,103,23.16,SBab,,
NGC6553,GCl,5.40,,,,,,
NGC6554,OCl,8.70,,,,,,
NGC6555,G,1.96,1.61,115,23.03,SABc,,
NGC6556,*Ass,,,,,,,
NGC6557,G,1.38,0.92,77,23.35,S0,,
NGC6558,GCl,5.40,,,,,,
NGC6559,Neb,15.00,10.00,,,,,
NGC6560,G,1.12,0.61,62,22.78,SABa,,
NGC6561,OCl,6.00,,,,,,
NGC6562,G,1.00,0.95,60,23.59,E,,
NGC6563,PN,0.79,,,,,,
NGC6565,PN,0.23,,,,,,
NGC6566,G,0.67,0.60,21,23.50,E,,
NGC6567,PN,0.13,,,,,,
NGC6568,OCl,7.80,,,,,,
NGC6569,GCl,4.50,,,,,,
NGC6570,G,1.59,0.86,24,22.49,SBm,,
NGC6571,G,0.79,0.58,50,,E,,
NGC6572,PN,0.18,,,,,,
NGC6573,*Ass,3.18,,,,,,
NGC6574,G,1.57,1.20,160,22.30,SABb,,
NGC6575,G,1.50,1.08,64,24.04,E,,
NGC6576,G,0.76,0.65,139,23.82,S0,,
NGC6577,G,1.23,1.06,179,23.06,E,,
NGC6578,PN,0.14,,,,,,
NGC6579,G,1.15,0.78,33,23.43,,,
NGC6580,G,1.39,0.82,98,23.12,Sbc,,
NGC6581,G,0.60,0.44,5,23.10,E,,
NGC6582,GPair,1.40,,,,,,
NGC6582,G,0.76,0.76,113,23.70,E-S0,,
NGC6582,G,1.45,1.00,146,24.35,E,,
NGC6583,OCl,3.60,,,,,,
NGC6584,GCl,5.10,,,,,,
NGC6585,G,2.01,0.45,50,22.86,Sbc,,
NGC6586,G,1.15,0.59,104,23.16,Sab,,
NGC6587,G,1.82,1.82,20,23.80,E-S0,,
NGC6589,Neb,4.00,3.00,,,,,
NGC6590,RfN,4.00,3.00,,,,,
NGC6591,G,0.54,0.21,54,23.78,,,
NGC6592,G,0.81,0.65,116,23.61,E,,
NGC6593,G,0.81,0.67,0,,E-S0,,
NGC6594,G,0.86,0.50,93,23.44,Sab,,
NGC6596,OCl,6.60,,,,,,
NGC6597,G,0.89,0.50,87,23.99,E-S0,,
NGC6598,G,1.18,0.87,35,23.18,Sa,,
NGC6599,G,1.23,1.14,35,22.92,S0,,
NGC6601,G,0.79,0.49,45,23.83,E-S0,,
NGC6602,G,0.77,0.57,178,22.52,SABb,,
NGC6603,OCl,4.20,,,,,,
NGC6604,OCl,9.60,,,,,,
NGC6605,OCl,6.30,,,,,,
NGC6606,G,0.91,0.71,87,22.86,Sa,,
NGC6607,G,0.55,0.48,54,23.18,Sbc,,
NGC6608,G,0.86,0.19,43,23.73,Scd,,
NGC6609,G,0.83,0.72,81,23.74,E,,
NGC6611,Neb,120.00,25.00,,,,016,Eagle Nebula
NGC6612,G,1.02,0.66,170,24.14,,,
NGC6613,OCl,6.00,,,,,018,
NGC6614,G,1.64,1.26,69,23.59,E-S0,,
NGC6615,G,1.37,0.87,170,23.73,S0-a,,
NGC6616,G,1.35,0.57,55,23.86,Sab,,
NGC6617,G,0.90,0.52,73,23.70,Sc,,
NGC6618,Neb,12.60,,,,,017,Checkmark Nebula/Lobster Nebula/Swan Nebula/omega Nebula
NGC6619,G,1.38,0.89,104,23.75,E,,
NGC6620,PN,0.13,,,,,,
NGC6621,G,2.15,0.87,143,23.18,Sb,,
NGC6622,G,0.97,0.87,117,23.18,Sab,,
NGC6623,GPair,1.30,,,,,,
NGC6623,G,0.15,0.15,,,,,
NGC6623,G,1.35,1.20,140,23.84,E,,
NGC6624,GCl,3.30,,,,,,
NGC6625,OCl,6.00,,,,,,
NGC6626,GCl,5.10,,,,,028,
NGC6627,G,1.07,0.96,75,23.16,SBb,,
NGC6628,G,1.52,0.91,89,24.16,S0,,
NGC6629,PN,0.26,,,,,,
NGC6630,G,0.81,0.68,102,22.88,E-S0,,
NGC6631,OCl,5.70,,,,,,
NGC6632,G,2.40,1.16,156,23.06,Sbc,,
NGC6633,OCl,12.00,,,,,,
NGC6635,G,1.14,1.03,5,23.44,S0,,
NGC6636,GPair,2.20,,,,,,
NGC6636,G,1.91,0.46,6,23.22,Sc,,
NGC6636,G,0.72,0.39,8,23.64,Sab,,
NGC6637,GCl,5.70,,,,,069,
NGC6638,GCl,4.20,,,,,,
NGC6639,OCl,6.00,,,,,,
NGC6640,G,0.83,0.18,146,21.63,Sc,,
NGC6641,G,0.93,0.81,100,22.71,Sc,,
NGC6642,GCl,3.90,,,,,,
NGC6643,G,3.32,1.63,37,22.51,Sc,,
NGC6644,PN,0.04,,,,,,
NGC6645,OCl,5.40,,,,,,
NGC6646,G,1.49,1.25,67,23.11,Sa,,
NGC6647,OCl,3.60,,,,,,
NGC6649,OCl,5.58,,,,,,
NGC6650,G,0.73,0.66,40,,E,,
NGC6651,G,1.34,0.71,32,22.75,Sbc,,
NGC6652,GCl,5.10,,,,,,
NGC6653,G,1.64,1.41,56,23.31,E,,
NGC6654,G,2.91,2.23,5,23.84,S0-a,,
NGC6654,G,2.11,0.44,59,22.86,SBcd,,
NGC6656,GCl,12.60,,,,,022,
NGC6657,G,0.77,0.44,135,21.87,SBc,,
NGC6658,G,1.50,0.25,5,22.31,S0-a,,
NGC6659,OCl,5.40,,,,,,
NGC6660,G,1.95,1.13,143,23.49,S0-a,,
NGC6662,G,1.65,0.51,18,23.86,Sab,,
NGC6663,G,0.86,0.74,147,23.25,SABc,,
NGC6664,OCl,6.00,,,,,,
NGC6665,G,0.95,0.47,25,22.69,Sab,,
NGC6667,G,1.88,1.05,99,23.33,SABa,,
NGC6670,GTrpl,1.20,,,,,,
NGC6670,G,0.68,0.32,116,23.45,,,
NGC6670,G,0.78,0.25,69,23.27,Sc,,
NGC6670,G,0.27,0.17,72,,,,
NGC6671,G,1.39,1.39,5,23.18,Sb,,
NGC6673,G,2.60,1.44,27,23.43,E,,
NGC6674,G,4.01,2.04,144,24.18,Sb,,
NGC6675,G,1.31,0.94,131,22.52,Sbc,,
NGC6676,G,1.50,0.37,141,23.68,Sbc,,
NGC6677,G,0.84,0.35,103,21.53,Sbc,,
NGC6679,G,0.60,0.35,99,,E,,
NGC6680,G,0.63,0.41,60,23.15,,,
NGC6681,GCl,6.60,,,,,070,
NGC6682,OCl,4.50,,,,,,
NGC6683,OCl,3.00,,,,,,
NGC6684,G,4.19,2.96,29,23.15,S0,,
NGC6684,G,1.95,1.34,140,23.26,IB,,
NGC6685,G,0.95,0.70,38,23.34,E-S0,,
NGC6686,G,0.63,0.56,153,23.04,E,,
NGC6687,G,1.25,0.94,46,23.92,Scd,,
NGC6688,G,1.64,1.59,40,23.66,S0-a,,
NGC6689,G,3.29,0.91,171,23.29,SABc,,
NGC6691,G,1.47,1.37,35,23.09,Sbc,,
NGC6692,GPair,1.05,0.55,119,23.43,E-S0,,
NGC6694,OCl,6.00,,,,,026,
NGC6695,G,1.21,0.67,13,23.12,SBb,,
NGC6696,G,0.91,0.23,1,24.54,,,
NGC6697,G,1.19,0.95,65,23.70,E,,
NGC6698,OCl,4.98,,,,,,
NGC6699,G,1.74,1.71,95,22.74,SABb,,
NGC6700,G,1.52,1.01,114,23.42,SBc,,
NGC6701,G,1.42,1.36,120,22.54,Sa,,
NGC6702,G,1.64,1.42,58,23.19,E,,
NGC6703,G,2.43,2.38,85,23.07,E-S0,,
NGC6704,OCl,3.30,,,,,,
NGC6705,OCl,9.00,,,,,011,Amas de l'Ecu de Sobieski/Wild Duck Cluster
NGC6706,G,1.70,0.77,124,23.87,E-S0,,
NGC6707,G,2.62,1.05,143,23.38,SBc,,
NGC6708,G,1.16,0.86,163,22.26,Sb,,
NGC6709,OCl,8.70,,,,,,
NGC6710,G,1.68,0.93,38,23.92,S0-a,,
NGC6711,G,1.03,0.94,70,22.45,Sbc,,
NGC6712,GCl,5.70,,,,,,
NGC6713,G,0.48,0.44,110,21.37,,,
NGC6714,*Ass,,,,,,,
NGC6715,GCl,5.10,,,,,054,
NGC6716,OCl,7.20,,,,,,
NGC6717,GCl,3.90,,,,,,
NGC6718,G,1.48,0.74,171,23.23,SBb,,
NGC6719,G,1.66,0.84,109,22.74,SBc,,
NGC6720,PN,1.27,,,,,057,Ring Nebula
NGC6721,G,1.90,1.58,155,23.33,E,,
NGC6722,G,2.93,0.51,164,23.56,Sb,,
NGC6723,GCl,9.30,,,,,,
NGC6724,OCl,3.18,,,,,,
NGC6725,G,2.65,0.52,40,24.08,S0,,
NGC6726,RfN,9.00,7.00,,,,,
NGC6727,RfN,80.00,80.00,,,,,
NGC6728,OCl,4.50,,,,,,
NGC6729,Neb,25.00,20.00,,,,,
NGC6730,G,2.20,1.83,31,23.62,E,,
NGC6732,G,0.94,0.68,103,23.18,E,,
NGC6733,G,1.96,1.39,109,23.63,E-S0,,
NGC6734,G,1.38,0.90,14,23.20,E-S0,,
NGC6735,OCl,5.10,,,,,,
NGC6736,G,1.11,0.88,67,23.41,E,,
NGC6737,OCl,6.60,,,,,,
NGC6738,*Ass,5.40,,,,,,
NGC6739,G,2.65,0.89,173,23.90,S0,,
NGC6740,G,1.09,0.76,31,23.65,Sc,,
NGC6741,PN,0.13,,,,,,Phantom Streak Nebula
NGC6742,PN,0.55,,,,,,
NGC6743,OCl,6.90,,,,,,
NGC6744,G,15.67,9.75,15,23.47,Sbc,,
NGC6744,G,1.64,0.60,106,24.07,IB,,
NGC6745,GTrpl,2.30,,,,,,
NGC6745,G,0.95,0.46,32,22.95,,,
NGC6745,G,0.69,0.22,174,24.87,,,
NGC6745,G,0.33,0.18,7,,,,
NGC6746,G,1.56,1.09,170,23.50,E,,
NGC6747,G,0.65,0.50,126,23.10,E,,
NGC6749,GCl,5.10,,,,,,
NGC6750,G,1.08,0.69,2,22.41,Sc,,
NGC6751,PN,0.34,,,,,,
NGC6752,GCl,13.20,,,,,,
NGC6753,G,2.97,2.60,25,22.92,Sb,,
NGC6754,G,2.02,1.08,77,22.71,Sb,,
NGC6755,OCl,6.00,,,,,,
NGC6756,OCl,3.60,,,,,,
NGC6757,G,1.71,1.15,92,23.67,S0-a,,
NGC6758,G,2.75,2.14,111,23.66,E,,
NGC6759,G,0.97,0.67,40,23.62,Sa,,
NGC6760,GCl,5.40,,,,,,
NGC6761,G,1.63,1.42,22,24.00,SBab,,
NGC6762,G,1.55,0.34,119,23.47,S0-a,,
NGC6764,G,2.49,1.22,64,22.97,SBbc,,
NGC6765,PN,0.67,,,,,,
NGC6768,G,1.26,1.00,36,23.06,E,,
NGC6769,G,2.86,2.19,120,23.40,SABb,,
NGC6770,G,2.39,1.72,33,23.14,Sb,,
NGC6771,G,2.38,0.54,121,24.06,S0-a,,
NGC6772,PN,1.07,,,,,,
NGC6773,OCl,,,,,,,
NGC6774,OCl,30.00,,,,,,
NGC6775,OCl,4.80,,,,,,
NGC6776,G,2.00,1.62,14,23.41,E,,
NGC6776,G,1.44,0.36,83,23.25,SBc,,
NGC6778,PN,0.26,,,,,,
NGC6779,GCl,5.80,,,,,056,
NGC6780,G,2.01,1.55,4,23.39,SABc,,
NGC6781,PN,1.80,,,,,,
NGC6782,G,2.45,1.49,18,23.13,Sa,,
NGC6783,G,0.66,0.62,135,,E,,
NGC6784,G,1.04,0.56,46,23.63,E-S0,,
NGC6784,G,0.95,0.54,167,23.61,E-S0,,
NGC6786,G,0.81,0.48,20,21.98,SABb,,
NGC6787,G,0.80,0.74,70,23.14,SABb,,
NGC6788,G,3.20,1.05,69,23.48,Sab,,
NGC6789,G,0.97,0.84,145,22.37,I,,
NGC6790,PN,0.12,,,,,,
NGC6791,OCl,6.30,,,,,,
NGC6792,G,2.08,1.11,24,23.14,SBb,,
NGC6793,OCl,8.10,,,,,,
NGC6794,G,1.51,1.26,85,23.43,Sab,,
NGC6795,OCl,,,,,,,
NGC6796,G,1.73,0.40,1,22.33,Sbc,,
NGC6798,G,1.78,0.80,147,24.30,S0,,
NGC6799,G,1.83,1.36,107,23.55,E-S0,,
NGC6800,OCl,6.00,,,,,,
NGC6801,G,1.36,0.71,38,23.44,Sc,,
NGC6802,OCl,4.50,,,,,,
NGC6803,PN,0.09,,,,,,
NGC6804,PN,0.58,,,,,,
NGC6805,G,1.16,1.03,159,23.49,E,,
NGC6806,G,1.22,0.96,52,22.68,Sc,,
NGC6807,PN,0.03,,,,,,
NGC6808,G,0.80,0.25,42,21.33,Sa,,
NGC6809,GCl,12.00,,,,,055,
NGC6810,G,3.79,1.05,175,23.18,Sab,,
NGC6811,OCl,7.20,,,,,,
NGC6812,G,1.75,1.12,87,23.50,S0,,
NGC6813,PN,3.00,,,,,,
NGC6814,G,3.08,0.74,110,22.23,SABb,,
NGC6815,*Ass,,,,,,,
NGC6816,G,1.72,1.40,80,23.97,E-S0,,
NGC6817,GPair,0.90,,,,,,
NGC6817,G,0.26,0.18,47,,,,
NGC6817,G,0.66,0.55,115,23.26,Sbc,,
NGC6818,PN,0.77,,,,,,Little Gem Nebula
NGC6819,OCl,6.90,,,,,,Foxhead Cluster
NGC6820,Neb,0.50,0.50,,,,,
NGC6821,G,1.03,0.93,130,22.33,Scd,,
NGC6822,G,17.38,16.75,27,24.25,IB,,Barnard's Galaxy
NGC6823,Cl+N,6.00,,,,,,
NGC6824,G,1.91,1.39,53,22.88,Sab,,
NGC6825,GPair,0.72,0.32,170,,,,
NGC6826,PN,0.42,,,,,,Blinking Planetary
NGC6827,OCl,2.10,,,,,,
NGC6828,OCl,6.00,,,,,,
NGC6829,G,1.49,0.35,31,23.56,Sb,,
NGC6830,OCl,4.20,,,,,,
NGC6831,G,1.29,1.17,115,23.81,S0,,
NGC6832,OCl,3.30,,,,,,
NGC6833,PN,0.03,,,,,,
NGC6834,OCl,4.50,,,,,,
NGC6835,G,2.74,0.61,70,23.63,SBa,,
NGC6836,G,1.42,1.11,119,22.77,SABm,,
NGC6837,OCl,3.00,,,,,,
NGC6838,GCl,6.90,,,,,071,
NGC6840,OCl,4.50,,,,,,
NGC6841,G,1.63,1.46,162,23.66,E,,
NGC6842,PN,0.95,,,,,,
NGC6843,OCl,3.60,,,,,,
NGC6844,G,1.26,0.97,5,22.70,Sb,,
NGC6845,GGroup,4.10,,,,,,
NGC6845,G,1.08,0.61,47,22.28,SBbc,,
NGC6845,G,0.78,0.60,24,22.91,SBb,,
NGC6845,G,0.94,0.31,138,24.85,S0-a,,
NGC6845,G,0.79,0.22,157,23.57,S0,,
NGC6846,OCl,2.40,,,,,,
NGC6847,Cl+N,10.00,10.00,,,,,
NGC6848,G,2.34,1.38,158,23.67,Sa,,
NGC6849,G,2.15,1.42,19,23.42,E-S0,,
NGC6850,G,2.03,1.09,146,23.89,S0-a,,
NGC6851,G,2.18,1.70,161,23.23,E,,
NGC6851,G,1.35,0.70,50,23.71,Sbc,,
NGC6851,G,1.12,0.18,67,24.08,SBcd,,
NGC6852,PN,0.47,,,,,,
NGC6853,PN,6.70,,,,,027,Dumbbell Nebula
NGC6854,G,2.28,1.62,166,23.83,E-S0,,
NGC6855,G,1.27,0.95,95,23.12,S0-a,,
NGC6856,OCl,3.00,,,,,,
NGC6857,HII,0.63,0.63,,,,,
NGC6858,OCl,4.20,,,,,,
NGC6860,G,1.31,0.75,32,22.68,SBb,,
NGC6861,G,3.18,2.36,133,23.32,E-S0,,
NGC6861,G,1.21,0.40,100,24.18,S0,,
NGC6861,G,1.11,0.42,34,23.98,S0,,
NGC6861,G,2.36,0.85,157,23.93,E-S0,,
NGC6861,G,1.48,0.31,37,23.84,Sab,,
NGC6861,G,1.82,0.35,85,23.79,SBd,,
NGC6862,G,1.43,1.32,125,22.90,SBbc,,
NGC6864,GCl,3.60,,,,,075,
NGC6865,G,0.63,0.48,135,23.24,S0,,
NGC6866,OCl,5.10,,,,,,
NGC6867,G,1.61,0.55,156,22.98,SBbc,,
NGC6868,G,3.58,3.13,81,23.31,E,,
NGC6869,G,1.44,1.44,100,22.88,S0,,
NGC6870,G,2.56,1.08,86,23.41,SABa,,
NGC6871,OCl,9.30,,,,,,
NGC6872,G,4.70,1.80,45,24.03,SBb,,
NGC6873,OCl,3.00,,,,,,
NGC6874,*Ass,,,,,,,
NGC6875,G,2.15,1.30,22,23.36,E-S0,,
NGC6875,G,2.97,0.61,74,23.82,SBbc,,
NGC6876,G,3.46,3.00,110,23.51,E,,
NGC6876,G,1.38,0.46,178,23.50,SBb,,
NGC6877,G,2.38,1.14,163,23.87,E,,
NGC6878,G,1.61,1.26,98,23.23,SABb,,
NGC6878,G,1.87,0.86,69,23.37,SABb,,
NGC6879,PN,0.08,,,,,,
NGC6880,G,2.46,1.06,25,23.90,S0-a,,
NGC6881,PN,0.07,,,,,,
NGC6882,OCl,7.50,,,,,,
NGC6883,OCl,4.50,,,,,,
NGC6884,PN,0.10,,,,,,
NGC6886,PN,0.09,,,,,,
NGC6887,G,3.44,1.18,103,23.44,Sbc,,
NGC6888,HII,20.00,10.00,,,,,Crescent Nebula
NGC6889,G,1.71,1.08,60,23.26,SBbc,,
NGC6890,G,1.59,1.27,155,22.54,SBb,,
NGC6891,PN,0.25,,,,,,
NGC6893,G,2.87,1.78,9,23.75,S0,,
NGC6894,PN,0.67,,,,,,
NGC6895,OCl,5.10,,,,,,
NGC6897,G,0.94,0.60,39,22.82,Sbc,,
NGC6898,G,1.03,0.94,145,22.80,Sa,,
NGC6899,G,1.79,0.89,112,22.87,Sbc,,
NGC6900,G,0.94,0.74,100,22.93,Sb,,
NGC6901,G,1.25,0.49,62,23.37,SBab,,
NGC6902,G,2.69,2.11,158,22.70,SBab,,
NGC6902,G,0.98,0.74,57,23.07,SBm,,
NGC6902,G,1.32,1.20,160,23.52,SABc,,
NGC6903,G,2.24,2.04,145,23.40,E-S0,,
NGC6904,OCl,4.20,,,,,,
NGC6905,PN,0.67,,,,,,Blue Flash Nebula
NGC6906,G,1.12,0.48,45,21.74,SBbc,,
NGC6907,G,3.33,2.68,67,23.09,Sbc,,
NGC6908,G,1.87,1.01,65,,S0,,
NGC6909,G,2.36,1.29,69,23.33,E,,
NGC6910,OCl,6.30,,,,,,
NGC6911,G,1.84,1.01,122,24.78,SBb,,
NGC6912,G,1.30,1.03,77,22.98,SBc,,
NGC6913,OCl,3.60,,,,,029,
NGC6914,RfN,3.00,3.00,,,,,
NGC6915,G,1.65,1.15,85,23.39,Sab,,
NGC6916,G,1.64,1.11,89,24.72,SBbc,,
NGC6917,G,1.11,0.45,48,22.66,Sbc,,
NGC6918,G,0.99,0.76,5,23.10,S0-a,,
NGC6919,G,1.39,1.11,132,22.94,SABc,,
NGC6920,G,2.30,1.86,132,23.75,S0,,
NGC6921,G,1.08,0.35,141,23.01,S0-a,,
NGC6922,G,1.17,0.92,139,22.98,Sc,,
NGC6923,G,2.54,1.24,76,22.99,SBb,,
NGC6924,G,1.70,1.45,140,23.77,E-S0,,
NGC6925,G,4.68,1.16,4,23.06,Sbc,,
NGC6926,G,1.33,0.37,178,21.61,Sc,,
NGC6927,G,0.60,0.20,5,23.01,S0,,
NGC6927,G,0.38,0.13,20,,E,,
NGC6928,G,2.08,0.51,106,23.11,SBab,,
NGC6929,G,0.43,0.33,81,21.63,S0-a,,
NGC6930,G,1.43,0.46,9,22.62,SBab,,
NGC6931,G,1.27,0.46,125,,Sb,,
NGC6932,G,2.45,1.44,105,23.94,S0-a,,
NGC6934,GCl,5.40,,,,,,
NGC6935,G,2.18,1.91,14,23.19,SABa,,
NGC6936,G,1.82,0.91,5,23.95,E-S0,,
NGC6937,G,2.55,1.69,155,23.95,Sbc,,
NGC6938,OCl,5.40,,,,,,
NGC6939,OCl,12.00,,,,,,
NGC6940,OCl,10.80,,,,,,
NGC6941,G,1.73,1.20,126,23.73,Sb,,
NGC6942,G,2.24,1.71,134,23.41,S0-a,,
NGC6943,G,3.75,2.22,125,23.24,Sc,,
NGC6944,G,1.12,0.79,48,23.67,E-S0,,
NGC6944,G,0.97,0.69,67,23.30,Scd,,
NGC6945,G,1.58,1.01,121,24.23,E-S0,,
NGC6946,G,11.40,10.84,52,23.73,SABc,,Fireworks Galaxy
NGC6947,G,1.74,0.69,41,22.96,Sb,,
NGC6948,G,2.00,0.95,113,23.68,Sa,,
NGC6949,G,1.31,1.05,95,23.87,Sc,,
NGC6950,OCl,4.50,,,,,,
NGC6951,G,3.19,2.09,149,22.89,SABb,,
NGC6954,G,1.27,0.80,84,23.27,S0-a,,
NGC6955,G,1.27,0.98,115,24.16,SABb,,
NGC6956,G,1.75,1.37,112,23.10,Sb,,
NGC6957,G,0.62,0.57,150,22.98,Sc,,
NGC6958,G,2.44,1.88,97,23.08,E,,
NGC6959,G,0.50,0.34,63,22.32,S0,,
NGC6960,SNR,210.00,160.00,,,,,Veil Nebula/Filamentary Nebula/Western Veil
NGC6961,G,0.76,0.73,150,23.44,E,,
NGC6962,G,2.70,2.00,68,23.73,SABa,,
NGC6964,G,1.68,1.26,165,23.93,E,,
NGC6965,G,0.73,0.63,68,22.74,S0,,
NGC6967,G,1.19,0.71,95,23.09,S0-a,,
NGC6968,G,1.97,1.18,135,24.16,E-S0,,
NGC6969,G,1.21,0.37,15,23.59,Sa,,
NGC6970,G,1.54,0.87,115,22.49,SBa,,
NGC6971,G,1.05,0.87,60,23.43,Sb,,
NGC6972,G,1.23,0.49,142,23.00,S0-a,,
NGC6974,SNR,,,,,,,
NGC6975,G,1.02,0.92,165,23.50,SABb,,
NGC6977,G,1.25,0.93,168,23.20,Sa,,
NGC6978,G,1.51,0.57,126,23.07,Sb,,
NGC6979,SNR,7.00,3.00,,,,,
NGC6981,GCl,4.50,,,,,072,
NGC6982,G,1.00,0.49,66,22.86,SBa,,
NGC6983,G,0.85,0.66,151,22.47,Sab,,
NGC6984,G,1.80,1.16,101,22.82,Sc,,
NGC6985,G,1.25,0.51,106,23.59,SBa,,
NGC6985,G,1.02,0.44,160,24.25,,,
NGC6986,G,0.98,0.64,6,23.38,E-S0,,
NGC6987,G,2.03,1.63,125,23.85,E,,
NGC6988,G,0.68,0.59,21,23.04,E,,
NGC6989,OCl,5.40,,,,,,
NGC6990,G,1.24,0.56,179,22.85,Sa,,
NGC6991,OCl,23.00,,,,,,
NGC6992,SNR,60.00,8.00,,,,,Eastern Veil/Network Nebula
NGC6993,G,1.47,1.17,98,23.11,SBc,,
NGC6995,SNR,12.00,12.00,,,,,Eastern Veil/Network Nebula
NGC6996,*Ass,,,,,,,
NGC6997,Cl+N,6.90,,,,,,
NGC6998,G,0.94,0.89,135,23.93,E,,
NGC6999,G,1.21,0.99,1,24.04,S0,,
NGC7000,HII,120.00,30.00,,,,,North America Nebula
NGC7001,G,1.38,1.03,169,23.03,SABa,,
NGC7002,G,2.10,1.66,12,23.92,E,,
NGC7003,G,0.99,0.66,116,22.15,Sbc,,
NGC7004,G,1.26,0.48,70,23.70,S0-a,,
NGC7006,GCl,4.20,,,,,,
NGC7007,G,3.39,1.23,1,24.22,E-S0,,
NGC7008,PN,1.43,,,,,,
NGC7009,PN,0.70,0.52,70,,,,Saturn Nebula
NGC7010,G,2.18,1.12,47,24.96,E,,
NGC7011,OCl,,,,,,,
NGC7012,G,1.65,0.81,98,23.59,E,,
NGC7013,G,4.16,1.33,158,23.81,Sa,,
NGC7014,G,2.03,1.77,130,23.71,E,,
NGC7015,G,1.70,1.51,170,23.05,Sbc,,
NGC7016,G,1.02,0.86,90,23.64,E,,
NGC7017,GPair,0.85,0.60,85,23.20,S0,,
NGC7018,GTrpl,0.93,0.59,93,,E,,
NGC7019,G,0.74,0.39,127,22.71,SBb,,
NGC7020,G,4.10,1.67,165,24.42,S0-a,,
NGC7022,G,1.52,1.08,7,23.68,S0,,
NGC7023,Neb,10.00,8.00,,,,,Iris Nebula
NGC7024,OCl,4.92,,,,,,
NGC7025,G,2.02,1.32,45,23.86,Sa,,
NGC7026,PN,0.33,,,,,,
NGC7027,PN,0.23,,,,,,
NGC7028,G,0.64,0.27,5,21.82,Sc,,
NGC7029,G,2.75,1.57,68,23.42,E,,
NGC7030,G,0.86,0.65,36,22.81,SBab,,
NGC7031,OCl,3.90,,,,,,
NGC7032,G,1.17,0.99,20,22.57,Sc,,
NGC7033,G,0.88,0.60,4,23.62,S0-a,,
NGC7034,G,0.96,0.70,122,23.90,E,,
NGC7035,GPair,1.20,,,,,,
NGC7035,G,0.89,0.65,110,23.98,S0,,
NGC7035,G,1.23,0.91,88,24.57,S0,,
NGC7036,OCl,4.50,,,,,,
NGC7037,OCl,6.00,,,,,,
NGC7038,G,3.22,1.69,127,23.34,SABc,,
NGC7039,OCl,7.80,,,,,,
NGC7040,G,1.04,0.74,155,23.39,Sbc,,
NGC7041,G,3.46,1.47,84,23.48,E-S0,,
NGC7042,G,1.78,1.56,138,22.80,Sb,,
NGC7043,G,0.82,0.64,129,23.11,Sa,,
NGC7044,OCl,6.00,,,,,,
NGC7046,G,1.10,0.77,113,22.81,Sc,,
NGC7047,G,1.34,0.65,104,23.52,Sb,,
NGC7048,PN,1.02,,,,,,
NGC7049,G,3.94,2.69,64,23.38,S0,,
NGC7050,OCl,3.60,,,,,,
NGC7051,G,1.25,0.92,75,22.89,Sa,,
NGC7052,G,1.82,0.90,66,24.04,E,,
NGC7053,G,1.57,1.47,25,23.87,S0-a,,
NGC7055,OCl,3.00,,,,,,
NGC7056,G,1.10,1.03,60,22.68,SBbc,,
NGC7057,G,1.36,0.81,107,23.21,E-S0,,
NGC7058,OCl,5.10,,,,,,
NGC7059,G,3.69,1.31,101,23.20,SABc,,
NGC7060,G,2.02,1.09,153,23.63,SABa,,
NGC7061,G,1.63,0.94,138,24.04,E,,
NGC7062,OCl,3.60,,,,,,
NGC7063,OCl,6.30,,,,,,
NGC7064,G,3.74,0.70,92,22.99,SBc,,
NGC7065,G,1.00,0.79,29,22.90,SBab,,
NGC7065,G,1.10,1.04,130,23.84,Sc,,
NGC7066,GPair,0.83,0.81,160,23.47,Sa,,
NGC7067,OCl,2.40,,,,,,
NGC7068,G,0.76,0.33,175,22.52,Sa,,
NGC7069,G,1.15,0.70,17,23.66,E-S0,,
NGC7070,G,2.50,2.16,178,23.40,Sc,,
NGC7070,G,2.21,1.70,6,23.72,S0-a,,
NGC7071,*Ass,,,,,,,
NGC7072,G,0.82,0.63,81,21.95,SABc,,
NGC7072,G,0.80,0.61,108,22.36,SABc,,
NGC7073,G,0.92,0.81,170,22.82,Sb,,
NGC7074,G,0.83,0.48,120,23.77,S0,,
NGC7075,G,1.45,1.09,114,23.43,E,,
NGC7076,PN,0.93,,,,,,
NGC7077,G,0.90,0.56,12,23.09,E,,
NGC7078,GCl,11.10,,,,,015,
NGC7079,G,2.30,1.44,77,23.02,S0,,
NGC7080,G,1.63,1.54,100,22.94,Sb,,
NGC7081,G,0.77,0.65,155,22.03,Sb,,
NGC7082,OCl,9.00,,,,,,
NGC7083,G,3.56,1.98,6,22.94,SBbc,,
NGC7084,OCl,6.00,,,,,,
NGC7085,G,0.99,0.42,148,23.39,Sb,,
NGC7086,OCl,4.80,,,,,,
NGC7087,G,0.86,0.62,47,21.93,SBab,,
NGC7089,GCl,8.40,,,,,002,
NGC7090,G,8.15,1.63,128,23.32,Sc,,
NGC7091,G,1.86,1.31,86,23.30,Sd,,
NGC7092,OCl,19.50,,,,,039,
NGC7093,OCl,3.60,,,,,,
NGC7094,PN,1.65,,,,,,
NGC7095,G,2.71,2.21,135,23.11,SBc,,
NGC7096,G,2.10,1.98,125,23.19,Sa,,
NGC7096,G,2.00,0.69,104,23.54,Sbc,,
NGC7097,G,1.89,1.36,17,22.85,E,,
NGC7097,G,0.70,0.44,131,23.15,E,,
NGC7098,G,1.78,0.91,62,22.21,Sa,,
NGC7099,GCl,9.00,,,,,030,
NGC7101,G,0.82,0.75,165,23.29,E,,
NGC7102,G,1.48,0.89,141,23.29,Sb,,
NGC7103,G,1.42,0.92,63,24.39,E,,
NGC7104,G,0.79,0.73,55,23.63,E,,
NGC7105,G,1.51,0.74,136,23.88,S0,,
NGC7106,G,1.66,1.12,85,23.37,SABc,,
NGC7107,G,1.91,0.94,127,22.86,SBm,,
NGC7108,G,1.17,0.79,53,23.98,E,,
NGC7109,G,0.87,0.81,105,23.06,E,,
NGC7110,G,1.40,0.73,74,23.25,Sb,,
NGC7112,G,0.99,0.99,40,23.96,E,,
NGC7115,G,1.91,0.59,69,23.45,Sb,,
NGC7116,G,1.22,0.50,105,22.69,Sc,,
NGC7117,G,1.71,1.00,30,23.64,E-S0,,
NGC7118,G,1.70,1.36,45,23.44,E-S0,,
NGC7119,GPair,1.00,,,,,,
NGC7119,G,0.70,0.46,141,21.24,SBbc,,
NGC7119,G,0.64,0.21,24,20.96,Sc,,
NGC7120,G,0.84,0.46,136,22.79,Sb,,
NGC7121,G,1.17,0.62,2,22.89,SBbc,,
NGC7123,G,2.63,1.12,145,23.78,Sa,,
NGC7124,G,2.56,1.06,146,23.20,SBbc,,
NGC7125,G,2.94,1.84,95,23.53,SABc,,
NGC7126,G,2.55,1.09,79,23.02,Sc,,
NGC7127,OCl,2.70,,,,,,
NGC7128,OCl,3.00,,,,,,
NGC7129,Cl+N,2.10,,,,,,
NGC7130,G,1.56,1.33,160,22.55,Sa,,
NGC7131,G,1.13,0.87,114,23.83,S0,,
NGC7132,G,0.90,0.72,101,23.00,Sc,,
NGC7135,G,2.60,2.03,45,23.61,E-S0,,
NGC7137,G,1.84,1.65,50,23.02,SABc,,
NGC7138,G,1.20,0.62,176,23.98,SBa,,
NGC7139,PN,1.28,,,,,,
NGC7140,G,3.04,2.07,18,23.16,SABb,,
NGC7142,OCl,9.60,,,,,,
NGC7144,G,3.41,3.20,10,23.22,E,,
NGC7145,G,2.95,0.76,150,23.15,E,,
NGC7146,G,0.73,0.42,89,23.27,SABa,,
NGC7147,G,0.99,0.76,90,23.57,S0-a,,
NGC7149,G,1.30,0.86,15,23.94,E,,
NGC7151,G,2.66,0.89,73,23.34,SABc,,
NGC7152,G,1.27,0.31,18,22.79,SBb,,
NGC7153,G,1.91,0.28,66,23.35,Sb,,
NGC7154,G,2.26,1.91,116,23.19,I,,
NGC7155,G,2.15,1.91,97,23.49,S0,,
NGC7156,G,1.40,1.22,120,22.65,SABc,,
NGC7157,G,1.17,0.55,12,23.51,Sa,,
NGC7159,G,0.71,0.56,115,,,,
NGC7160,OCl,4.20,,,,,,
NGC7162,G,3.04,1.10,10,23.61,Sc,,
NGC7162,G,2.39,1.73,42,23.45,Sm,,
NGC7163,G,2.17,1.04,101,24.30,Sab,,
NGC7164,G,0.72,0.40,113,23.56,S0-a,,
NGC7165,G,1.12,0.92,38,22.89,Sab,,
NGC7166,G,0.81,0.52,10,21.30,E-S0,,
NGC7167,G,1.83,1.30,137,22.43,SBc,,
NGC7168,G,2.23,1.64,69,23.43,E,,
NGC7169,G,1.08,0.56,75,23.46,E-S0,,
NGC7170,G,1.12,0.74,166,23.78,E-S0,,
NGC7171,G,2.37,1.22,119,23.18,SBb,,
NGC7172,G,2.75,1.82,105,23.61,Sa,,
NGC7173,G,1.88,1.53,141,23.14,E,,
NGC7174,G,2.51,2.20,85,24.59,Sb,,
NGC7175,OCl,4.50,,,,,,
NGC7176,G,1.15,0.92,75,21.59,E,,
NGC7177,G,2.85,1.93,87,22.61,SABb,,
NGC7178,G,1.17,0.45,174,23.16,SABb,,
NGC7179,G,2.03,1.00,48,23.13,SBbc,,
NGC7180,G,1.66,0.77,65,23.33,E-S0,,
NGC7181,G,0.73,0.60,69,23.46,S0,,
NGC7182,G,0.79,0.43,90,23.57,S0-a,,
NGC7183,G,3.89,1.14,82,24.50,S0-a,,
NGC7184,G,5.98,1.26,61,23.13,SBc,,
NGC7185,G,2.31,1.61,26,23.96,E-S0,,
NGC7187,G,1.15,1.05,65,22.50,S0-a,,
NGC7188,G,1.76,0.74,49,23.30,SBbc,,
NGC7189,G,0.99,0.64,121,22.83,SBb,,
NGC7190,G,0.96,0.48,64,23.73,S0-a,,
NGC7191,G,1.83,0.73,138,23.11,SABc,,
NGC7192,G,2.42,2.31,0,23.00,E,,
NGC7193,OCl,,,,,,,
NGC7194,G,1.31,0.89,18,23.75,E,,
NGC7195,G,0.69,0.53,46,23.52,S0-a,,
NGC7196,G,2.76,2.06,59,23.43,E,,
NGC7197,G,1.67,0.85,111,23.92,Sa,,
NGC7198,G,0.98,0.75,180,23.23,S0,,
NGC7199,G,1.21,0.90,30,22.92,SBa,,
NGC7200,G,1.28,1.00,45,23.17,E,,
NGC7201,G,1.66,0.55,128,23.28,Sa,,
NGC7203,G,1.08,0.58,68,22.48,S0-a,,
NGC7204,GPair,1.60,,,,,,
NGC7204,G,0.93,0.44,78,22.97,SBab,,
NGC7204,G,1.07,0.28,88,23.08,S0-a,,
NGC7205,G,3.70,1.71,63,22.55,Sbc,,
NGC7205,G,1.15,0.84,72,23.23,SABc,,
NGC7206,G,1.19,0.92,142,23.73,S0,,
NGC7207,G,0.66,0.26,102,,S0,,
NGC7208,G,0.91,0.60,136,22.48,S0,,
NGC7209,OCl,6.00,,,,,,
NGC7211,G,0.77,0.63,74,23.28,S0,,
NGC7212,GTrpl,1.35,0.46,32,23.61,Sb,,
NGC7213,G,4.84,3.89,121,23.05,Sa,,
NGC7214,G,1.94,1.35,45,23.10,Sbc,,
NGC7215,G,0.91,0.37,90,23.54,S0,,
NGC7216,G,1.61,1.10,127,23.41,E,,
NGC7217,G,4.52,3.84,90,22.93,Sab,,
NGC7218,G,2.55,1.07,35,22.45,Sc,,
NGC7219,G,1.83,1.10,38,23.19,SABa,,
NGC7220,G,0.90,0.72,7,22.92,S0,,
NGC7221,G,2.29,1.46,13,23.02,Sbc,,
NGC7222,G,1.07,1.06,65,24.32,SBab,,
NGC7223,G,1.41,1.13,126,22.89,SBc,,
NGC7224,G,1.51,0.91,108,24.67,E,,
NGC7225,G,1.96,1.02,140,23.49,S0-a,,
NGC7226,OCl,3.00,,,,,,
NGC7227,G,1.24,0.59,9,24.06,S0,,
NGC7228,G,1.38,0.84,145,24.06,SBa,,
NGC7229,G,1.46,1.25,116,22.71,Sc,,
NGC7230,G,1.00,0.91,10,23.11,SBbc,,
NGC7231,G,1.69,0.60,87,23.32,SBa,,
NGC7232,G,2.86,1.04,100,23.56,S0-a,,
NGC7232,G,2.17,0.31,110,23.36,SBab,,
NGC7232,G,1.68,1.48,1,23.65,SBm,,
NGC7233,G,1.74,1.55,75,23.06,S0-a,,
NGC7234,OCl,2.40,,,,,,
NGC7236,G,1.38,0.81,156,24.00,E-S0,,
NGC7237,G,1.98,0.86,143,24.70,E-S0,,
NGC7239,G,0.97,0.66,82,24.17,E-S0,,
NGC7240,G,0.60,0.60,125,22.87,E-S0,,
NGC7241,G,2.75,0.72,26,23.40,SBbc,,
NGC7242,GPair,1.40,,,,,,
NGC7242,G,1.23,0.31,26,23.21,E,,
NGC7242,G,0.29,0.22,72,23.91,,,
NGC7243,OCl,15.00,,,,,,
NGC7244,G,0.91,0.46,0,22.94,E?,,
NGC7245,OCl,3.90,,,,,,
NGC7246,G,2.26,0.86,174,23.70,Sa,,
NGC7247,G,1.28,0.67,6,22.49,SBb,,
NGC7248,G,1.72,0.78,133,23.46,E-S0,,
NGC7249,G,0.97,0.69,132,23.06,S0,,
NGC7250,G,2.12,0.94,160,22.87,Scd,,
NGC7251,G,1.67,1.48,10,23.29,Sa,,
NGC7252,G,1.85,1.71,95,22.88,S0,,
NGC7253,GPair,2.60,,,,,,
NGC7253,G,1.56,0.41,124,22.56,SABc,,
NGC7253,G,1.28,0.44,68,22.71,Sc,,
NGC7254,G,1.30,0.64,114,22.72,SBb,,
NGC7255,G,1.47,0.31,116,24.10,Sa,,
NGC7257,G,1.81,1.23,5,23.29,SABb,,
NGC7258,G,1.54,0.65,142,23.03,Sb,,
NGC7259,G,1.25,0.97,57,22.78,Sb,,
NGC7261,OCl,6.90,,,,,,
NGC7262,G,0.86,0.78,140,23.24,S0,,
NGC7263,G,0.94,0.76,55,24.17,S0-a,,
NGC7264,G,1.99,0.30,56,23.61,Sb,,
NGC7265,G,2.48,1.79,166,23.97,E-S0,,
NGC7266,G,0.72,0.58,90,22.30,Sa,,
NGC7267,G,1.73,1.50,121,22.76,SBa,,
NGC7268,GPair,1.40,,,,,,
NGC7268,G,1.29,0.72,78,23.71,S0,,
NGC7268,G,1.00,0.44,73,24.19,E,,
NGC7269,G,1.02,0.74,142,23.09,SBb,,
NGC7270,G,0.93,0.55,88,23.20,Sab,,
NGC7271,G,0.61,0.29,118,23.68,,,
NGC7272,G,1.09,0.97,52,23.99,SBa,,
NGC7273,G,0.85,0.54,10,23.04,S0,,
NGC7274,G,1.83,1.52,60,24.27,E,,
NGC7275,G,1.16,0.26,36,23.49,Sa,,
NGC7276,G,1.00,0.85,156,23.78,E,,
NGC7277,G,1.28,0.54,125,22.85,Sb,,
NGC7278,G,0.76,0.38,1,22.88,SBc,,
NGC7279,G,1.24,0.88,67,23.27,Sc,,
NGC7280,G,2.01,1.29,76,23.31,S0-a,,
NGC7281,OCl,4.80,,,,,,
NGC7282,G,0.79,0.20,40,22.88,Sb,,
NGC7283,G,0.87,0.38,15,23.78,Sab,,
NGC7284,G,1.82,1.44,64,23.35,S0,,
NGC7285,G,2.68,1.54,65,23.44,SBa,,
NGC7286,G,1.81,0.56,97,23.35,S0-a,,
NGC7287,GPair,0.70,,,,,,
NGC7287,G,0.62,0.34,170,23.17,S0,,
NGC7287,G,0.62,0.32,68,,,,
NGC7288,G,1.92,1.01,83,23.81,Sa,,
NGC7289,G,1.63,1.21,141,24.02,S0,,
NGC7290,G,1.49,0.72,158,22.86,Sbc,,
NGC7291,G,1.62,1.05,59,24.48,S0,,
NGC7292,G,1.82,1.22,113,22.74,I,,
NGC7293,PN,16.33,,,,,,Helix Nebula
NGC7294,G,2.10,1.15,42,23.89,S0,,
NGC7295,OCl,2.70,,,,,,
NGC7297,G,0.84,0.49,121,22.63,SBbc,,
NGC7298,G,1.28,1.00,4,23.41,Sc,,
NGC7299,G,0.67,0.65,175,22.65,Sc,,
NGC7300,G,2.06,0.80,162,23.20,SABb,,
NGC7301,G,0.85,0.27,180,22.09,SBab,,
NGC7302,G,1.73,1.09,95,23.07,E-S0,,
NGC7303,G,1.54,1.19,117,23.19,Sbc,,
NGC7305,G,0.86,0.83,90,,E,,
NGC7306,G,1.81,0.79,60,22.94,SBb,,
NGC7307,G,3.83,0.87,9,23.32,Sc,,
NGC7308,G,1.27,0.92,152,23.68,E-S0,,
NGC7309,G,2.08,1.86,120,23.28,SABc,,
NGC7310,G,0.95,0.73,37,23.09,SBbc,,
NGC7311,G,1.47,0.68,11,22.61,Sab,,
NGC7312,G,0.93,0.63,79,22.92,Sb,,
NGC7313,G,0.70,0.42,165,22.74,SBb,,
NGC7314,G,4.21,1.71,3,22.77,SABb,,
NGC7315,G,1.58,1.58,20,23.62,S0,,
NGC7316,G,1.19,1.01,66,22.60,SBbc,,
NGC7317,G,0.80,0.77,150,23.04,E,,
NGC7318,GPair,2.50,,,,,,
NGC7318,G,1.47,1.33,90,24.03,E,,
NGC7318,G,2.37,1.32,24,24.13,SBbc,,
NGC7319,G,1.67,1.04,112,23.51,Sbc,,
NGC7320,G,2.55,1.40,132,23.47,Scd,,
NGC7320,G,0.59,0.48,29,24.23,S0-a,,
NGC7321,G,1.41,0.97,18,23.12,SBb,,
NGC7322,G,1.04,0.62,115,23.34,S0-a,,
NGC7323,G,1.17,0.87,175,22.90,Sb,,
NGC7324,G,1.14,0.63,163,23.61,S0,,
NGC7327,G,0.51,0.29,0,,,,
NGC7328,G,1.95,0.67,87,23.66,Sab,,
NGC7329,G,3.12,2.37,105,23.36,SBbc,,
NGC7330,G,1.71,1.59,70,23.59,E,,
NGC7331,G,9.27,3.76,170,23.08,Sbc,,
NGC7332,G,2.95,0.71,154,22.96,S0,,
NGC7335,G,1.26,0.54,150,23.64,S0-a,,
NGC7336,G,0.61,0.47,131,23.14,SABa,,
NGC7337,G,1.02,0.80,5,24.28,SBab,,
NGC7339,G,3.21,0.95,92,23.46,SABb,,
NGC7340,G,0.86,0.55,170,23.16,E,,
NGC7341,G,2.39,0.95,93,23.47,SABa,,
NGC7342,G,1.31,1.25,125,24.52,SBa,,
NGC7343,G,0.91,0.73,169,22.72,Sb,,
NGC7344,G,1.23,0.55,10,23.30,SBab,,
NGC7345,G,1.09,0.19,40,23.30,Sa,,
NGC7346,G,0.38,0.28,52,22.30,E?,,
NGC7347,G,1.55,0.34,131,23.07,Sbc,,
NGC7348,G,1.01,0.58,12,23.22,SABc,,
NGC7349,G,1.20,0.41,165,23.75,SBb,,
NGC7351,G,1.60,0.84,2,23.32,S0,,
NGC7353,G,0.65,0.47,130,24.21,Sc,,
NGC7354,PN,0.38,,,,,,
NGC7355,G,1.04,0.44,44,23.29,Sb,,
NGC7356,G,1.26,0.58,75,23.79,Sbc,,
NGC7357,G,0.58,0.37,123,22.50,Sb,,
NGC7358,G,2.13,0.69,174,24.01,S0,,
NGC7359,G,2.18,0.50,57,23.77,S0,,
NGC7360,G,0.81,0.42,153,23.00,E,,
NGC7361,G,3.14,0.85,8,23.08,Sc,,
NGC7362,G,1.30,0.89,175,23.24,E,,
NGC7363,G,0.86,0.86,35,22.94,SABc,,
NGC7364,G,1.65,1.12,66,23.19,S0-a,,
NGC7365,G,1.79,1.08,23,23.68,E-S0,,
NGC7366,G,0.34,0.34,150,22.64,,,
NGC7367,G,1.43,0.37,123,23.57,Sab,,
NGC7368,G,2.85,0.56,130,23.12,SBb,,
NGC7369,G,0.86,0.73,27,23.12,Sc,,
NGC7370,G,0.65,0.49,120,24.09,,,
NGC7371,G,2.09,1.92,160,23.01,S0-a,,
NGC7372,G,1.01,0.73,67,23.19,Sbc,,
NGC7373,G,1.04,0.55,8,23.56,S0,,
NGC7374,G,0.87,0.71,60,23.13,Sbc,,
NGC7374,G,0.78,0.46,166,23.94,E-S0,,
NGC7375,G,0.92,0.67,57,23.23,S0-a,,
NGC7376,G,0.69,0.44,140,23.50,S0-a,,
NGC7377,G,3.92,3.13,99,23.77,S0-a,,
NGC7378,G,1.52,0.85,180,22.91,SBab,,
NGC7379,G,1.25,0.92,93,23.32,SBa,,
NGC7380,Cl+N,25.00,20.00,,,,,
NGC7381,G,0.68,0.47,108,22.52,Sc,,
NGC7382,G,0.74,0.30,109,22.45,Sa,,
NGC7383,G,0.86,0.73,166,23.42,S0,,
NGC7385,G,1.93,1.19,83,23.44,E,,
NGC7386,G,2.04,1.30,144,23.79,S0,,
NGC7387,G,1.00,0.63,45,23.80,E,,
NGC7389,G,1.45,0.71,168,24.10,SBa,,
NGC7390,G,0.82,0.65,173,23.81,,,
NGC7391,G,1.49,1.29,96,22.86,E,,
NGC7392,G,2.24,1.19,120,22.59,SBbc,,
NGC7393,G,2.04,0.60,92,22.84,SBc,,
NGC7394,OCl,,,,,,,
NGC7395,G,1.15,1.04,110,24.21,S0,,
NGC7396,G,1.77,1.03,98,23.30,Sa,,
NGC7397,G,0.71,0.47,162,22.99,S0-a,,
NGC7398,G,1.05,0.70,74,23.42,SBa,,
NGC7399,G,1.13,0.73,149,23.67,S0-a,,
NGC7400,G,2.42,0.57,2,23.20,Sbc,,
NGC7401,G,0.75,0.47,90,23.30,SBab,,
NGC7402,G,0.42,0.29,46,23.11,S0,,
NGC7404,G,1.63,0.93,2,23.39,E-S0,,
NGC7405,G,0.33,0.23,95,23.02,Sc,,
NGC7406,G,0.92,0.65,75,22.71,Sb,,
NGC7407,G,1.67,0.79,154,23.36,Sc,,
NGC7408,G,1.91,0.70,168,22.64,SBc,,
NGC7409,G,0.58,0.45,159,23.14,S0,,
NGC7410,G,6.01,1.77,43,23.36,SBa,,
NGC7411,G,1.00,0.90,127,23.61,E,,
NGC7412,G,3.79,2.79,75,23.18,SBb,,
NGC7412,G,0.59,0.42,92,21.80,SBd,,
NGC7413,G,1.14,0.80,64,24.17,E-S0,,
NGC7414,G,0.62,0.28,172,24.37,S0,,
NGC7415,G,0.82,0.21,128,22.95,Sab,,
NGC7416,G,3.08,0.60,110,23.29,SBb,,
NGC7417,G,2.21,1.45,11,23.37,SBab,,
NGC7418,G,3.66,2.83,139,23.03,Sc,,
NGC7418,G,1.75,0.88,81,22.96,Scd,,
NGC7419,OCl,4.08,,,,,,
NGC7420,G,0.85,0.77,50,23.32,Sb,,
NGC7421,G,2.38,1.95,85,23.09,Sbc,,
NGC7422,G,0.83,0.63,146,22.58,SBb,,
NGC7423,OCl,3.60,,,,,,
NGC7424,G,5.01,2.69,125,22.75,Sc,,
NGC7425,G,0.97,0.59,63,23.82,S0-a,,
NGC7426,G,1.57,1.22,72,23.41,E,,
NGC7427,G,0.58,0.50,102,23.06,,,
NGC7428,G,0.91,0.83,65,22.48,Sa,,
NGC7429,OCl,4.50,,,,,,
NGC7430,G,0.60,0.27,60,22.67,S0,,
NGC7431,G,0.26,0.20,125,22.55,,,
NGC7432,G,1.57,0.92,40,24.30,E,,
NGC7433,G,0.78,0.30,47,23.08,Sbc,,
NGC7434,G,0.61,0.30,80,22.96,E-S0,,
NGC7435,G,1.31,0.42,112,24.16,SBa,,
NGC7436,GPair,1.20,,,,,,
NGC7436,G,0.72,0.25,98,21.16,Sbc,,
NGC7436,G,1.95,1.48,49,24.11,E,,
NGC7437,G,1.71,1.64,145,23.84,SABc,,
NGC7438,OCl,5.70,,,,,,
NGC7439,G,1.03,0.56,165,23.84,S0,,
NGC7440,G,1.16,0.93,50,23.36,Sa,,
NGC7441,G,1.29,0.77,160,23.09,Sc,,
NGC7442,G,1.01,0.95,95,22.96,Sc,,
NGC7443,G,1.73,0.69,41,23.73,S0-a,,
NGC7444,G,1.45,0.58,1,23.35,S0,,
NGC7445,G,0.67,0.17,85,23.34,S0-a,,
NGC7446,G,1.26,1.14,110,24.59,E,,
NGC7448,G,2.07,0.81,171,21.66,Sc,,
NGC7449,G,1.02,0.80,130,24.24,E,,
NGC7450,G,1.54,1.46,25,23.80,S0-a,,
NGC7451,G,1.11,0.54,65,23.34,Sbc,,
NGC7452,G,0.51,0.37,25,23.76,,,
NGC7454,G,1.54,0.75,140,22.58,E,,
NGC7455,G,0.70,0.40,163,23.46,,,
NGC7456,G,5.15,1.76,22,23.74,Sc,,
NGC7457,G,3.95,2.25,128,23.57,E-S0,,
NGC7458,G,1.03,0.82,14,22.54,E,,
NGC7459,GPair,1.00,,,,,,
NGC7459,G,1.32,0.78,61,24.81,E,,
NGC7459,G,0.27,0.23,141,,,,
NGC7460,G,1.14,0.81,25,22.41,SBb,,
NGC7461,G,0.94,0.83,166,23.16,S0,,
NGC7462,G,4.99,0.84,76,23.20,SBbc,,
NGC7463,G,1.58,0.44,92,22.64,SABb,,
NGC7464,G,0.52,0.49,35,21.87,E,,
NGC7465,G,1.06,0.64,162,22.21,S0,,
NGC7466,G,1.54,0.59,25,23.60,Sb,,
NGC7467,G,0.81,0.58,26,23.67,S0,,
NGC7468,G,0.82,0.67,28,22.52,E,,
NGC7469,G,1.38,1.21,126,22.27,Sa,,
NGC7470,G,1.55,1.02,93,23.08,Sbc,,
NGC7472,G,0.75,0.49,55,23.17,E,,
NGC7473,G,1.09,0.49,42,23.62,S0,,
NGC7474,G,0.79,0.62,8,23.49,E,,
NGC7475,GPair,1.30,,,,,,
NGC7475,G,1.41,0.91,62,24.33,E,,
NGC7475,G,0.45,0.45,,,,,
NGC7476,G,1.33,1.06,178,22.80,SBab,,
NGC7477,G,0.38,0.17,23,23.56,,,
NGC7478,G,0.43,0.38,9,23.23,Sa,,
NGC7479,G,3.65,2.72,26,23.04,SBbc,,
NGC7480,G,1.32,0.27,101,23.79,S0-a,,
NGC7483,G,1.43,0.83,116,23.53,Sa,,
NGC7484,G,1.09,1.00,0,22.04,E,,
NGC7485,G,1.51,0.76,145,23.79,S0,,
NGC7487,G,1.80,1.14,166,24.75,E,,
NGC7488,G,0.62,0.41,22,22.52,E-S0,,
NGC7489,G,1.22,0.65,165,23.04,Sc,,
NGC7490,G,1.81,1.76,70,23.65,Sb,,
NGC7491,G,0.84,0.58,174,22.62,Sbc,,
NGC7492,GCl,3.00,,,,,,
NGC7494,G,0.87,0.65,85,23.76,E,,
NGC7495,G,1.61,1.44,12,23.44,SABc,,
NGC7496,G,3.40,2.17,169,22.96,Sb,,
NGC7496,G,1.44,1.23,84,24.00,SBm,,
NGC7497,G,2.75,0.97,45,23.05,Sc,,
NGC7498,G,0.95,0.44,3,23.21,Sa,,
NGC7499,G,1.55,0.86,11,23.79,S0,,
NGC7500,G,1.51,1.03,121,24.44,S0,,
NGC7501,G,1.02,0.90,157,23.55,E,,
NGC7503,G,0.95,0.84,76,23.21,E,,
NGC7505,G,1.00,0.39,110,23.94,S0-a,,
NGC7506,G,1.25,0.61,94,23.50,S0-a,,
NGC7507,G,3.33,3.20,90,22.87,E,,
NGC7508,G,0.81,0.26,160,23.56,Sa,,
NGC7509,G,1.32,1.22,155,23.95,E,,
NGC7510,OCl,3.90,,,,,,
NGC7511,G,1.01,0.51,130,23.35,Sb,,
NGC7512,G,1.90,1.12,36,24.28,E,,
NGC7513,G,3.19,1.92,100,23.48,SBb,,
NGC7514,G,1.30,0.89,134,22.63,Sbc,,
NGC7515,G,1.65,1.43,10,22.95,Sbc,,
NGC7516,G,1.26,0.91,99,23.78,S0,,
NGC7517,G,0.57,0.35,163,23.22,E,,
NGC7518,G,1.26,0.75,117,23.32,SABa,,
NGC7519,G,1.11,0.83,168,23.80,Sb,,
NGC7521,G,0.52,0.40,172,22.56,S0,,
NGC7523,G,1.32,0.29,2,24.01,Sb,,
NGC7524,G,0.81,0.25,176,24.08,S0-a,,
NGC7525,GPair,0.90,,,,,,
NGC7525,G,0.12,0.10,23,22.01,E?,,
NGC7525,G,0.79,0.69,16,23.23,,,
NGC7527,G,1.20,0.79,163,23.97,E,,
NGC7528,G,0.65,0.48,0,23.77,,,
NGC7529,G,0.80,0.73,65,22.85,Sbc,,
NGC7530,G,0.95,0.38,115,23.67,S0-a,,
NGC7531,G,4.11,1.72,17,23.09,SABb,,
NGC7532,G,1.32,0.42,161,24.08,S0-a,,
NGC7533,G,0.66,0.22,126,23.50,S0-a,,
NGC7534,G,0.99,0.52,6,22.54,IB,,
NGC7535,G,1.46,1.44,40,23.83,Scd,,
NGC7536,G,1.59,0.70,56,23.20,SBbc,,
NGC7537,G,1.84,0.48,74,22.92,Sbc,,
NGC7538,Cl+N,8.00,7.00,,,,,
NGC7539,G,1.16,0.95,151,22.90,S0,,
NGC7540,G,0.66,0.48,141,23.39,S0-a,,
NGC7541,G,3.03,1.00,102,22.75,SBc,,
NGC7542,G,0.95,0.65,112,24.17,S0,,
NGC7543,G,1.39,0.95,145,23.43,Sb,,
NGC7544,G,0.75,0.27,76,24.00,S0,,
NGC7545,G,1.28,0.78,84,22.74,Sb,,
NGC7546,G,0.66,0.53,12,23.50,SABb,,
NGC7547,G,1.06,0.44,104,23.21,Sa,,
NGC7548,G,1.06,0.88,22,23.32,S0,,
NGC7549,G,1.85,0.75,33,23.40,Sc,,
NGC7550,G,1.45,1.41,150,22.73,E-S0,,
NGC7551,G,0.62,0.47,155,,,,
NGC7552,G,3.88,3.58,95,22.82,Sab,,
NGC7553,G,0.69,0.52,150,23.71,E,,
NGC7554,G,0.98,0.73,159,24.68,E,,
NGC7556,G,2.15,1.34,104,26.04,E-S0,,
NGC7556,G,0.28,0.20,32,,,,
NGC7557,G,0.68,0.62,163,23.10,S0,,
NGC7558,G,0.89,0.71,65,24.35,S0-a,,
NGC7559,GPair,1.50,,,,,,
NGC7559,G,0.60,0.43,38,24.19,S0-a,,
NGC7559,G,1.29,1.17,66,23.50,E-S0,,
NGC7562,G,2.18,1.59,84,23.16,E,,
NGC7562,G,1.32,0.32,179,23.65,Sd,,
NGC7563,G,1.53,0.92,143,23.31,Sa,,
NGC7566,G,1.58,0.65,99,23.58,SBa,,
NGC7567,G,0.91,0.26,73,23.17,Sd,,
NGC7568,G,0.90,0.60,123,22.83,SBb,,
NGC7569,G,0.96,0.62,92,23.11,S0,,
NGC7570,G,1.58,0.80,29,23.37,Sa,,
NGC7571,G,1.20,0.91,133,24.06,S0,,
NGC7572,G,1.01,0.50,162,23.80,S0-a,,
NGC7573,G,1.24,0.90,33,23.69,SBc,,
NGC7575,G,0.77,0.40,107,23.06,S0-a,,
NGC7576,G,1.00,0.69,160,22.52,S0-a,,
NGC7577,G,0.38,0.27,65,,,,
NGC7578,GPair,2.00,,,,,,
NGC7578,G,0.69,0.59,166,22.75,S0,,
NGC7578,G,1.74,1.20,7,24.77,E,,
NGC7579,G,0.45,0.33,49,24.05,,,
NGC7580,G,0.79,0.65,41,22.33,Sb,,
NGC7582,G,6.95,3.18,156,23.83,SBab,,
NGC7583,G,0.91,0.91,75,23.74,S0-a,,
NGC7584,G,0.85,0.77,18,23.74,,,
NGC7585,G,2.55,1.92,95,23.19,S0-a,,
NGC7586,G,0.63,0.54,146,24.39,,,
NGC7587,G,1.12,0.27,124,23.12,SBab,,
NGC7588,G,0.46,0.21,101,23.00,S0-a,,
NGC7589,G,0.96,0.57,91,23.58,SABa,,
NGC7590,G,3.03,1.23,34,22.53,Sbc,,
NGC7591,G,1.61,0.72,147,23.05,SBbc,,
NGC7592,GTrpl,1.20,,,,,,
NGC7592,G,0.56,0.24,25,,,,
NGC7592,G,0.87,0.35,90,,Sb,,
NGC7592,G,0.22,0.15,56,,,,
NGC7593,G,1.04,0.60,103,22.57,Sb,,
NGC7594,G,1.29,0.72,23,23.48,Sb,,
NGC7595,G,0.70,0.60,125,,E,,
NGC7596,G,0.93,0.45,7,23.67,S0,,
NGC7598,G,0.30,0.30,90,22.02,E,,
NGC7599,G,4.81,1.58,55,23.29,SBc,,
NGC7600,G,2.09,0.99,62,23.20,E-S0,,
NGC7601,G,1.01,0.75,91,23.16,SABb,,
NGC7602,G,0.62,0.49,142,23.17,S0-a,,
NGC7603,G,1.20,0.63,163,22.77,Sb,,
NGC7604,G,0.42,0.26,102,22.09,,,
NGC7606,G,5.26,4.47,145,23.81,Sb,,
NGC7608,G,1.43,0.39,19,23.57,Sbc,,
NGC7609,GPair,1.10,,,,,,
NGC7609,G,1.17,0.87,88,24.10,E,,
NGC7609,G,0.74,0.34,26,23.61,Sm,,
NGC7610,G,2.17,0.90,79,23.22,SABc,,
NGC7611,G,1.70,0.79,139,23.35,S0-a,,
NGC7612,G,1.63,0.72,3,23.52,S0,,
NGC7615,G,0.83,0.29,143,22.77,Sb,,
NGC7617,G,0.94,0.63,20,23.47,S0,,
NGC7618,G,1.23,0.99,5,23.57,E,,
NGC7619,G,2.53,1.97,30,22.99,E,,
NGC7620,G,0.94,0.91,105,22.23,Sc,,
NGC7621,G,0.68,0.18,175,23.48,,,
NGC7622,G,1.35,0.43,61,23.80,E-S0,,
NGC7623,G,1.34,0.95,180,23.22,S0,,
NGC7624,G,1.30,0.88,31,22.79,SABc,,
NGC7625,G,1.48,1.43,35,22.51,Sa,,
NGC7626,G,2.50,2.10,21,23.04,E,,
NGC7627,G,1.47,0.46,138,24.14,Sa,,
NGC7628,G,1.36,1.09,123,23.38,E,,
NGC7629,G,0.94,0.61,179,23.60,S0,,
NGC7630,G,0.89,0.33,163,23.27,Sb,,
NGC7631,G,1.86,0.83,78,23.42,Sb,,
NGC7632,G,2.56,1.29,96,23.76,S0,,
NGC7633,G,2.20,1.34,85,23.98,S0-a,,
NGC7634,G,1.21,0.88,97,22.75,S0,,
NGC7635,HII,15.00,8.00,,,,,Bubble Nebula
NGC7636,G,1.03,0.42,31,23.61,S0,,
NGC7637,G,2.08,1.83,5,23.42,Sc,,
NGC7638,GPair,0.65,0.46,175,23.39,,,
NGC7639,G,0.74,0.55,141,24.05,E,,
NGC7640,G,8.09,1.67,167,23.61,Sc,,
NGC7642,G,0.49,0.45,65,22.04,Sa,,
NGC7643,G,1.47,0.81,44,23.33,Sab,,
NGC7645,G,1.58,1.08,1,23.20,SBc,,
NGC7646,G,0.97,0.54,135,22.19,SBc,,
NGC7647,G,1.81,0.91,176,24.10,E,,
NGC7648,G,1.56,0.98,84,23.44,S0,,
NGC7649,G,1.63,1.03,76,25.25,E,,
NGC7650,G,1.44,0.58,149,21.93,SBc,,
NGC7651,GPair,1.10,,,,,,
NGC7651,G,1.26,1.12,120,23.87,E,,
NGC7651,G,0.48,0.41,50,23.32,,,
NGC7652,G,1.20,0.77,92,23.45,Sa,,
NGC7653,G,1.62,1.40,172,23.11,Sb,,
NGC7654,OCl,9.90,,,,,052,
NGC7655,G,0.76,0.66,78,22.36,S0,,
NGC7656,G,0.97,0.33,34,23.20,S0,,
NGC7657,G,1.46,0.37,110,23.32,Sd,,
NGC7658,GPair,1.50,,,,,,
NGC7658,G,0.67,0.36,136,23.18,S0,,
NGC7658,G,1.00,0.38,128,23.58,S0-a,,
NGC7659,G,0.99,0.37,109,23.17,S0-a,,
NGC7660,G,1.94,0.66,26,23.98,E,,
NGC7661,G,1.84,1.18,26,23.76,SBc,,
NGC7662,PN,0.28,,,,,,Copeland's Blue Snowball
NGC7663,G,0.39,0.27,2,23.75,I,,
NGC7664,G,1.52,0.95,88,22.68,Sc,,
NGC7665,G,0.76,0.72,15,22.32,SBm,,
NGC7667,G,1.05,0.35,80,22.77,Sm,,
NGC7671,G,1.39,0.74,137,23.22,S0,,
NGC7672,G,0.85,0.64,60,22.92,Sb,,
NGC7673,G,1.04,0.43,123,21.31,Sc,,
NGC7674,G,1.12,1.01,165,22.88,SBbc,,
NGC7675,G,0.75,0.48,43,23.89,E-S0,,
NGC7676,G,2.07,0.65,86,23.78,E-S0,,
NGC7677,G,1.13,0.61,29,22.46,SABb,,
NGC7678,G,2.00,1.47,17,22.49,Sc,,
NGC7679,G,1.23,0.78,86,22.53,S0-a,,
NGC7680,G,1.67,1.67,45,23.53,E-S0,,
NGC7681,G,1.44,0.67,63,25.07,S0,,
NGC7682,G,1.15,1.07,160,23.00,Sab,,
NGC7683,G,1.97,0.94,140,23.78,S0,,
NGC7684,G,1.58,0.46,18,23.86,S0-a,,
NGC7685,G,1.67,1.21,174,23.54,SABc,,
NGC7686,OCl,3.60,,,,,,
NGC7687,G,1.09,0.94,88,23.78,S0,,
NGC7688,G,0.94,0.67,95,23.89,S0,,
NGC7689,G,3.10,1.97,141,22.95,SABc,,
NGC7690,G,2.16,0.85,130,22.70,Sb,,
NGC7691,G,1.67,1.35,161,23.70,Sbc,,
NGC7692,G,0.50,0.42,77,22.32,I,,
NGC7693,G,0.82,0.51,171,22.96,S0-a,,
NGC7694,G,1.37,0.75,92,22.87,I,,
NGC7695,G,0.56,0.33,68,23.18,S?,,
NGC7696,G,0.76,0.42,100,22.74,S0-a,,
NGC7697,G,1.68,0.37,86,23.16,Sb,,
NGC7698,G,1.05,0.84,171,23.50,S0,,
NGC7699,G,0.69,0.39,97,23.34,Sa,,
NGC7700,G,2.04,0.38,155,24.97,S0-a,,
NGC7701,G,1.24,0.83,8,23.50,S0-a,,
NGC7702,G,2.15,1.05,118,23.41,S0-a,,
NGC7703,G,2.24,0.42,145,24.97,S0,,
NGC7704,G,1.10,0.84,71,23.90,E-S0,,
NGC7705,G,0.58,0.42,105,23.05,S0,,
NGC7706,G,1.13,0.89,123,23.55,S0,,
NGC7707,G,1.35,1.01,20,23.94,E-S0,,
NGC7708,OCl,5.10,,,,,,
NGC7709,G,2.22,0.37,69,23.94,S0,,
NGC7710,G,1.18,0.52,134,23.80,S0,,
NGC7711,G,2.43,0.94,93,23.70,S0,,
NGC7712,G,0.90,0.71,109,22.28,Sc,,
NGC7713,G,4.91,2.13,170,22.97,Scd,,
NGC7713,G,1.59,1.26,81,22.73,Sc,,
NGC7714,G,2.18,1.58,8,23.18,Sb,,
NGC7715,G,2.06,0.39,79,23.55,I,,
NGC7716,G,1.83,1.27,34,22.75,Sb,,
NGC7717,G,1.71,1.33,5,23.72,S0-a,,
NGC7718,G,1.03,0.75,153,23.72,Sab,,
NGC7719,G,0.90,0.51,51,23.24,Sab,,
NGC7720,GPair,1.20,,,,,,
NGC7720,G,1.51,1.26,25,23.21,E,,
NGC7720,G,0.68,0.66,,,E,,
NGC7721,G,3.08,0.77,16,22.33,Sc,,
NGC7722,G,2.11,1.60,148,23.70,S0-a,,
NGC7723,G,3.29,2.32,55,23.00,SBb,,
NGC7724,G,1.47,1.00,45,23.02,SBb,,
NGC7725,G,0.86,0.74,96,23.16,S0,,
NGC7726,G,1.36,0.56,64,23.83,Sb,,
NGC7727,G,3.61,2.75,27,22.97,SABa,,
NGC7728,G,1.42,1.14,78,23.69,E,,
NGC7729,G,1.69,0.57,7,23.83,SABa,,
NGC7730,G,0.76,0.29,135,22.53,SBbc,,
NGC7731,G,1.05,0.77,79,22.97,SBa,,
NGC7732,G,1.49,0.47,92,22.96,Scd,,
NGC7733,G,1.26,0.60,104,23.01,SBb,,
NGC7734,G,1.40,1.00,144,23.10,SBb,,
NGC7735,G,1.39,1.09,86,24.30,E,,
NGC7736,G,1.66,1.50,77,23.71,S0,,
NGC7737,G,1.09,0.46,146,23.50,S0-a,,
NGC7738,G,1.19,0.59,55,22.95,Sb,,
NGC7739,G,0.76,0.66,92,23.33,E,,
NGC7740,G,1.08,0.68,140,23.79,S0,,
NGC7741,G,3.63,2.38,158,23.00,SBc,,
NGC7742,G,1.71,1.64,15,22.16,Sb,,
NGC7743,G,2.61,2.18,86,23.22,S0-a,,
NGC7744,G,2.48,2.11,109,23.52,E-S0,,
NGC7745,G,0.68,0.68,170,24.55,,,
NGC7746,G,1.16,0.84,164,23.49,S0,,
NGC7747,G,1.41,0.54,38,23.33,SBb,,
NGC7749,G,1.75,1.17,33,23.99,S0,,
NGC7750,G,1.50,0.73,175,22.51,SBc,,
NGC7751,G,1.48,1.45,115,23.60,E,,
NGC7752,G,0.92,0.46,106,22.99,S?,,
NGC7753,G,2.01,0.54,61,22.64,SABb,,
NGC7754,G,0.65,0.32,132,,Sa,,
NGC7755,G,3.70,2.27,27,23.63,Sc,,
NGC7757,G,1.83,1.34,108,23.06,SABc,,
NGC7758,G,0.77,0.52,108,23.61,E-S0,,
NGC7759,G,1.53,1.11,103,23.61,S0,,
NGC7760,G,1.14,1.05,0,23.80,E,,
NGC7761,G,1.23,1.08,68,23.27,S0,,
NGC7762,OCl,6.50,,,,,,
NGC7763,G,0.73,0.39,161,23.26,E-S0,,
NGC7764,G,1.95,1.45,146,22.56,SBm,,
NGC7764,G,0.74,0.46,77,23.04,Sc,,
NGC7765,G,0.69,0.54,113,23.63,,,
NGC7766,G,0.87,0.24,31,24.70,,,
NGC7767,G,1.10,0.25,141,23.17,S0-a,,
NGC7768,G,1.48,0.95,57,22.98,E,,
NGC7769,G,1.75,0.67,85,21.79,Sb,,
NGC7770,G,0.97,0.85,105,23.06,S0-a,,
NGC7771,G,2.51,1.24,68,23.34,Sa,,
NGC7773,G,1.10,0.99,50,23.33,Sbc,,
NGC7774,GPair,1.20,,,,,,
NGC7774,G,1.32,1.20,105,23.93,E,,
NGC7774,G,0.91,0.74,,,E-S0,,
NGC7775,G,0.99,0.83,28,22.64,SABc,,
NGC7776,G,1.00,0.43,154,23.21,Sa,,
NGC7777,G,1.26,0.66,48,23.68,S0,,
NGC7778,G,1.02,0.98,55,22.65,E,,
NGC7779,G,1.49,1.07,5,23.17,S0-a,,
NGC7780,G,0.99,0.54,0,23.17,SABa,,
NGC7781,G,1.07,0.25,10,23.59,S0-a,,
NGC7782,G,2.43,1.41,175,23.37,Sb,,
NGC7783,GPair,1.90,,,,,,
NGC7783,G,1.55,0.72,109,23.67,S0,,
NGC7783,G,0.83,0.51,153,23.33,E-S0,,
NGC7784,G,0.73,0.58,114,23.65,E,,
NGC7785,G,1.95,1.09,142,22.93,E,,
NGC7786,G,0.56,0.35,7,21.49,E,,
NGC7787,G,1.09,0.43,95,23.99,S0-a,,
NGC7788,OCl,2.40,,,,,,
NGC7789,OCl,14.40,,,,,,
NGC7790,OCl,3.60,,,,,,
NGC7792,G,0.77,0.77,95,23.03,S0-a,,
NGC7793,G,10.42,6.05,89,23.05,Scd,,
NGC7794,G,1.17,0.72,10,22.51,Sc,,
NGC7795,OCl,2.22,,,,,,
NGC7796,G,2.73,2.38,178,23.49,E,,
NGC7797,G,0.90,0.84,35,23.29,Sbc,,
NGC7798,G,1.45,1.33,100,22.42,SBc,,
NGC7800,G,1.74,0.72,45,22.65,IB,,
NGC7801,OCl,4.20,,,,,,
NGC7802,G,1.18,0.80,53,23.77,S0,,
NGC7803,G,0.86,0.51,80,22.35,S0-a,,
NGC7805,G,1.42,0.69,47,23.65,S0,,
NGC7806,G,1.21,0.65,20,22.99,SABb,,
NGC7807,G,0.73,0.60,35,23.51,SBab,,
NGC7808,G,1.08,1.00,60,23.41,S0,,
NGC7809,G,0.45,0.38,65,21.96,I,,
NGC7810,G,0.96,0.64,78,22.91,S0,,
NGC7811,G,0.39,0.37,130,21.53,I,,
NGC7812,G,1.10,0.73,112,22.65,SABb,,
NGC7813,G,0.81,0.26,158,22.52,Sb,,
NGC7814,G,4.37,1.88,135,23.03,Sab,,
NGC7816,G,1.64,1.53,105,23.69,Sbc,,
NGC7817,G,3.29,0.73,46,23.00,Sbc,,
NGC7818,G,0.93,0.80,162,23.56,Sc,,
NGC7819,G,1.44,0.79,97,23.37,Sb,,
NGC7820,G,1.54,0.60,167,23.27,S0-a,,
NGC7821,G,1.14,0.38,116,22.62,SABc,,
NGC7822,HII,20.00,4.00,,,,,
NGC7823,G,1.13,0.70,30,22.30,SBbc,,
NGC7824,G,1.59,1.04,151,23.86,Sab,,
NGC7825,G,0.95,0.37,134,23.76,Sa,,
NGC7827,G,1.29,1.18,40,23.84,S0,,
NGC7828,G,2.07,0.82,137,23.89,Sd,,
NGC7829,G,2.07,0.82,110,24.82,S0-a,,
NGC7831,G,1.80,0.39,40,22.59,Sb,,
NGC7832,G,1.68,0.38,23,23.68,E,,
NGC7834,G,0.93,0.83,16,23.94,Sc,,
NGC7835,G,0.56,0.24,150,,Sb,,
NGC7836,G,0.90,0.39,133,22.80,E?,,
NGC7837,G,0.67,0.38,169,24.01,Sb,,
NGC7838,G,1.30,0.57,93,24.37,S0-a,,
NGC7840,G,0.68,0.46,127,24.36,,,
